Fund,APIR Code,const,Global Duration,Global Credit,Global High Yield,Currency,EM Debt,Classification,Classification #2,Tracking Error,Number of Months with Data,Fund
Daintree Core Income Fund,ECOR,2.4865909277611307,1.3857475536697657,-0.5214128189364853,2.258434447118778,-0.6949929119985444,0.3240978937006909,Alpha,nan,0.03921003079252177,57,Daintree Core Income Fund
BetaShares Sstby Ldrs Dvrs Bd ETF Ccy Hd,GBND,-0.4947512258051527,5.78162468688414,2.51011769178972,0.2594840026222022,-2.057814422792454,-0.017958737794790847,Global Duration,nan,0.038429982786679424,57,BetaShares Sstby Ldrs Dvrs Bd ETF Ccy Hd
VanEck Emerging Income Opps Actv ETF,EBND,1.6254482270690667,-1.0659158824177675,-1.447040086487052,1.4641955280264607,3.791236331917604,5.90365372940302,Alpha,nan,0.09020653940980491,54,VanEck Emerging Income Opps Actv ETF
iShares JP Morgan USD EmMkts Bd AUDH ETF,IHEB,4.064149476318839,-0.8544020082410714,-0.7459836725884995,-0.6923548120011808,20.14993978733558,21.929610265099146,Alpha,nan,0.07176850495270373,104,iShares JP Morgan USD EmMkts Bd AUDH ETF
Global X USD High Yld Bond (Ccy Hdg) ETF,USHY,-2.129407956407646,6.169790934324607,0.994356268411859,5.463446315570699,-2.974336916978138,-2.458160334312867,Global Duration,Global High Yield,0.03702083539815097,25,Global X USD High Yld Bond (Ccy Hdg) ETF
iShares Global High Yield Bond AUDH ETF,IHHY,-0.6190779670996981,4.556340465402783,1.0115441294756597,6.474792058935749,0.21169899497868624,0.301786849310974,Global High Yield,Global Duration,0.05709301965098395,104,iShares Global High Yield Bond AUDH ETF
iShares Global Aggregate Bd ESG AUDH ETF,AESG,0.5959325689959597,3.1372350021911504,2.223695553342807,-0.6366991910115477,-0.1576846614611748,0.361174439886647,Global Duration,nan,0.01816303017773311,24,iShares Global Aggregate Bd ESG AUDH ETF
Global X US Treasury Bond (Ccy Hdg) ETF,USTB,2.0606053606303982,0.2198513479785864,0.5107017334224545,-2.445484872465956,1.9164791054852863,1.3282057199626258,Alpha,nan,0.03625762835478215,25,Global X US Treasury Bond (Ccy Hdg) ETF
BetaShares U.S. Trs Bd 20+Yr ETF Ccy H,GGOV,0.8465880520092463,1.8830599531336552,1.6955672902423098,-3.755966356746347,2.0188325519885884,2.6611707145483807,Alpha,nan,0.11350079062777624,51,BetaShares U.S. Trs Bd 20+Yr ETF Ccy H
Vanguard Etclly Cons Gbl Aggt Bd H ETF,VEFI,1.6668418856744605,6.755448058983196,4.695272026293921,-3.266185488282882,0.43616963036120165,2.198642814896723,Global Duration,Global Credit,0.025573343625706232,71,Vanguard Etclly Cons Gbl Aggt Bd H ETF
Vanguard Global Aggregate Bd Hdg ETF,VBND,2.6301279130759347,6.635908257582937,5.157782148488127,-4.569892077218014,2.0240180316279366,4.034866091397228,Global Duration,Global Credit,0.02406532550945645,82,Vanguard Global Aggregate Bd Hdg ETF
Vanguard Intl Fxd Intr (Hdg) ETF,VIF,3.8983150364975643,5.251787872726499,3.196480274435167,-5.322841596111585,2.165771055883233,4.777552380048054,Global Duration,Global Credit,0.029162381712763426,104,Vanguard Intl Fxd Intr (Hdg) ETF
GAM Emerging Market Rates AU I,ETL915AU,-1.0654462111317207,0.793904809902772,0.11073472819547883,0.11704775020979137,0.11423241972578603,0.6127067393330975,Alpha,nan,0.04014096449637112,33,GAM Emerging Market Rates AU I
Finisterre EMD Total Return,DAM2311AU,1.459229305434241,0.009174935733085776,-1.453584134684917,2.3159304686271116,2.9107212275568854,3.601986184535955,Alpha,nan,0.05324387815479731,37,Finisterre EMD Total Return
Colchester Emerging Markets Bond Fund I,ETL365AU,0.8020562556932478,0.9836685506672252,-3.1797313783794374,2.93633471336288,-0.2501918280557534,3.103915193027053,Global High Yield,nan,0.08978887021464879,80,Colchester Emerging Markets Bond Fund I
Lazard Emerging Markets Total Ret Debt,LAZ23AU,0.8270414678822207,2.032083716777338,-1.2970338836114397,2.2884389288576013,7.106656538850268,7.105596113378259,Alpha,nan,0.048475876624907877,137,Lazard Emerging Markets Total Ret Debt
Mercer Emerging Markets Debt,MIN82AU,-0.5451630236979366,2.698408449407295,-2.0051832767495594,3.5561428980545715,-0.37235470305534835,4.429322018968986,Global High Yield,Global Duration,0.07970253392510003,149,Mercer Emerging Markets Debt
Bentham Professional Syndicated Loan,CSA48AU,1.9155618343331298,-0.4091995633037575,-0.5395318886783025,10.360553628703155,0.1044399530783294,1.030340811964921,Global High Yield,nan,0.07114280141119851,234,Bentham Professional Syndicated Loan
Invesco WS Senior Secured Income,CNA85AU,2.1811728045574803,-0.5979093767987581,1.9346468065990612,1.8289395911301962,1.6422781439513254,2.7543849599170125,Alpha,nan,0.052245992799999315,244,Invesco WS Senior Secured Income
Bentham Wholesale High Yield,CSA12AU,2.9319667962628504,2.740400316781499,-1.4859717965993593,12.507375268566909,2.3587101837406084,3.65948203784142,Global High Yield,Global Duration,0.07032295702920713,244,Bentham Wholesale High Yield
Bentham Syndicated Loan,CSA46AU,2.0085781389107575,-0.49727996206986624,-0.6314612860480456,10.41596605242623,0.20877479951812353,1.2097058985978582,Global High Yield,nan,0.07071429270223689,240,Bentham Syndicated Loan
ICG Global Total Credit Australia Fund,PIM8813AU,-0.7836908963898138,0.0023855501462234133,0.6588838263182061,1.2736562527945479,0.9582413734342335,1.1623409160090754,Alpha,nan,0.05744383842648411,28,ICG Global Total Credit Australia Fund
PineBridge Global High Yield Bond I,PER6444AU,-1.6365332626807987,6.041880737763937,2.243102206678437,5.698182782189158,-2.175276580763561,-1.3787981228304302,Global Duration,Global High Yield,0.033744259205093524,24,PineBridge Global High Yield Bond I
Apostle Ethical Global Credit,KAM2611AU,-0.9373730870918042,4.9674090346165825,2.758952903501971,4.039147668682824,-2.113453435018857,-1.6131021906300258,Global Duration,Global High Yield,0.022433223935065114,24,Apostle Ethical Global Credit
T. Rowe Price Global High Income S,ETL8226AU,-2.0040665889420546,6.36909145578843,0.8262617236094351,9.735700157233264,-1.2260020356942956,-0.1273299311353497,Global High Yield,Global Duration,0.048854619885153897,51,T. Rowe Price Global High Income S
T. Rowe Price Global High Income I,ETL793AU,-2.015635003129121,6.434690610784483,0.7626938445808064,9.831077149890268,-1.2662897492608751,-0.16507421932803681,Global High Yield,Global Duration,0.050191483997345535,51,T. Rowe Price Global High Income I
Capital Group Global High Inc Opps H,CIM3839AU,1.9275266810112166,4.060350426473522,-2.999478574670421,7.622097472369821,6.791613349645345,6.646195809666068,Global High Yield,EM Debt,0.064878853168484,70,Capital Group Global High Inc Opps H
PIMCO Capital Securities Wholesale,ETL445AU,-0.4286245078816145,1.8163122723175926,2.712829810840642,3.2608073204147128,1.6116816891707297,1.840165053886199,Global High Yield,Global Credit,0.07622167980526214,108,PIMCO Capital Securities Wholesale
Loomis Sayles Senior Floating Rate Loan,IAM6AU,-0.37291412935472906,-0.7108849510053916,0.11142244897847567,7.080062905991745,0.5474674459783596,1.5652116803328258,Global High Yield,nan,0.07578588194430524,201,Loomis Sayles Senior Floating Rate Loan
Antipodes Asia Income Fund,MAQ782AU,1.7568504389362452,0.15984602772715692,-0.1585605475222175,1.4631368706248322,2.117408349710088,3.3733561763202875,Alpha,nan,0.07367143625277968,156,Antipodes Asia Income Fund
MLC MKUT/MKIS - Diversified Debt,MLC855AU,3.2651447190998217,4.930845904315044,-0.4279405898374652,0.29226070931447107,4.68580172077826,10.111035968467068,Global Duration,nan,0.03206701435620018,194,MLC MKUT/MKIS - Diversified Debt
MLC MultiActive Diversified Fixed Income,IOF96AU,9.184239485758066,6.567678995461092,3.342327639234629,-2.452409245113252,3.607346355157029,8.679244211754755,Global Duration,Global Credit,0.029409832134480726,196,MLC MultiActive Diversified Fixed Income
MLC Wholesale Diversified Debt Fund,MLC839AU,5.6433629548741475,4.853805282874477,-0.38993704898631193,0.09877964865806124,4.825832902079732,10.136644166394179,Global Duration,nan,0.032020943677860014,196,MLC Wholesale Diversified Debt Fund
Perpetual Select Fixed Income Fund,PER252AU,1.6275971678750034,4.044258444170249,-0.04739064150635709,-0.8825267260833496,0.7235786882236485,4.847214242730309,Global Duration,nan,0.041771477928663495,225,Perpetual Select Fixed Income Fund
MLC Wholesale Horizon 1 - Bond,MLC669AU,12.561360395838879,1.9095885397605017,-1.4092986604516504,2.6140506404415373,3.3951072902592885,6.5041517268828875,Alpha,Global High Yield,0.03438194150852735,224,MLC Wholesale Horizon 1 - Bond
BT WE BT Macquarie Diversified Fixed Int,WFS379AU,4.6296278540831715,5.872166253709764,0.7333357789682391,-0.3396261207056652,2.733858220968109,7.137336529719266,Global Duration,nan,0.03580124067392253,236,BT WE BT Macquarie Diversified Fixed Int
CFS Macquarie Dynamic Bond,FSF39AU,4.05515249395748,6.165620960610276,1.1000347611157408,1.830852888917113,0.20806385864585958,4.482764954740318,Global Duration,nan,0.03798162617399168,244,CFS Macquarie Dynamic Bond
Specialist Diversified Fixed Interest,MMC12AU,2.728356860162811,1.8565030608851365,1.5418241635397303,-0.3707229163756183,3.7363866648359867,5.789420104374688,Alpha,nan,0.03797386541047991,244,Specialist Diversified Fixed Interest
CFS Fixed Interest,FSF488AU,8.024600575548028,8.15871050212385,3.5249808986014664,-2.5958466688232105,3.8857439194984438,10.121385943652427,Global Duration,Global Credit,0.03302549376705402,244,CFS Fixed Interest
Experts' Choice Diversified Fixed Inc,HLR1AU,7.041860639872391,5.820398339995077,0.9025546653339626,-0.7601879631931501,2.428011047747807,6.734946862180682,Global Duration,nan,0.036125522255402866,244,Experts' Choice Diversified Fixed Inc
Macquarie Dynamic Bond,MAQ274AU,6.312911584293214,6.435697196247726,1.588753436710302,-0.7137596870834444,2.563106959106816,7.2184559383729985,Global Duration,nan,0.0356918748099725,244,Macquarie Dynamic Bond
UBS Diversified Fixed Inc Retail H,SBC7AU,7.5252480215309525,7.372393100673194,2.7829340959420623,-4.180620098697162,1.736165495660406,6.54613327462087,Global Duration,Global Credit,0.039518026180227116,244,UBS Diversified Fixed Inc Retail H
PIMCO Diversified Fixed Interest Fund,ETL116AU,8.092592664355372,7.89911549432402,3.584353461788803,-1.9426777163354443,2.6341331241814547,7.389386765467969,Global Duration,Global Credit,0.03287694229723282,244,PIMCO Diversified Fixed Interest Fund
PIMCO Diversified Fixed Interest W,ETL16AU,8.017323865648992,7.977057222607662,3.611200347986278,-1.9437456896592205,2.5728943442733536,7.377301312346694,Global Duration,Global Credit,0.03286728110703612,244,PIMCO Diversified Fixed Interest W
Fiducian Fixed Income,FDN553AU,4.306674960831817,5.3715464698435476,0.9774028635219199,-1.588281765726928,1.233047998070037,4.771434143781057,Global Duration,nan,0.029098072043542183,146,Fiducian Fixed Income
Morningstar Multi-Asset Defensive A,INT9156AU,3.1373284537966355,3.7330681972205975,0.26196711523500615,1.007688095019542,1.317724012867438,2.886966317500876,Global Duration,nan,0.01791234419432739,43,Morningstar Multi-Asset Defensive A
Strategic Sustainable Global Bond,NAB399AU,-0.057461514984067576,6.777716322305964,4.166698965868694,0.4585826238333182,-1.8708708940888088,-0.6345726161107813,Global Duration,Global Credit,0.040464411362008575,38,Strategic Sustainable Global Bond
Macquarie Dynamic Bond No.1 W,MAQ3897AU,0.6397148152990566,6.84187642602351,2.7191175789937874,1.8657650576649099,-2.5372362154067827,-0.9650093180600673,Global Duration,Global Credit,0.025796373252568054,44,Macquarie Dynamic Bond No.1 W
PIMCO WS Plus Diversified Fixed Interest,BTA499AU,2.9984533994575986,5.149922425481356,2.0488551276726272,-1.4099855001187342,1.7640248911400407,4.86969971341945,Global Duration,nan,0.025551005862041343,112,PIMCO WS Plus Diversified Fixed Interest
Specialist Diversified Fixed Income,AMP1992AU,2.683452679184343,4.697968907914911,1.8431486927123513,-1.481014774196398,1.1745260219772973,4.547905540332915,Global Duration,nan,0.029336247066792633,121,Specialist Diversified Fixed Income
AMP FLI S2-Specialist Divers FixedIncome,AMP1991AU,1.4808473659218138,4.670895784635263,1.922287771390593,-1.4736386562935273,1.0834370594866198,4.400266274166549,Global Duration,nan,0.02951643961303172,121,AMP FLI S2-Specialist Divers FixedIncome
Implemented Fixed Income Portfolio,PER71AU,3.9549982186159793,4.423619922760348,1.5050176510193316,-0.8337526656480312,2.0003624422635973,4.415513457039442,Global Duration,nan,0.02357831294811549,128,Implemented Fixed Income Portfolio
CFML Fixed Interest,NRM3AU,3.2723080281688786,4.774331984886881,1.6857119232813471,-0.8046578575280774,0.7312030774132824,4.849938213106276,Global Duration,nan,0.03019520858035905,152,CFML Fixed Interest
Strategic Fixed Interest,DFA15AU,8.345864642999533,1.8763136727993655,3.7210946458463883,-2.807148621449149,1.964051052904148,3.2321697282508066,Global Credit,nan,0.029661716531250604,155,Strategic Fixed Interest
Vanguard Diversified Bond Index,VAN42AU,6.267881212860852,7.323242374109748,4.617846162026189,-5.681371732740602,2.9654777394732452,7.553897214460219,Global Duration,Global Credit,0.02895602913426427,159,Vanguard Diversified Bond Index
Macquarie Global Income Opportunities Fd,MAQ324AU,5.702889115812858,4.196382085486406,4.571893230469665,1.0593162271692644,0.12606184635797016,1.924732470261183,Global Credit,Global Duration,0.036045857120475616,244,Macquarie Global Income Opportunities Fd
Vanguard International Crdt Secs Idx Hdg,VAN16AU,8.576785161560478,8.31016013279307,8.51095815687288,-7.204762056448234,6.409593841570683,10.875315769557725,Global Credit,Global Duration,0.03193384499389926,244,Vanguard International Crdt Secs Idx Hdg
Principal Global Credit Opportunities,PGI1AU,0.6020730139970595,4.337425338483107,1.5428839578850353,4.4388140214383816,-0.010510616926615831,0.7419351079356188,Global High Yield,Global Duration,0.059957549091147894,243,Principal Global Credit Opportunities
UBS Global Credit Fund,UBS13AU,4.417004147527259,8.220412386083437,8.361113968689335,-3.0064907347668206,3.74953758690443,6.729925113406147,Global Credit,Global Duration,0.035431680520805524,244,UBS Global Credit Fund
CFS Janus Henderson Diversified Credit,FSF84AU,5.03005585090775,1.8146583446299955,2.5689282048027526,11.253157427593496,0.8702400960124029,1.1738221852378825,Global High Yield,nan,0.04092540376837769,244,CFS Janus Henderson Diversified Credit
PIMCO Global Credit Fund,ETL114AU,9.0104828220141,7.810654320578972,4.141758204203393,-2.4295667273577153,5.084004944576445,8.868810606890053,Global Duration,Global Credit,0.03036165094853895,244,PIMCO Global Credit Fund
PIMCO Global Credit W,ETL19AU,8.939419698299442,7.813358169805233,4.1314314252487225,-2.410159345878266,5.087364558076341,8.856555312641877,Global Duration,Global Credit,0.030337636147663133,244,PIMCO Global Credit W
Robeco SDG Credit Income (AUD Hdg) C,ETL6785AU,1.069907478745712,2.289106154533617,2.0008847790509687,-0.0012044249064160715,0.9738455480449776,0.8857610179259555,Alpha,nan,0.03906864481255851,26,Robeco SDG Credit Income (AUD Hdg) C
Challenger IM Credit Income A,HOW813AU,8.228092127348324,3.330990606346587,0.6521679174772312,4.987132707006793,-1.981902723306776,-1.109325513741361,Global High Yield,Global Duration,0.03688502755924544,46,Challenger IM Credit Income A
Robeco SDG Credit Income (AUD Hdg) B,ETL771AU,0.9805542290630251,4.517855647869581,2.9395038992612785,1.4803109827409182,0.4020080589574321,0.6471462782710633,Global Duration,Global Credit,0.03510522993453568,44,Robeco SDG Credit Income (AUD Hdg) B
Robeco SDG Credit Income (AUD Hdg) A,ETL6171AU,1.0257762246477693,4.562424460557318,2.8864183584753365,1.5573499554800982,0.3583886395277719,0.5984028075162493,Global Duration,Global Credit,0.035155557001548945,44,Robeco SDG Credit Income (AUD Hdg) A
Challenger IM Credit Income P,HOW829AU,4.5343127784562,1.9022796252125638,1.3698974053753978,3.6374531198457327,-0.9906909085909179,0.27116226620999456,Global High Yield,nan,0.036784203456765176,58,Challenger IM Credit Income P
Vanguard Active Global Credit Bond,VAN3932AU,1.2523988397759758,10.771483980495665,9.30549962736837,-0.4481930468698184,-1.335471569562791,-0.1997517814787117,Global Duration,Global Credit,0.0347236635570026,57,Vanguard Active Global Credit Bond
BlackRock Fixed Inc Glb Oppos (Aust) E,BLK1AU,-1.1641796735663739,1.6100990040239411,1.188270424511697,1.3759751161558225,0.21140659344520987,0.26677823780080195,Alpha,nan,0.048550779863508114,102,BlackRock Fixed Inc Glb Oppos (Aust) E
Schroder Global Corporate Bond Fund - IC,SCH77AU,3.2032555912563603,6.928156340918308,8.324833548739154,-2.0960808586141866,3.8586760156944218,5.710678499852949,Global Credit,Global Duration,0.03845931665814776,145,Schroder Global Corporate Bond Fund - IC
Schroder Australian Hi Yielding Crdt -IC,SCH5AU,3.6571573019484767,2.3766695091917964,1.2858927086795144,8.007231732712246,-1.602249947838869,-0.6253318807496971,Global High Yield,nan,0.04808609578680415,244,Schroder Australian Hi Yielding Crdt -IC
Challenger IM Credit Income I,HOW55AU,7.015507391839018,0.9110814365684582,0.2353910373251983,3.993087752729509,0.24056860901393304,1.3191990036191128,Global High Yield,nan,0.03472911654801736,82,Challenger IM Credit Income I
Bentham Asset Backed Securities I,HOW2852AU,1.804713466913838,1.4307235841859334,0.11401453484971476,2.1204910653006745,0.9343725377218723,1.7767183796306172,Alpha,nan,0.03584529817349928,93,Bentham Asset Backed Securities I
BlackRock Fixed Income Global Opps Cl D,BLK3AU,1.5490865503180014,3.0292006764683377,3.736048786610431,1.764177836686052,2.0060949861252997,2.3314953397768474,Global Credit,Global Duration,0.027987423891381043,120,BlackRock Fixed Income Global Opps Cl D
Mercer Global Credit Fund,MIN32AU,5.403069487637318,6.2093095574487,7.963645811534681,-4.362261235732173,5.915483366455659,8.895767385730412,Global Credit,Global Duration,0.030242710605752062,174,Mercer Global Credit Fund
Mercer Global Sovereign Bond Class 1,MIN28AU,5.130962651473172,2.5385614960295526,1.9378671058489085,-3.4955057821531885,2.9507370857529067,5.670073615307111,Alpha,nan,0.04770988805137978,205,Mercer Global Sovereign Bond Class 1
Brandywine Glb Oppc Fxd Inc A,SSB14AU,3.3759785108474745,1.2840435130825505,1.733129270378894,-1.909322624187659,5.8716812757187915,6.26787716853897,Alpha,nan,0.05206175486186893,160,Brandywine Glb Oppc Fxd Inc A
Russell International Bond $A Hedged A,RIM7AU,5.682142298011777,4.463063575198214,3.5593677827599883,-2.216479806863934,4.370378034991927,7.453463758022216,Global Duration,Global Credit,0.03652660836950575,244,Russell International Bond $A Hedged A
Mercer Indexed International Fixed Int,ADV58AU,10.891770555298327,7.954049888958516,4.42419333800217,-7.6325139475078565,5.461399901250325,10.124863366605933,Global Duration,Global Credit,0.031166303803481874,207,Mercer Indexed International Fixed Int
Dimensional 2-Yr Sustainability F/I AUD,DFA2AU,14.918205051738315,2.609185108451494,-0.2980999643020515,-1.3996331584396986,2.4132631735920236,3.900459425435966,Global Duration,nan,0.03598171402541045,224,Dimensional 2-Yr Sustainability F/I AUD
Dimensional Five-Year Diversified F/I,DFA18AU,10.055524437368698,4.333748198403959,3.040515367011878,-4.056586333793085,2.7223652525150914,5.2154225362019,Global Duration,Global Credit,0.03534269371436553,244,Dimensional Five-Year Diversified F/I
Macquarie True Index Global Bond,MAQ267AU,0.46163391476000504,1.811309000629324,-0.006879275191772571,-1.1265142444924428,-0.9004180237066778,0.8577606626187873,Alpha,nan,0.09688467358750318,187,Macquarie True Index Global Bond
Vanguard International Fxd Intr Idx Hdg,VAN13AU,10.981730028373473,7.094840783574429,3.5531012140045575,-9.364341739924093,5.605221731201842,10.146765639684018,Global Duration,Global Credit,0.03860725729615547,244,Vanguard International Fxd Intr Idx Hdg
CFS Wholesale Indexed Global Bond,CFM46AU,10.736819730260015,7.913427006630041,3.683588404207042,-8.705031440942498,4.890245801468175,9.49571277983429,Global Duration,Global Credit,0.03789934251992225,244,CFS Wholesale Indexed Global Bond
AMP Gen-BlackRock Intl Fix Int Ind,NML576AU,8.8751153687425,9.058745400242623,5.199176543032319,-7.676432084685149,5.087321481517194,9.753451039903272,Global Duration,Global Credit,0.03329190236456951,240,AMP Gen-BlackRock Intl Fix Int Ind
Advance Int Fix Intr Multi-Blend W,ADV67AU,9.250354936407044,7.182018666215846,4.005377403703172,-3.96720795791437,5.407036653379199,9.343962571091447,Global Duration,Global Credit,0.029076496333152867,244,Advance Int Fix Intr Multi-Blend W
State Street Global Fixed Income Idx Tr,SST9AU,5.639169018488496,5.824439974733933,2.1822846053978378,-5.088334718857347,1.8314018336421847,4.916058108204811,Global Duration,nan,0.04673296649078072,244,State Street Global Fixed Income Idx Tr
Macquarie Hedged Index Global Bond Fund,MAQ266AU,11.610320445796843,7.926898174032039,3.536858410480369,-9.522759641994432,5.044454239268527,9.52886574436279,Global Duration,Global Credit,0.03933412527425301,244,Macquarie Hedged Index Global Bond Fund
UBS International Bond Fund,SBC819AU,7.649729096707154,8.785622977329913,6.7197111386083295,-5.510175546868166,4.656636238658529,8.823138586640068,Global Duration,Global Credit,0.02959000928575717,244,UBS International Bond Fund
PIMCO Global Bond Institutional,ETL112AU,3.2468035555163164,3.2730919943236265,3.0929450896298696,-1.4794265174798036,1.2060095200216128,1.7875006922996939,Global Duration,Global Credit,0.06148696320738661,244,PIMCO Global Bond Institutional
PIMCO Global Bond W,ETL18AU,7.569521439443385,7.9517589560415125,6.220754031158002,-2.371070599827324,4.002612619798937,6.686701790307317,Global Duration,Global Credit,0.03051543243163802,244,PIMCO Global Bond W
Loomis Sayles Global Credit,FSF1769AU,0.6686940795207997,3.9171672304823244,4.149369569595482,-1.942916180891331,1.880574425438928,2.8241481218500732,Global Credit,Global Duration,0.03718500254465108,100,Loomis Sayles Global Credit
MFS Global Opportunistic Fixed Inc Tr I,ETL738AU,-0.33213496908538925,4.410140396953294,1.0639351071443202,1.2895896768671815,-0.04857354364158658,0.4041677350828594,Global Duration,nan,0.035472097825559865,57,MFS Global Opportunistic Fixed Inc Tr I
Colchester Global Green Bond I,ETL65AU,-1.2623553769966533,3.5630051531788514,1.7208150184321918,1.0201846494508695,-1.1208183716871312,0.00045200490241771823,Global Duration,nan,0.04648010658367495,26,Colchester Global Green Bond I
Ardea Diversified Bond A,HOW8543AU,1.1288329997381876,3.951980705850501,0.960567370440681,-0.012005992732920807,-2.618311845959256,-0.20511061634917974,Global Duration,nan,0.05585482545064289,66,Ardea Diversified Bond A
PIMCO ESG Global Bond - Institutional,PIC9673AU,2.1039898721486976,6.602315617414972,3.439118541708922,-1.7888539560978896,1.9474184021472951,3.6939907473163225,Global Duration,Global Credit,0.018872306553378692,89,PIMCO ESG Global Bond - Institutional
AXA IM Global Green Bond Fund,ETL91AU,-1.8944796136968896,3.6637326258642364,3.0194191961473,1.3391528620343516,-0.7410048104135538,0.5378338698573525,Global Duration,Global Credit,0.044143943025340644,28,AXA IM Global Green Bond Fund
JPMorgan Global Bond T,PER3899AU,0.5627625335385459,3.268103055150252,1.4227177257742372,0.1490095810634442,-0.32208544824867286,0.30095045711837043,Global Duration,nan,0.022941450607395036,26,JPMorgan Global Bond T
JPMorgan Global Bond A,PER6912AU,0.4376070296939228,3.2631284035680173,1.4234373219934218,0.1492331108126627,-0.3168662617014384,0.31162026568612394,Global Duration,nan,0.022973467307857553,26,JPMorgan Global Bond A
Colchester Global Government Bond R,ETL2648AU,1.3833443523000284,2.0904834064154945,0.004161301859653007,-1.284116223255447,1.0559329579140673,1.5690934633597002,Alpha,nan,0.02690043703197753,29,Colchester Global Government Bond R
iShares ESG Screened Global Bond Index S,BLK414AU,0.32398985415030296,6.045561618272852,3.4603271138674794,-0.17667849308472047,-1.4529853938457684,-0.358522338154295,Global Duration,Global Credit,0.021280963084645027,33,iShares ESG Screened Global Bond Index S
Western Asset Global Bond M,SSB3326AU,0.7465450828367317,6.440351906982472,2.8484477492268234,0.15371960513725794,-1.0868360782743036,0.11291877400005326,Global Duration,Global Credit,0.03575179217864053,33,Western Asset Global Bond M
Capital Group Global Total Ret Bd (AU),CIM9121AU,0.5194971726883536,6.863652045134956,2.5916155613668868,1.2225800061649432,-0.7318673464127662,0.854731707790643,Global Duration,Global Credit,0.038748510828193666,44,Capital Group Global Total Ret Bd (AU)
MFS Global Opportunistic Fixed Income Tr,ETL687AU,0.8957279840054543,6.854858962168768,3.4814143474939407,0.9308653900823204,0.09082302795157611,1.576924062013326,Global Duration,Global Credit,0.026946841292489514,57,MFS Global Opportunistic Fixed Income Tr
abrdn Global Corporate Bond P,EQI6923AU,0.6917601352363271,7.322178188473355,6.537503682477687,-1.17417030981702,-0.17036537782348232,1.1873192211473067,Global Duration,Global Credit,0.03432439523005094,42,abrdn Global Corporate Bond P
iShares ESG Screened Global Bond Index D,BLK4636AU,1.1445117172789991,7.1778690170101145,4.466777181981535,-2.3214040644616643,-0.3515651469485928,1.3460190885103287,Global Duration,Global Credit,0.023116716138383623,61,iShares ESG Screened Global Bond Index D
AMP International Fixed Intst Idx Hdg,AMP7626AU,1.0110128037893447,5.69071828264913,3.6883473758417846,-2.0802222482109096,-0.08206114047019852,1.4899971956572495,Global Duration,Global Credit,0.020176796377804788,51,AMP International Fixed Intst Idx Hdg
CC JCB Global Bond A Hedged,CHN4711AU,0.9658267679737157,7.434968970975993,4.978380178049781,-2.7050334089369965,-1.858202304772626,0.23161938716196406,Global Duration,Global Credit,0.03071017276727472,66,CC JCB Global Bond A Hedged
Western Asset Global Bond B,SSB3825AU,1.68921155447033,7.617577461655176,3.5941610387680836,-0.8837837290924647,1.2103665007323965,2.5944978739528697,Global Duration,Global Credit,0.02764514835001065,66,Western Asset Global Bond B
Western Asset Global Bond MPS,WFS2912AU,1.6461393572570993,7.303293169107337,2.8908287283243737,-0.4592975079142889,1.5415188800700372,3.343613585545633,Global Duration,Global Credit,0.024860906392211366,69,Western Asset Global Bond MPS
Wellington Global Bond MPS,WFS9233AU,1.6938403886374025,6.767469873283492,4.622040996746529,-2.7537201647977954,0.41914301670968895,2.4430634157218685,Global Duration,Global Credit,0.021182472539794307,70,Wellington Global Bond MPS
PIMCO Global Fixed Interest MPS,WFS3742AU,1.678964986668775,6.156345578063678,2.7561983447861804,-0.286506183894151,1.0056956562896104,2.429197929801241,Global Duration,Global Credit,0.0187389589419093,70,PIMCO Global Fixed Interest MPS
Capital Group Global Corp Bond Hedged,CIM161AU,0.8605997421706607,10.015276126657279,9.751367916558305,-1.6316329682790618,0.1630306566112458,1.0135329213070015,Global Duration,Global Credit,0.03632109455524988,70,Capital Group Global Corp Bond Hedged
Vanguard Etclly Cons Glb Agg Bd IdxHAUDH,VAN2989AU,0.12065382154822689,6.636174406234563,4.184171070687005,-1.3220172633198348,-1.1769232494618593,0.6214786150241511,Global Duration,Global Credit,0.028377973450680393,69,Vanguard Etclly Cons Glb Agg Bd IdxHAUDH
abrdn Global Corporate Bond A,ETL132AU,1.8683474519819037,5.132095680565178,8.582602051515542,-3.804174007773962,4.775799933979901,6.694352213963659,Global Credit,Global Duration,0.036341422882736965,114,abrdn Global Corporate Bond A
CFS Index Global Bond,FSF6554AU,3.2675378761757616,6.2170937875050045,3.5977272707511014,-4.2723965221578215,0.9009758004670342,2.8275126289801307,Global Duration,Global Credit,0.028876999051356045,75,CFS Index Global Bond
AIM Global Impact Bond,FSF862AU,1.096606320762104,6.48544728327354,3.0693889233262706,-1.4500375982977647,0.8348172431718921,2.1073652161093124,Global Duration,Global Credit,0.01920699703538183,75,AIM Global Impact Bond
BlackRock GSS Global Bond Index,NET572AU,2.4603031274107736,6.8818119609329145,4.696655120045848,-3.0105307904645153,0.7695049284904733,2.5087362440964758,Global Duration,Global Credit,0.021183560663009974,77,BlackRock GSS Global Bond Index
Affirmative Global Bond Fund - A,FSF7298AU,1.626318622665927,6.351602060659878,3.0680609844939353,-1.707256515935877,1.0715705106985252,2.312022484896966,Global Duration,Global Credit,0.019375751488746727,76,Affirmative Global Bond Fund - A
Dimensional Glbl Bond Sustainability AUD,DFA642AU,1.6860414114532947,5.83788469224698,4.090774326674834,-2.0435214801430757,0.6334902577426714,2.1887473201123098,Global Duration,Global Credit,0.03193345867561172,76,Dimensional Glbl Bond Sustainability AUD
Western Asset Global Bond X,SSB5987AU,3.156219789678628,7.637067869965389,4.015931771700649,-2.1748219802334896,2.798082903124665,4.227760151291877,Global Duration,Global Credit,0.025723711716270095,81,Western Asset Global Bond X
Vanguard Global Agg Bd Indx Fd (Hdg),VAN939AU,2.8596324326480667,6.512712959060597,4.713188690975182,-4.576868332081792,2.287176838128018,4.5330332442627554,Global Duration,Global Credit,0.02403370677935584,85,Vanguard Global Agg Bd Indx Fd (Hdg)
PIMCO ESG Global Bond Fund - Wholesale,PIC6396AU,2.310686292546402,6.490398760871895,3.6453231719364108,-2.132838881661933,2.2590949295020297,3.9646901395934178,Global Duration,Global Credit,0.018564843978416585,89,PIMCO ESG Global Bond Fund - Wholesale
Western Asset Global Bond A,SSB832AU,3.069514613016833,7.236282490637516,3.9343115656410435,-2.7851935033576933,3.7685626360611595,5.106305918100428,Global Duration,Global Credit,0.02498770272464045,91,Western Asset Global Bond A
Fixed Income Strategy 2 (FIS2),BEG1275AU,0.9425990695427628,3.5486064203924763,1.1417271134412923,-0.6275333408783415,2.6745549061030593,4.4500885049523005,Global Duration,nan,0.026334041700074036,92,Fixed Income Strategy 2 (FIS2)
Colchester Global Government Bond I,ETL5525AU,3.5192115165591717,6.330571161385008,1.3747891383228006,-2.51526490235257,2.7357951667480322,4.7594666927769955,Global Duration,Currency,0.022106244496807325,92,Colchester Global Government Bond I
Colchester Global Government Bond A,ETL49AU,4.057577361758155,5.4327932704284265,2.5286038371644874,-3.723494862336901,3.334838281532995,5.6437980774067995,Global Duration,nan,0.024459270136677366,119,Colchester Global Government Bond A
PIMCO WS Plus Global Bond,BTA498AU,4.119748170779201,4.709803696609707,4.275016902888755,-3.1511440221292726,4.532544313108876,6.565091871318021,Global Duration,Global Credit,0.020091469826346763,112,PIMCO WS Plus Global Bond
Morningstar International Bonds Hdgd Z,INT82AU,6.4831602986769745,5.5532633590195495,1.6119598821047725,-0.2501647646350967,4.656485881720827,8.858241647362323,Global Duration,nan,0.03229016592154057,214,Morningstar International Bonds Hdgd Z
Macquarie Global Multi-Sector F/I Fund,MAQ787AU,2.6057702827423963,5.379149338875904,6.185297673978215,-3.8374398070631157,2.9358553483292646,5.514715756296902,Global Credit,Global Duration,0.029261739941261775,147,Macquarie Global Multi-Sector F/I Fund
Franklin Templeton Global Aggregate Bd A,FRT25AU,3.741984404330897,4.207740036485153,5.008933987804932,-5.04866137468049,5.260702363637731,10.312567627517335,Alpha,Global Credit,0.030103870669808068,140,Franklin Templeton Global Aggregate Bd A
Franklin Templeton Global Aggregate Bd M,FRT23AU,1.8471112171625468,2.6574105590008985,4.0404584318440495,-3.821472895620906,3.3936656208725893,6.727683394440956,Global Credit,Global Duration,0.03645746248776621,142,Franklin Templeton Global Aggregate Bd M
Dimensional Global Bond Trust,DFA28AU,4.6712245062299464,5.513080519954082,5.441235042714897,-5.4899078665323415,3.8716361671675372,6.878759578328847,Global Duration,Global Credit,0.03134194359942291,153,Dimensional Global Bond Trust
Russell Global Bond B,RIM8AU,2.2959496403478084,4.249441927880779,0.5926100753485529,0.6966824571560601,-0.5532711905445643,1.362685969362509,Global Duration,nan,0.0638493111948279,152,Russell Global Bond B
Brandywine Glb Oppc Fxd Inc B,SSB28AU,3.4563974003778135,1.3875793946289732,1.513273903570523,-1.7457255156877072,5.838055367936221,6.413831437077689,Alpha,nan,0.05084611546510343,161,Brandywine Glb Oppc Fxd Inc B
iShares Global Bond Index,BGL8AU,8.683558368006379,7.1082783309821105,6.0322903300559885,-7.687033900323202,4.7986354679959,8.746977847416767,Global Duration,Global Credit,0.027004831584760608,172,iShares Global Bond Index
Morningstar Intl Bds (Hdg) Fd - Cl A,INT8AU,5.533536432464491,5.590223590325805,1.6667021520820378,-0.2625125770163787,4.641029128762377,8.864167003875263,Global Duration,nan,0.032216145743486954,214,Morningstar Intl Bds (Hdg) Fd - Cl A
Bentham Global Income,CSA38AU,1.783582914682153,1.3326406430470878,1.1280688460139296,6.062898954960932,-0.22383903159721022,0.12006906778545769,Global High Yield,nan,0.07140274834087049,244,Bentham Global Income
Bentham Professional Global Income,CSA45AU,1.6996901211630786,1.355425260453584,1.1391893027761133,6.028184197414991,-0.2565960299176759,0.08985000658934898,Global High Yield,nan,0.07231106896086398,236,Bentham Professional Global Income
Bentham Professional Global Income P,CSI473AU,1.429653124208767,3.412877900822117,1.2783242820781386,2.2858104319063117,-1.5444005555582747,-1.404407875623368,Global Duration,nan,0.03799724102583111,46,Bentham Professional Global Income P
Kapstream Absolute Return Income Plus A,HOW554AU,0.7896145055257842,2.118734530839903,0.8897607679898767,2.9963526438635357,-1.4579864213986118,-0.20215820654498678,Global High Yield,nan,0.04041486224583329,57,Kapstream Absolute Return Income Plus A
CC JCB Dynamic Alpha C,CHN51AU,2.830235222785491,0.9188003951071013,1.212871196844045,-0.39333344970675405,-0.3455022408825812,-0.17434169836416738,Alpha,nan,0.047024867805702794,25,CC JCB Dynamic Alpha C
CC JCB Dynamic Alpha B,CHN9535AU,3.3133356418135347,2.107645795764616,0.604318893033367,0.47714493464133323,-1.3503687766883956,-0.18944920654923728,Alpha,nan,0.044586470112353796,28,CC JCB Dynamic Alpha B
Fortlake Real-Higher Income,TAL284AU,1.513613407601429,1.4183512160999774,0.7864764865914357,2.3654444206328415,-1.422651909425434,-1.0618351712369758,Alpha,nan,0.059744498459659554,44,Fortlake Real-Higher Income
Fortlake Real-Income,TAL59AU,1.8164187156391183,1.9960667089146193,0.835702032451544,2.4708353757168795,-1.6970171841920287,-1.4587131347384057,Alpha,nan,0.05561272430770947,44,Fortlake Real-Income
Bentham Professional Global Income X,CSI6218AU,1.4847225178423074,3.2917222968551547,1.1478577948201893,2.248040544097892,-1.4533890557972298,-1.355208834767292,Global Duration,nan,0.03841591974455486,45,Bentham Professional Global Income X
Bentham Professional Global Income C,CSI7384AU,1.7320818684421193,3.1674746762540993,1.146387263385372,2.12826760675536,-1.34702790526136,-1.2538601872089823,Global Duration,nan,0.03842431900973634,45,Bentham Professional Global Income C
T. Rowe Price Dynamic Global Bond S,ETL2511AU,1.2332534760241778,-1.1889537905737246,-1.2362863016370196,0.0533168842618968,0.44844133501272526,-0.19121252544198525,Alpha,nan,0.06831122075557891,67,T. Rowe Price Dynamic Global Bond S
Neuberger Berman Strategic Income W,ETL1411AU,-0.7028175683557005,8.052553064682865,3.7760063851246164,5.560351588149431,-1.0498801287352126,-0.9183187279793014,Global Duration,Global High Yield,0.051959189188800985,62,Neuberger Berman Strategic Income W
Brandywine Glb Inc Optr M,SSB7887AU,2.484107114239015,5.291120696742786,2.423886958002952,0.6264644786505544,0.2813853664892917,0.312523405800345,Global Duration,nan,0.036255806260514625,55,Brandywine Glb Inc Optr M
CC JCB Dynamic Alpha A,CHN867AU,5.915813866414073,2.6551033680701472,1.576492888382977,-0.06509439266475502,-1.6935511193871498,-0.5253168613306937,Global Duration,nan,0.041119033716183605,56,CC JCB Dynamic Alpha A
Bentham Global Opportunities I,HOW731AU,1.2187905686667404,2.3105885285640553,0.10990565643623744,3.2143842847496416,-0.25502417652912973,-0.22968900803941153,Global High Yield,nan,0.055929724576978354,81,Bentham Global Opportunities I
Smarter Money Long-Short Credit Instl,SLT3458AU,1.5625140030005689,0.9968188987050672,2.3938177370155183,1.3776908354475415,0.14692757770169085,-0.15609284074948843,Alpha,nan,0.04814351595355258,84,Smarter Money Long-Short Credit Instl
Bentham Global Opportunities F,HOW5722AU,1.3712115254331148,2.444269668860093,0.12580900148658913,3.3640550069656148,-0.3276778910746602,-0.259432264198234,Global High Yield,nan,0.055130487987029374,86,Bentham Global Opportunities F
Kapstream Absolute Return Income Plus I,HOW8743AU,3.196884297924034,0.1721791937030902,0.3079900815649684,1.9865074337402717,0.5008777842183862,1.775151716955075,Alpha,nan,0.03750278869697705,72,Kapstream Absolute Return Income Plus I
Daintree High Income Trust AUD Unit Cl,WPC1583AU,-0.14537608052136222,1.7539164408196737,2.9352639845903172,2.5918742917287974,-0.8344685332891739,-0.29997626858273624,Global Credit,Global High Yield,0.04153241162101103,70,Daintree High Income Trust AUD Unit Cl
Brandywine Glb Inc Optr X,SSB478AU,3.376482723349451,5.946811066725671,2.8855189185215773,0.022836128370107258,1.0990288773234484,1.2190143406332095,Global Duration,Global Credit,0.03178193384437569,80,Brandywine Glb Inc Optr X
Daintree Core Income Trust,WPC1963AU,5.129229949293631,1.2313420828176203,-0.08415985239125386,1.9582693844875385,-0.01235110611586844,1.3626148935397886,Alpha,nan,0.034541213096416605,86,Daintree Core Income Trust
Brandywine Glb Inc Optr,SSB515AU,2.8855355013233166,5.902411072671317,2.7806395702560223,-0.10528408940594193,1.4964436557590581,1.6560703876507001,Global Duration,Global Credit,0.03073703967062772,87,Brandywine Glb Inc Optr
Smarter Money Long-Short Credit,SLT2562AU,1.3481166342274586,1.004091328744547,2.362033151839736,1.4256136566813014,0.14037761111352579,-0.1715918538735173,Alpha,nan,0.04816521800773878,84,Smarter Money Long-Short Credit
PIMCO Income Wholesale,ETL458AU,2.7908851730406368,1.3757177639260576,0.759517095430206,1.9568424969280969,5.408177478112709,6.033319441729402,Alpha,nan,0.035430589305117874,106,PIMCO Income Wholesale
JPMorgan Income,PER716AU,2.7443213002713898,4.773486050190517,2.6043624620818866,4.03895880986034,3.224012909791671,4.143450436385516,Global Duration,Global High Yield,0.028115931945021586,128,JPMorgan Income
PIMCO Dynamic Bond C,ETL46AU,1.8176992478527203,2.0424838723703695,0.7761062978639718,2.7748986104732456,1.9954536469050643,2.214744261906364,Global High Yield,nan,0.029975052048044324,124,PIMCO Dynamic Bond C
PIMCO Dynamic Bond W,ETL44AU,1.7188343444531218,2.048033249657625,0.7928101286127739,2.7630234333435766,2.0201315008274117,2.243266502406295,Global High Yield,nan,0.029846164549858417,125,PIMCO Dynamic Bond W
T. Rowe Price Dynamic Global Bond,ETL398AU,2.74313688418287,-1.2830632630448486,-1.6925969796146119,0.5199778416938164,0.4063023858446728,-0.09878385271050687,Alpha,nan,0.05465683069620616,126,T. Rowe Price Dynamic Global Bond
Bentham Global Income Fund NZD,HOW1NZ,2.1973163202953714,1.8045439911110501,0.8579280931005216,3.7178116145635975,0.39548401565493096,0.7626867973517899,Global High Yield,nan,0.046693920092370104,131,Bentham Global Income Fund NZD
AB Dynamic Global Fixed Income,ACM1AU,3.1428466440809393,3.1933874928571244,3.3566256058210096,0.6861420579560985,2.625631640041881,4.874286755855728,Global Credit,Global Duration,0.024103903513817946,122,AB Dynamic Global Fixed Income
JPMorgan Global Strategic Bond Fund,PER727AU,3.6211621723488965,3.387082828281124,0.8966296034765233,4.022967270481873,2.673661518009611,3.4354360046504846,Global High Yield,Global Duration,0.025218353782642033,128,JPMorgan Global Strategic Bond Fund
Pendal Pure Alpha Fixed Income,BTA441AU,1.5720401520874816,0.5965412709858608,0.6215800101951561,-2.6521843860107674,0.2577002486812019,1.8916449040307568,Alpha,nan,0.04445999630991263,140,Pendal Pure Alpha Fixed Income
Payden Global Income Opportunities,GSF8AU,-0.29041521834525885,1.0695279796656831,3.790273868449823,2.568489662964611,1.8555673818288598,3.0291685825341648,Global Credit,nan,0.040582417141592046,143,Payden Global Income Opportunities
