Fund,APIR Code,const,Domestic Credit,Domestic Duration,Domestic FRN,Currency,Classification,Classification #2,Tracking Error,Number of Months with Data,Fund
Franklin Australian Absolute Ret Bd AETF,FRAR,-4.604217824323694,5.840724827984839,10.35488313503884,1.413521000123131,2.4217504981922775,Domestic Duration,Domestic Credit,0.01835474594760004,116,Franklin Australian Absolute Ret Bd AETF
Elstree Hybrid ETF,EIMX1AU,1.7043531322805616,0.817747629474302,-0.8110380281309345,1.5817647951366343,1.7545861402113843,Alpha,nan,0.04205315825848463,42,Elstree Hybrid ETF
Daintree Hybrid Opportunities ETF,DHOF,2.306200078059497,0.7924139451821339,0.1379097881179789,0.02547179169991179,2.0444620026561147,Alpha,nan,0.05428951271579933,54,Daintree Hybrid Opportunities ETF
Betashares Aust Mjr Bnk Hyb Idx ETF,BHYB,0.4808444543689672,0.24447946395511244,-0.9283514417134605,1.6471348301010813,1.367186593901257,Alpha,nan,0.046581935000852594,40,Betashares Aust Mjr Bnk Hyb Idx ETF
iShares Enhanced Cash ETF,ISEC,9.125662265330101,3.641100496544216,1.1910950051392468,-1.1417134874842174,-0.432212263870764,Cash,nan,0.026692037671010395,86,iShares Enhanced Cash ETF
VanEck Bentham Global Cap Secs Actv ETF,GCAP,-0.2560285197447082,2.2560525138430405,0.554491766898405,-0.2721351909091312,3.0274103570141597,Alpha,nan,0.08902784457250092,36,VanEck Bentham Global Cap Secs Actv ETF
VanEck Australian Sbdntd Dbt ETF,SUBD,-0.17156634171820034,0.2787469607475749,-1.8033516066551332,12.049901964024112,1.4825336246797023,Domestic FRN,nan,0.04154885542347402,58,VanEck Australian Sbdntd Dbt ETF
iShares Yield Plus ETF,IYLD,5.215502730860479,5.730974594997494,13.846762478864893,0.30340478952195554,0.4687834969428809,Domestic Duration,Domestic Credit,0.019758457584934986,51,iShares Yield Plus ETF
Schroder Absolute Return Income ETF,PAYS,1.2243652984574351,4.572987880333902,5.281089873584396,4.150179855302236,0.9369223903460961,Domestic Duration,Domestic Credit,0.026304867311241934,57,Schroder Absolute Return Income ETF
BetaShares Aus Inv Grd Corp Bd ETF,CRED,-0.581216477514644,10.66608213980303,36.742573864035215,0.20785715707245497,1.7800717160098405,Domestic Duration,Domestic Credit,0.043757386172407736,75,BetaShares Aus Inv Grd Corp Bd ETF
BetaShares Active Australian Hybrids ETF,HBRD,1.3496066471190893,0.16774737194609768,-0.7401554114853236,5.548341316682852,2.0300994530769745,Domestic FRN,nan,0.03989044042964722,81,BetaShares Active Australian Hybrids ETF
VanEck Australian Fltng Rt ETF,FLOT,7.7039342731797875,3.271343387782848,1.3617620511273452,7.339729303206916,-0.17139650879088447,Domestic FRN,Domestic Credit,0.025901892589601183,85,VanEck Australian Fltng Rt ETF
BetaShares Aus Bank Sr Fltng Rt Bd ETF,QPON,4.77244632450095,1.3590444625167772,1.3415899350110356,12.730102927595597,-0.7500246655215647,Domestic FRN,nan,0.025990666478784574,86,BetaShares Aus Bank Sr Fltng Rt Bd ETF
VanEck Australian Corp Bd+ ETF,PLUS,0.5356000624599727,19.806113219936996,62.15146581689204,-1.552870186175136,2.8422764777499356,Domestic Duration,Domestic Credit,0.020796107146883493,87,VanEck Australian Corp Bd+ ETF
Vanguard Australian Corp Fxd Intr ETF,VACF,4.515444518191852,23.967997703712467,76.57200507380784,-2.7322879624439116,1.3157061780225325,Domestic Duration,Domestic Credit,0.008788970227080015,99,Vanguard Australian Corp Fxd Intr ETF
iShares Core Global Corp Bd AUDH ETF,IHCB,-0.0898544620512896,0.5410541724514627,12.999758998622108,3.3867403214951284,9.632559350887188,Domestic Duration,Domestic FRN,0.04794520162182828,104,iShares Core Global Corp Bd AUDH ETF
Vanguard Intl Credit Secs (Hdg) ETF,VCF,-0.40306975136064127,1.302857808130777,15.333432163307345,3.3466741289834405,8.749757965868502,Domestic Duration,Domestic FRN,0.039505701070874644,104,Vanguard Intl Credit Secs (Hdg) ETF
Russell Inv Australian Select CorpBd ETF,RCB,1.8635424324035381,2.8818417238481566,14.157999819130215,1.888231063630781,0.1982166896088613,Domestic Duration,Domestic Credit,0.016240763342977183,149,Russell Inv Australian Select CorpBd ETF
iShares Government Inflation ETF,ILB,-0.051902376756110404,1.3979750053009272,21.388769969310125,2.1051221541869967,2.664355415422844,Domestic Duration,nan,0.04500082962757192,149,iShares Government Inflation ETF
BetaShares Australian Composite Bond ETF,OZBD,5.868202922591913,6.962123022579781,89.63510717401108,3.5500577715060864,3.623010598026662,Domestic Duration,Domestic Credit,0.04502105743780409,30,BetaShares Australian Composite Bond ETF
Coolabah Active Composite Bond Fund ETF,FIXD,1.618036916773303,1.2330002778099374,22.152382000854416,3.4622761029574325,2.4936205154217674,Domestic Duration,Domestic FRN,0.03074629509229865,89,Coolabah Active Composite Bond Fund ETF
Janus Henderson Tactical Income Actv ETF,HGI7649AU,1.940948558584559,2.0339489947115497,5.575734712689133,0.7281810878260708,3.3418088830567423,Domestic Duration,nan,0.02399598246895488,49,Janus Henderson Tactical Income Actv ETF
iShares Core Corporate Bond ETF,ICOR,2.3505478037786376,14.223439286373752,50.624171759712695,-0.8572456021739431,1.1429513346926494,Domestic Duration,Domestic Credit,0.011475968574561304,51,iShares Core Corporate Bond ETF
BetaShares Australian Government Bd ETF,AGVT,4.205250751982654,1.9139598742746828,72.03141890053467,-0.9350977726457301,2.762230654342143,Domestic Duration,nan,0.055812821812674836,61,BetaShares Australian Government Bd ETF
iShares Treasury ETF,IGB,8.359098451064988,2.2320402323766295,102.48470289226839,-2.6885448481794065,-1.817061585917055,Domestic Duration,nan,0.025673584064855287,149,iShares Treasury ETF
BetaShares Western Asset Aus Bd ETF,BNDS,4.5818347216623545,6.60745895921508,79.3288664573026,-1.3857118593184965,2.5496564110651074,Domestic Duration,Domestic Credit,0.02775083657917169,69,BetaShares Western Asset Aus Bd ETF
Vanguard Australian Fixed Interest ETF,VAF,11.821482023080325,8.18107077450672,137.7434661345747,-2.407047904968504,-0.02578108533899831,Domestic Duration,Domestic Credit,0.01936097722960438,142,Vanguard Australian Fixed Interest ETF
SPDR® S&P/ASX Australian Govt Bd ETF,GOVT,8.653626046185918,1.6190412866350834,108.04701939639664,-1.2638559335861879,1.3545572634701237,Domestic Duration,nan,0.02776246523789866,145,SPDR® S&P/ASX Australian Govt Bd ETF
SPDR® S&P/ASX Australian Bond ETF,BOND,8.03404826480248,4.574985394844343,102.1462208057714,-1.4928394150780908,1.1733615863570246,Domestic Duration,Domestic Credit,0.023286122293876815,145,SPDR® S&P/ASX Australian Bond ETF
Vanguard Australian Government Bond ETF,VGB,13.563331939438637,4.883777113604028,157.09412122166958,-2.514714083335969,-0.5050061004143851,Domestic Duration,Domestic Credit,0.0234564525083078,148,Vanguard Australian Government Bond ETF
Russell Inv Australian Semi-Govt Bd ETF,RSM,2.411203977810082,2.910756377415997,20.92760225531833,-1.1659320924867795,0.8621401319695063,Domestic Duration,Domestic Credit,0.017972192620201787,149,Russell Inv Australian Semi-Govt Bd ETF
Russell Inv Australian Government Bd ETF,RGB,4.3174687104854526,0.6350665021383827,49.1481482854673,-1.9552666026083432,0.8318020508625665,Domestic Duration,nan,0.03806242979044525,149,Russell Inv Australian Government Bd ETF
iShares Core Composite Bond ETF,IAF,11.594984609775265,7.584605254684766,136.57447985286674,-1.118720345099072,0.6056417429248874,Domestic Duration,Domestic Credit,0.019189170521477634,149,iShares Core Composite Bond ETF
ICG Global Loan Australia C,PIM8592AU,-1.0532399974811453,0.04097337926748804,-0.08826620067556758,3.3150675797949667,1.1287198592376124,Domestic FRN,nan,0.05551907936887042,36,ICG Global Loan Australia C
ICG Global Loan Australia B,PIM9552AU,-0.21005033164632692,0.2683473843182644,-0.20195519974598902,2.5762581240057107,1.31469147945682,Alpha,nan,0.05510345513726768,37,ICG Global Loan Australia B
Ares Global Credit Income A,HOW4476AU,2.13836323683577,1.5584882060702963,2.937120622564325,1.9539558318328094,4.085992440627881,Domestic Duration,nan,0.03195957355691963,51,Ares Global Credit Income A
Mutual High Yield,PRM8798AU,4.925494109939671,2.1367981001694383,-0.8197627251167496,3.1577199532094324,-0.5315022394321369,Domestic FRN,nan,0.035609061872979485,66,Mutual High Yield
Bentham Wholesale Syndicated Loan NZD,HOW2NZ,-1.420867773698,2.6385898048269327,-0.24346368280423134,6.990395207618843,3.4291572079265027,Domestic FRN,Domestic Credit,0.05544581360291155,131,Bentham Wholesale Syndicated Loan NZD
AIMS Commercial Mortgage Ord Units,MCK8AU,8.25740183129202,-0.29421822649805845,1.0720610030383528,-0.352075764467226,-0.09053814652572356,Alpha,nan,0.027177865678928586,212,AIMS Commercial Mortgage Ord Units
AIMS Commercial Mortgage Wholesale,MCK5AU,29.183084619067873,7.227196582376634,0.4345275390053483,-7.19580631375638,2.4471988471899726,Domestic Credit,nan,0.021774991757726035,243,AIMS Commercial Mortgage Wholesale
AIMS Commercial Mortgage Retail,NAB2AU,6.778243625567925,-0.5078969073183645,0.9408829816549257,-0.20096017921932777,-0.04248949238414353,Alpha,nan,0.029264429839587505,241,AIMS Commercial Mortgage Retail
Schroder Real Estate Debt,SCH626AU,20.235491753583982,1.4409974485860144,0.9685127891040138,-0.7574491917907142,0.39055837039050784,Alpha,nan,0.031146396651458453,53,Schroder Real Estate Debt
Macquarie Inflation Linked Bond,MAQ52AU,2.0463546193481923,-1.055876861214678,17.71612852697463,2.651612182072081,2.7576428693930315,Domestic Duration,Domestic FRN,0.050734766942376344,244,Macquarie Inflation Linked Bond
Vanguard Australian Infl-Lnkd Bond Idx,VAN64AU,-0.5270054404429779,1.090852148621148,21.554232396388453,2.788544724368919,2.541431441426454,Domestic Duration,Domestic FRN,0.0484845099031327,148,Vanguard Australian Infl-Lnkd Bond Idx
Ardea Australian Inflation Linked Bond,HOW62AU,0.7797806909061005,0.7106112473327961,18.613573298093964,3.034998450544522,1.8693482358980427,Domestic Duration,Domestic FRN,0.04947593283502154,173,Ardea Australian Inflation Linked Bond
Mercer Australian Inflation Plus,MIN31AU,2.968277802781109,-0.43898863160234025,1.1867731459388406,1.5132023355563855,-2.7844956679447574,Alpha,nan,0.03595295803025306,174,Mercer Australian Inflation Plus
Perpetual WFIA-Perpetual Diversified Inc,PER49AU,2.1203799255546114,3.5162308151699295,1.4151791449819897,7.65746844168196,4.6308060171322145,Domestic FRN,Domestic Credit,0.027419410436414323,189,Perpetual WFIA-Perpetual Diversified Inc
WealthFocus Perpetual Diversified Income,PER284AU,4.055525262239264,3.309872701518409,1.5324203267279972,8.457104192382358,5.9957250079828714,Domestic FRN,Domestic Credit,0.0289296777392394,224,WealthFocus Perpetual Diversified Income
Perpetual Diversified Income,PER26AU,6.092592891830926,3.5058286493091995,1.6752196077278807,8.47730196078716,6.159988102425828,Domestic FRN,Domestic Credit,0.028778372695199835,226,Perpetual Diversified Income
Perpetual Credit Income,PER263AU,6.581426304642046,3.489745910335488,1.3049396891203104,6.304541063142374,5.950732325672857,Domestic FRN,Domestic Credit,0.028453060680644692,237,Perpetual Credit Income
Macquarie Income Opportunities,MAQ277AU,3.6291811016858317,4.684702611129117,9.15827433983917,6.299953056159405,6.471825790114105,Domestic Duration,Domestic FRN,0.024078802635369084,244,Macquarie Income Opportunities
Pendal Enhanced Credit,RFA1AU,6.485664674599772,18.803142801702727,52.285605375334875,2.618723438424268,0.49384589364278264,Domestic Duration,Domestic Credit,0.009850936804431979,244,Pendal Enhanced Credit
Yarra Enhanced Income Fund,JBW18AU,3.1917793297103048,-2.0614000637723993,0.9015814477601787,10.336146082690872,3.650497201498573,Domestic FRN,nan,0.059079586860622126,244,Yarra Enhanced Income Fund
Yarra Enhanced Income Fund (Direct),JBW118AU,2.515199902357387,-2.0712993372416904,0.8857540814201852,10.344751739008109,3.6402332918316618,Domestic FRN,nan,0.05911191727121304,244,Yarra Enhanced Income Fund (Direct)
PM Capital Enhanced Yield,PMC13AU,6.904567074212883,1.8321988914928145,1.949449746104546,4.525524937786033,5.758040875342022,Domestic FRN,nan,0.027929585001395817,244,PM Capital Enhanced Yield
Schroder Absolute Return Income Fund -WC,SCH13AU,3.7075203880183873,-1.1273649074335483,1.3143850617770525,9.473827410731914,4.8894239505449475,Domestic FRN,nan,0.04024302899437851,244,Schroder Absolute Return Income Fund -WC
Schroder Absolute Return Income Fund -PC,SCH24AU,3.902704111672786,-1.0997887951385166,1.3129528522428813,9.443961508633286,4.89548472311581,Domestic FRN,nan,0.040262860754973706,244,Schroder Absolute Return Income Fund -PC
Macquarie Corporate Bond,AMP263AU,4.772925820264945,8.261290017413167,7.6569809980261,-1.1476196102545295,-1.040652747992493,Domestic Credit,Domestic Duration,0.01929998007609758,243,Macquarie Corporate Bond
UBS Income Solution Fund,UBS3AU,2.673101342703877,0.006889740829093691,3.698931085725235,9.158253272295036,4.5883571231298195,Domestic FRN,Domestic Duration,0.03821630173913039,244,UBS Income Solution Fund
Bentham Defensive Income A,CSI521AU,-0.45685128420201343,1.7559863787769614,9.594172756199645,2.2207855353589796,0.44487540583276447,Domestic Duration,nan,0.03298295935631921,25,Bentham Defensive Income A
Perpetual Diversified Income S,PER158AU,3.1625007372267984,1.901411999524774,0.6190590977718606,1.4689313746034536,3.0251251422700713,Alpha,nan,0.03230925049917168,30,Perpetual Diversified Income S
Fortlake Sigma Opportunities,TAL1576AU,2.7059505474470757,0.9628446129927029,0.4457962707045054,-0.8770056789022859,-0.4005016210171,Alpha,nan,0.06571874721887223,44,Fortlake Sigma Opportunities
Artesian Green & Sustainable Bond,ETL8782AU,2.8891773679060577,4.366704739638252,14.6667791909154,0.6547595815643767,0.7021923559306594,Domestic Duration,Domestic Credit,0.013719867620679596,47,Artesian Green & Sustainable Bond
Macquarie Income Opportunities No.1 W,MAQ942AU,4.048461962766923,3.121320668589059,12.697219602716473,-0.3187870685239528,6.8636036089025465,Domestic Duration,Domestic Credit,0.018378071454035014,44,Macquarie Income Opportunities No.1 W
Yarra Enhanced Income A,JBW9312AU,5.538253607873371,1.7656350333774347,2.9362329000328153,0.9626827734892192,2.583154358619021,Domestic Duration,nan,0.028350622456568608,48,Yarra Enhanced Income A
Regnan Credit Impact Trust,PDL5969AU,7.239546261617305,3.809211564391378,-0.5097422834942159,3.5667598122650577,1.196737445638009,Domestic Credit,Domestic FRN,0.030770747168806397,55,Regnan Credit Impact Trust
Yarra Higher Income Fund,JBW4379AU,0.3994228263321023,3.365322723267493,-0.373461241901057,3.3069586865616785,-0.1519194969234757,Domestic Credit,Domestic FRN,0.042898798509097454,70,Yarra Higher Income Fund
Schroder Absolute Return Income Fund -IC,SCH3568AU,2.327596259837784,4.343404022117219,5.407132073847674,5.387295925795612,1.2428621560752786,Domestic Duration,Domestic FRN,0.025772830059236654,68,Schroder Absolute Return Income Fund -IC
Alexander Credit Income Fund,ETL285AU,4.0327043187513505,1.9554148913797504,-0.8617356006109154,3.776691015568436,0.43288772658060326,Domestic FRN,nan,0.03353995212038858,68,Alexander Credit Income Fund
Realm High Income mFund Units,OMF1394AU,5.055966581484311,3.696267056707462,5.550969907901185,-0.14905007004613294,3.4852966891066806,Domestic Duration,Domestic Credit,0.026391798297500452,66,Realm High Income mFund Units
PM Capital Enhanced Yield B,PMC47AU,3.369822858223884,2.310120251936336,2.3978214394963135,7.515222166884285,4.445454257749932,Domestic FRN,nan,0.02722763697621646,87,PM Capital Enhanced Yield B
Perpetual ESG Credit Income,PER1744AU,1.640813761163733,2.928950223451803,0.6842384992511107,6.6449875561479095,3.8665860642471603,Domestic FRN,Domestic Credit,0.03362530185155298,74,Perpetual ESG Credit Income
Realm Short Term Income mFunds,OMF816AU,6.2304597134607835,2.9873999305161867,0.4942724696951477,0.05210730381066011,-0.6517196443557414,Domestic Credit,nan,0.031310800943933646,52,Realm Short Term Income mFunds
Realm Short Term Income Ordinary,OMF3725AU,11.21380091106267,5.119245089011304,0.7536741118120359,-1.3471504373557548,-0.20672129500841996,Domestic Credit,nan,0.027598088564015612,80,Realm Short Term Income Ordinary
State Street Floating Rate Fund,SST4725AU,6.034539650598081,5.86032036357418,2.617936570821062,6.603533045825989,-0.8123008239832481,Domestic FRN,Domestic Credit,0.02563779346330739,82,State Street Floating Rate Fund
Macquarie Corporate Bond Fund Class G,AMP775AU,2.502472464257342,7.784960983951033,4.460109713295796,7.575320124866397,1.1998813246936098,Domestic Credit,Domestic FRN,0.025594327337882986,79,Macquarie Corporate Bond Fund Class G
Artesian Corporate Bond Fund,ETL364AU,2.5434445649544366,8.226575575976314,6.4129381196877375,5.43921741196119,2.426065721084018,Domestic Credit,Domestic Duration,0.024043269618283222,90,Artesian Corporate Bond Fund
Artesian Corporate Bond Fund A,ETL8268AU,2.2236657331091654,8.087633449466418,6.428428723928889,5.506747769658143,2.386962890642897,Domestic Credit,Domestic Duration,0.02399905057549376,90,Artesian Corporate Bond Fund A
Realm High Income Fund Adviser Class,OMF18AU,5.130783886503817,3.9654274285005604,5.257035171152201,0.21003340762247955,3.4156997226597903,Domestic Duration,Domestic Credit,0.02452923777906782,95,Realm High Income Fund Adviser Class
Macquarie Corporate Bond Fund Class E,AMP237AU,-1.8995046629140144,7.705810538651115,4.293010043771888,7.720547943657041,1.5787666109867267,Domestic FRN,Domestic Credit,0.023261569690875897,109,Macquarie Corporate Bond Fund Class E
Macquarie Corporate Bond Fund Class R,AMP924AU,3.4397185462680286,9.816951228218734,6.7275933773482866,3.270950638700629,-0.6269153113610406,Domestic Credit,Domestic Duration,0.020267618461008267,182,Macquarie Corporate Bond Fund Class R
Perpetual WS Plus Diversified Income,BTA556AU,2.4594544664673825,3.9644930317495954,0.5676557956248559,7.538968540442067,3.905997443761566,Domestic FRN,Domestic Credit,0.02845753855072754,117,Perpetual WS Plus Diversified Income
Macquarie WS Plus Income Opportunities,BTA544AU,0.9099425284529643,3.3615579149486354,11.846387529259962,4.614997356738962,7.673057574700988,Domestic Duration,Domestic FRN,0.02211116023040701,116,Macquarie WS Plus Income Opportunities
Macquarie WS Plus Corporate Bond Fund,BTA474AU,3.5985582533227065,8.347225646315621,4.852003192991833,7.825324937151681,1.22367920517127,Domestic Credit,Domestic FRN,0.02270952118617026,117,Macquarie WS Plus Corporate Bond Fund
Vanguard Aust Corporate Fixed Interest,VAN65AU,0.316907376557503,17.233981062865038,61.0650764876273,6.845692979480701,1.8751941441130229,Domestic Duration,Domestic Credit,0.0113777755611108,118,Vanguard Aust Corporate Fixed Interest
Antares Income Fund,PPL28AU,6.719359488805153,9.226993416863454,-0.8790345147463097,1.2059672901306429,-0.4357520986251318,Domestic Credit,nan,0.024212552617286325,129,Antares Income Fund
Mutual Income Fund A,PRM15AU,5.113496485853999,3.894741984025258,0.12251190740323467,6.439865222301829,-0.15645591132264847,Domestic FRN,Domestic Credit,0.023875097464676573,136,Mutual Income Fund A
Janus Henderson Diversified Credit,IOF127AU,0.5345202313839605,4.366164201149502,2.6459950662888234,7.826860429429781,4.44354640564864,Domestic FRN,Domestic Credit,0.029952075824884968,142,Janus Henderson Diversified Credit
Realm High Income - Wholesale,OMF9AU,5.809595893958751,4.3602419148248055,6.166548468797959,0.8541843579131869,3.8597462081743603,Domestic Duration,Domestic Credit,0.022381259873711444,130,Realm High Income - Wholesale
Perpetual Pure Credit Alpha Fund W,PER669AU,3.766462520001626,7.623787523086056,-0.06778486091997597,2.7283167514123443,1.202470534902072,Domestic Credit,Domestic FRN,0.028361619226823547,149,Perpetual Pure Credit Alpha Fund W
Perpetual Dynamic Fixed Income,PER557AU,2.7817183012912055,5.483001690506378,18.0255618798658,6.792758732494161,2.751362011702607,Domestic Duration,Domestic FRN,0.015264468016408869,165,Perpetual Dynamic Fixed Income
EQT Spectrum Strategic Income,ETL72AU,3.622198384696199,1.9167471549968798,-0.3138890761915653,4.756631951544864,1.2472262750846215,Domestic FRN,nan,0.03261369452580545,182,EQT Spectrum Strategic Income
Macquarie Corporate Bond Fund Class H,AMP1285AU,2.535367698985196,10.159125474407338,6.909477571778851,2.423369265805854,-0.9396168973164668,Domestic Credit,Domestic Duration,0.019904239208276258,179,Macquarie Corporate Bond Fund Class H
Macquarie Corporate Bond Fund Class A,AMP557AU,3.016676869500075,9.564216081297632,6.824823249231149,3.3410010382945523,-1.0408097274010957,Domestic Credit,Domestic Duration,0.02004035411880423,182,Macquarie Corporate Bond Fund Class A
Arculus Preferred Income Fund,DDH1AU,2.5224642709612994,0.1412675201524119,1.6008837758093364,8.534109009168446,2.545451481487883,Domestic FRN,nan,0.042606893582059185,238,Arculus Preferred Income Fund
CFS Daintree Core Income,FSF694AU,4.088282742309937,1.2598983620928095,1.1470200734293734,6.060831235108588,8.16035948099151,Domestic FRN,nan,0.035430021142104196,234,CFS Daintree Core Income
IOOF Income Trust,PIM3AU,4.901372875812664,-1.518324163972754,2.183693024832749,8.171468719524395,5.139471782657928,Domestic FRN,nan,0.04050236158105392,244,IOOF Income Trust
Coolabah Short Term Income Base Fee,ETL854AU,4.111654659604627,2.2976683510334848,-1.1020143268417584,8.110048006167768,1.9915870735046657,Domestic FRN,nan,0.026688141085602086,118,Coolabah Short Term Income Base Fee
U Ethical Enhanced Income Trust W,UGF1128AU,3.1676174699933277,2.4613958424085567,5.019903275633204,1.6118107444559755,0.8962549178148375,Domestic Duration,nan,0.0261859845799532,49,U Ethical Enhanced Income Trust W
Stellan Capital Pure Income,CCI6719AU,-2.0697197022588347,2.2524679532436034,-0.264023486876656,4.192827351299375,1.2165789858210057,Domestic FRN,nan,0.044859808151823256,28,Stellan Capital Pure Income
Daintree Hybrid Opportunities,WPC254AU,2.3885441335731508,1.0391255391847232,0.11968966678868445,-0.015052064807078559,1.8967665631021213,Alpha,nan,0.05177847888919001,54,Daintree Hybrid Opportunities
SGH Enhanced Income Trust,ETL6695AU,2.3843960565905737,-1.8633889253720433,-1.5532454631740942,6.923784225318063,2.184068580813109,Domestic FRN,nan,0.03872318534014578,53,SGH Enhanced Income Trust
Kapstream Absolute Return Income X,HOW1327AU,2.923578763894463,3.3148331902050963,1.6275361435165085,1.3701179670235664,1.096472060905566,Domestic Credit,nan,0.030870564636213325,45,Kapstream Absolute Return Income X
Lazard Global Convertibles W,LAZ3113AU,-0.03239732706871848,0.2017827750289865,2.1261042183644516,1.360146542870468,7.159376432882605,Alpha,nan,0.11547935111811042,47,Lazard Global Convertibles W
Coolabah Short Term Income Instl A,SLT7141AU,3.029587032954709,1.4224042764159799,-1.6105961544444412,6.525928706487723,2.7937606612512402,Domestic FRN,nan,0.03379912771300025,58,Coolabah Short Term Income Instl A
Coolabah Short Term Income Direct Inv,SLT51AU,4.343879665778211,1.8516109255687472,-1.083035919599495,7.537173151588089,1.4158014477644911,Domestic FRN,nan,0.026668916212604882,119,Coolabah Short Term Income Direct Inv
Franklin Australian Absolute Return Bd M,FRT28AU,1.3918229965188198,8.078085553963549,16.65948249164941,2.0979051879843746,3.5958465515119533,Domestic Duration,Domestic Credit,0.015329007194165604,116,Franklin Australian Absolute Return Bd M
Franklin Australian Absolute Return Bd A,FRT27AU,1.1674562216699391,8.107368535659177,16.694487558083996,2.115861242931748,3.5839569125931012,Domestic Duration,Domestic Credit,0.015322950519694368,116,Franklin Australian Absolute Return Bd A
Kapstream WS Plus Absolute Return Income,BTA539AU,3.164583366357,5.981888128447733,3.5410187020863098,4.692089577360687,-0.03642610033449567,Domestic Credit,Domestic FRN,0.0228663802068568,117,Kapstream WS Plus Absolute Return Income
Coolabah Short Term Income Assisted Inv,SLT52AU,4.181857346893568,2.1865465616694895,-0.9897246116725114,7.902863475719455,2.5625985508021247,Domestic FRN,nan,0.026412602726655493,120,Coolabah Short Term Income Assisted Inv
Torica Absolute Return Income Fund,MST2AU,2.906162875074766,4.185221990249378,2.675226010205256,5.474219934290871,1.2859839928825176,Domestic FRN,Domestic Credit,0.02746585680710198,135,Torica Absolute Return Income Fund
Kapstream Absolute Return Income Class I,HOW165AU,9.394111664336993,8.236546740677563,4.36211463207089,-1.1602966416711449,3.406924538057024,Domestic Credit,Domestic Duration,0.021173813529591228,207,Kapstream Absolute Return Income Class I
SPW Global Growth,SIA1AU,-0.6007990818211913,0.7580472720150124,-1.5203791715266042,2.150956451176432,-1.4614866073191415,Alpha,nan,0.13760548602987105,179,SPW Global Growth
Kapstream Absolute Return Income,HOW52AU,8.507465726165792,10.562547733484557,4.753147475928193,-0.9326104878752374,2.6399836003847126,Domestic Credit,Domestic Duration,0.020696049183691105,207,Kapstream Absolute Return Income
Pendal Credit Income Fund,RFA65AU,6.201010163484866,1.1219582347207167,14.374045369393214,7.474022318517572,2.6459758508723317,Domestic Duration,Domestic FRN,0.019724275576437304,207,Pendal Credit Income Fund
MLC MultiActive Cash Enhanced,IOF91AU,12.517369954745643,9.64067094165678,0.7265747360784108,3.8220108852530355,1.8541448863546577,Cash,nan,0.02250713642532845,196,MLC MultiActive Cash Enhanced
Russell Aus Cash Enhanced Fund Class A,RIM37AU,12.934323195095423,6.919517528674561,0.6264339605029519,2.3082923806710944,2.3527311189532614,Cash,nan,0.022369498747725446,236,Russell Aus Cash Enhanced Fund Class A
Perpetual Exact Market Return,PER258AU,18.855283658088062,7.399596692875322,1.0188369763210217,-8.241124659882539,2.365765624802637,Domestic Credit,nan,0.02213769859642863,234,Perpetual Exact Market Return
Perpetual High Grade Floating Rate,PER265AU,14.832689289019648,6.834480958281171,0.532231688606923,4.802634836957079,4.6972493402080815,Domestic Credit,Domestic FRN,0.022710591438183318,244,Perpetual High Grade Floating Rate
Janus Henderson Cnsrv Fxd Intst,IOF47AU,12.93391771529213,9.144880565467725,0.7702299834153291,2.910618106440058,2.970496575757386,Domestic Credit,Domestic FRN,0.02200507801891173,244,Janus Henderson Cnsrv Fxd Intst
Pendal Short Term Income Securities Fd,WFS377AU,17.877653105028305,6.934832277757945,0.34236338291464297,1.4264470580507738,1.2604905661404024,Cash,nan,0.02177551504909036,244,Pendal Short Term Income Securities Fd
Macquarie Australian Diversified Inc Fd,MAQ24AU,15.531916745334376,5.419585272980388,3.2654298659317194,6.528717746702589,3.160062576140298,Domestic FRN,Domestic Credit,0.021568542179412172,244,Macquarie Australian Diversified Inc Fd
Australian Ethical Income,AUG3AU,10.709164096256522,2.4650836252825354,0.8639856250863841,0.9985147336815895,0.015092996785843008,Alpha,nan,0.022280987241161666,244,Australian Ethical Income
Vanguard Short Term Fixed Interest,VAN12AU,15.87561738284917,12.189027572418917,7.554743204425683,-10.697809318823444,1.7057815903363684,Domestic Credit,Domestic Duration,0.01923739510365105,244,Vanguard Short Term Fixed Interest
Macquarie Conservative Income,MAQ6AU,13.929923384278812,5.625623831951218,0.9243724665663988,-1.3835349449574244,0.7648793167433529,Domestic Credit,nan,0.02161796357435593,244,Macquarie Conservative Income
Fiducian Capital Safe,FPS1AU,16.032068232848104,7.059631593557585,0.09483148699574856,-2.9307128783064202,2.7831153931135018,Domestic Credit,nan,0.021945520580682432,244,Fiducian Capital Safe
Western Asset Cnsrv Inc A,SSB131AU,12.466785824076242,5.4967494526172915,-0.45057227687825613,5.7551317451040855,2.7803306399505585,Domestic FRN,Domestic Credit,0.023123576813244787,244,Western Asset Cnsrv Inc A
Experts' Choice Short Term Money Market,HLR7AU,18.10231694928237,7.456653942371175,1.36194279721439,-6.051625581701398,3.2967334421579744,Domestic Credit,nan,0.021729812509259882,244,Experts' Choice Short Term Money Market
UBS Short-Term Fixed Income Fund,SBC812AU,10.841328106103838,5.253855161045806,-1.041562641211724,0.22861134770397148,-0.41128200698799056,Domestic Credit,nan,0.022895585470087382,244,UBS Short-Term Fixed Income Fund
Altius Sustainable Short Term Income Ord,AUS79AU,4.376373333158275,2.7055982517185653,1.25919182340699,5.57005967898007,0.3667763169195276,Domestic FRN,Domestic Credit,0.02593551456241179,87,Altius Sustainable Short Term Income Ord
Altius Sustainable Short Term Income Ret,AUS1392AU,3.985559900960596,2.6301815376384665,0.8686967874689073,2.735362519259418,1.1238257538906287,Domestic FRN,Domestic Credit,0.032258385817240234,38,Altius Sustainable Short Term Income Ret
Prime Value Enhanced Income,PVA9AU,-0.24400744374576672,2.7424082721873955,0.6798963546805695,5.836686664845233,0.5548261437760809,Domestic FRN,Domestic Credit,0.028564294536170366,90,Prime Value Enhanced Income
Prime Value Diversified High Income,PVA1362AU,4.884574995418815,0.25507470410811645,-1.2947667882508151,0.13952830691462925,-1.2276735223724868,Alpha,nan,0.037935276431106,60,Prime Value Diversified High Income
Pendal Short Term Income Securities Tr,PDL8847AU,5.844704550866617,2.6469909249035593,-0.041773327247032956,2.4139448846646308,0.3764508440675673,Cash,nan,0.03292940963852699,44,Pendal Short Term Income Securities Tr
Mutual Credit,PRM8256AU,7.020270763090558,4.739491185394337,0.14671267198845228,2.4068881053211517,-1.115277409184545,Domestic Credit,nan,0.031006021048731423,54,Mutual Credit
Smarter Money Institutional Investor,CRE15AU,2.1128219994843658,2.0210949877215922,-1.722881517974051,6.582129629050419,1.3259503560954573,Domestic FRN,nan,0.028309634456007544,96,Smarter Money Institutional Investor
Australian Ethical Income WS,AUG24AU,4.577173140401647,1.3564566786154817,1.0525720525560038,0.5312437497472227,-1.2264690136116543,Alpha,nan,0.025298271720545388,109,Australian Ethical Income WS
Prime Value SIV Enhanced Income Fund,PVA88AU,0.5374480488164267,2.987752135351743,0.7689539541194484,5.829351105004754,0.7478285164839489,Domestic FRN,Domestic Credit,0.026739203391330766,122,Prime Value SIV Enhanced Income Fund
Sandhurst Strategic Income B,STL44AU,10.60886687257872,6.57041243180143,0.3917800193721956,3.017590871662346,-1.2188731752313442,Domestic Credit,Domestic FRN,0.02266538971161988,156,Sandhurst Strategic Income B
Sandhurst Strategic Income A,STL27AU,7.6508218635280425,5.151724491706298,0.9263686065770518,2.0002511815676565,-0.12738613009031263,Domestic Credit,nan,0.022761928309796287,156,Sandhurst Strategic Income A
Smarter Money Assisted Investor Class,CRE14AU,4.573639547764913,4.277509949625863,-0.8008036158378083,8.427536929237656,2.5978824357807233,Domestic FRN,Domestic Credit,0.024414790907676173,150,Smarter Money Assisted Investor Class
Western Asset Cnsrv Inc X,JPM1AU,13.517222551230105,5.549830993795119,-0.4950063762319872,5.71258737049389,2.6922127892503944,Domestic FRN,Domestic Credit,0.023207997640819142,244,Western Asset Cnsrv Inc X
Perpetual High Grade Floating Rt R Units,PER562AU,12.997435024346055,7.719877416553291,0.723254591029523,5.729891400272767,1.6755307079648416,Domestic Credit,Domestic FRN,0.022599677913422066,161,Perpetual High Grade Floating Rt R Units
Janus Henderson Cnsrv Fxd Intst Instl,IOF111AU,13.430903836623044,10.633845416521854,0.9357877195129385,3.832085406775185,3.8189207633910547,Domestic Credit,Domestic FRN,0.022098193263637208,244,Janus Henderson Cnsrv Fxd Intst Instl
Russell Australian Cash A,RIM41AU,13.200223392525722,5.743149095070564,0.936018098213792,-6.408546755259788,1.6377843648752117,Cash,nan,0.022025891536961977,244,Russell Australian Cash A
Perpetual WFIA-Schroder Fixed Income,PER446AU,-0.6419598860080596,6.983458990390833,55.59118267671641,4.189204311259995,2.7701948142168846,Domestic Duration,Domestic Credit,0.017508209309282177,189,Perpetual WFIA-Schroder Fixed Income
Perpetual WFIA-Vanguard Aust FI Idx,PER57AU,4.632557225106947,8.021859236793274,92.87074301759246,-1.3670469955788411,1.6805822625461013,Domestic Duration,Domestic Credit,0.01751884606721389,189,Perpetual WFIA-Vanguard Aust FI Idx
Mercer Australian Sovereign Bond Fund,MIN3AU,4.754589119025064,0.7642166266246057,47.212142653055345,5.586597764990242,1.6600051763526549,Domestic Duration,Domestic FRN,0.02376840503071417,205,Mercer Australian Sovereign Bond Fund
Russell Australian Bond A,RIM5AU,6.910827491045843,8.670621037192005,67.96719701900398,3.7437700985106916,5.4006686879088415,Domestic Duration,Domestic Credit,0.017247764773626943,244,Russell Australian Bond A
Mercer Indexed Australian Fixed Int,ADV64AU,13.251416951195115,11.875620001507325,94.97458785686312,-4.866413396467227,1.5320920329847207,Domestic Duration,Domestic Credit,0.016845230829250074,244,Mercer Indexed Australian Fixed Int
Pendal Government Bond,BTA111AU,8.527052822426105,3.6054764453104435,65.93024952128938,2.5594427878850614,0.5698073906205227,Domestic Duration,Domestic Credit,0.022150563150626842,244,Pendal Government Bond
iShares Wholesale Indexed Aust Bd Z,BGL1AU,2.7098085493611737,-0.2729805743590888,34.30424591090095,0.4044515880187937,-1.2722799356312398,Domestic Duration,nan,0.02357274196490074,244,iShares Wholesale Indexed Aust Bd Z
DDH Fixed Interest,DDH6AU,4.711503531253531,6.379896510528774,48.268352683885524,3.487302899336627,1.810329366913041,Domestic Duration,Domestic Credit,0.018350907843307944,214,DDH Fixed Interest
Macquarie Wholesale Australian FxdIntstB,AMP148AU,3.030909776164197,10.754721638036571,70.94687813700946,-0.22441353250880433,2.7020163552028085,Domestic Duration,Domestic Credit,0.01902712808459649,228,Macquarie Wholesale Australian FxdIntstB
Schroder Fixed Income Fund - PC,SCH16AU,7.215500328456815,6.771775880855284,50.83322972611796,0.7379566624364402,5.559627362233679,Domestic Duration,Domestic Credit,0.017332477358026843,244,Schroder Fixed Income Fund - PC
iShares Australian Bond Index,BGL15AU,13.26017762295782,12.128695243886828,98.56431752764091,-4.662478079872156,2.022133867881196,Domestic Duration,Domestic Credit,0.01716273030759975,244,iShares Australian Bond Index
CFS Index Australian Bond,FSF653AU,11.257333366347508,11.597237255451681,94.00300851286124,-4.255275669521546,1.4364242213563883,Domestic Duration,Domestic Credit,0.01736662554638245,241,CFS Index Australian Bond
Janus Henderson Australian Fxd Intst,IOF46AU,5.393583310484008,9.749797803520968,53.757426486924146,0.39896588732583205,4.011493661213988,Domestic Duration,Domestic Credit,0.01884699038370201,244,Janus Henderson Australian Fxd Intst
CFS Macquarie Australian Fixed Interest,FSF27AU,4.856863619984148,6.671044889546406,43.2673273390395,-1.021556263741723,2.3393051539979917,Domestic Duration,Domestic Credit,0.01653823670859259,244,CFS Macquarie Australian Fixed Interest
Macquarie Enhanced Aust Fixed Interest,MAQ17AU,14.89182170307555,8.286645803695398,91.27590363936953,-1.6267247957691051,2.6186403030974015,Domestic Duration,Domestic Credit,0.01709594223951367,244,Macquarie Enhanced Aust Fixed Interest
Macquarie Master Enhanced Fixed Int,MAQ18AU,12.791152358733545,9.005923328913012,86.24672751039398,-1.4259015667562664,2.4712730039762634,Domestic Duration,Domestic Credit,0.01733700987452896,244,Macquarie Master Enhanced Fixed Int
Pendal Fixed Interest,RFA813AU,6.957052922507921,4.736340507611725,57.14108522532153,1.715487948409188,0.08342905284758331,Domestic Duration,Domestic Credit,0.020246882115788734,244,Pendal Fixed Interest
Vanguard Australian Fixed Interest Index,VAN1AU,11.155832150069326,11.433888974271877,88.52954791337048,-4.159935346690098,1.669015339798405,Domestic Duration,Domestic Credit,0.017334186272875394,244,Vanguard Australian Fixed Interest Index
AMP FLI-FD Australian Bond,AMP693AU,2.2750099409553806,5.514529154568112,59.96532920498313,1.4332397320246966,2.4279910157371387,Domestic Duration,Domestic Credit,0.02047220336941169,244,AMP FLI-FD Australian Bond
Optimix WS-Australian Fixed Int,LEF14AU,3.0053063039882644,8.761782213306805,48.51582597797075,0.892779540244675,1.3422855898660568,Domestic Duration,Domestic Credit,0.0198150272711975,244,Optimix WS-Australian Fixed Int
Optimix WS-Australian Fixed Interest A,LEF41AU,3.0797359619809495,5.309830226343801,9.798879531722351,-1.8949421164862346,-3.4633749863326964,Domestic Duration,Domestic Credit,0.019915831932429778,244,Optimix WS-Australian Fixed Interest A
Western Asset Aus Bd A,SSB122AU,7.964200006777421,9.57046952043715,67.36315376447294,4.591231479590478,3.4564579918632705,Domestic Duration,Domestic Credit,0.017724314919203142,244,Western Asset Aus Bd A
CFS Wholesale Indexed Australian Bond,CMI12AU,11.41550958336477,11.57372032200564,94.1889063591666,-4.181191944018104,1.4350255360219326,Domestic Duration,Domestic Credit,0.01703755226142515,244,CFS Wholesale Indexed Australian Bond
Macquarie Core Plus Australian Fxd Intr,MAQ1AU,2.863332086350995,2.321158850129879,35.76985243420179,5.98675544977511,7.318092002307005,Domestic Duration,Domestic FRN,0.02994238613283608,244,Macquarie Core Plus Australian Fxd Intr
Macquarie Australian Fixed Interest,MAQ61AU,8.855826434705039,6.563522898981554,68.34275582744547,5.6907483580491345,2.2052321815781166,Domestic Duration,Domestic Credit,0.017626824287340973,244,Macquarie Australian Fixed Interest
AMP Gen-BlackRock Aust Fixed Int Ind,NML573AU,6.760183271635539,11.359344757273433,93.22349989599893,-4.377111693381064,2.119860557366277,Domestic Duration,Domestic Credit,0.01707305742865415,240,AMP Gen-BlackRock Aust Fixed Int Ind
Schroder Fixed Income Fund - Wholesale,SCH28AU,6.555714473748277,6.818971722642453,50.76885176296135,0.6849997372224081,5.542407776430778,Domestic Duration,Domestic Credit,0.01738332462682461,244,Schroder Fixed Income Fund - Wholesale
State Street Australian Fixed Inc Idx Tr,SST5AU,8.008020751658957,7.512356696083344,64.35335622322239,-3.094215489453195,1.2255413703775258,Domestic Duration,Domestic Credit,0.018247215380281664,244,State Street Australian Fixed Inc Idx Tr
BT Investor Choice Australian Bond,WFS13AU,5.9415303671673545,8.635544826752891,75.1422790749843,1.1186095947335877,0.9001547220927626,Domestic Duration,Domestic Credit,0.017267821375781003,244,BT Investor Choice Australian Bond
Yarra Australian Bond Fund,TYN14AU,9.458661131781499,8.668452523604724,68.93770549567344,-2.4988104824337407,3.7443273639443393,Domestic Duration,Domestic Credit,0.018400501955010484,244,Yarra Australian Bond Fund
Advance Aus Fixed Intr Multi-Blend W,ADV84AU,5.028547610567466,7.089724122297032,51.98759352462936,3.171252904987936,2.604823591874906,Domestic Duration,Domestic Credit,0.017339760511118768,243,Advance Aus Fixed Intr Multi-Blend W
Macquarie True Index Aust Fixed Interest,MAQ211AU,14.272884735304043,10.730084590523019,96.53213182344022,-3.393235947584406,2.5806173358636477,Domestic Duration,Domestic Credit,0.017062454975121495,244,Macquarie True Index Aust Fixed Interest
UBS Australian Bond Fund,SBC813AU,7.611472316892466,10.940844897692536,70.9267402481423,-2.2564685653465153,1.8859743888107963,Domestic Duration,Domestic Credit,0.018667788134152194,244,UBS Australian Bond Fund
PIMCO Australian Bond Fund,ETL115AU,4.277314156277096,10.368039767081594,50.068492376991536,1.6621682614909465,3.9861875189887677,Domestic Duration,Domestic Credit,0.018583263334400295,244,PIMCO Australian Bond Fund
PIMCO Australian Bond W,ETL15AU,4.120585461966128,10.283150134724707,50.059415771641795,1.6893694466518234,4.018866139324478,Domestic Duration,Domestic Credit,0.01869343997352347,244,PIMCO Australian Bond W
Oracle Fixed Interest Ordinary Units,OIM4866AU,-0.2321154886718404,2.943765841415781,0.425704815172742,2.0357673993429013,-0.7726788785921158,Domestic Credit,nan,0.03730325044630227,31,Oracle Fixed Interest Ordinary Units
Pendal Sustainable Australian Fxd Int W,PDL3438AU,4.876169503413603,4.434408062891234,57.162961034182764,0.6737252846231686,0.3488560518250244,Domestic Duration,Domestic Credit,0.029841933150998784,29,Pendal Sustainable Australian Fxd Int W
iShares ESG Australian Bond Index S,BLK351AU,8.367879042967616,4.555874206759845,83.69430069767301,0.45057111778805686,0.01118321739783272,Domestic Duration,Domestic Credit,0.028512768826596552,33,iShares ESG Australian Bond Index S
Altius Green Bond Retail,AUS941AU,2.3131915009737622,3.52889150855918,50.50233001279905,1.7509624913220565,1.3427909652384018,Domestic Duration,Domestic Credit,0.03312258237741209,38,Altius Green Bond Retail
Coolabah Active Composite Bond Fund,ETL2716AU,1.9868227372339635,2.6430813603461196,34.11416821187675,5.168634624229816,2.814342761542026,Domestic Duration,Domestic FRN,0.027530143232428115,89,Coolabah Active Composite Bond Fund
Western Asset Enhanced Income A,SSB8484AU,2.986755646212513,3.420695591015627,4.029005709497389,1.4726501382311863,4.31031757318369,Domestic Duration,Domestic Credit,0.02719475337674837,40,Western Asset Enhanced Income A
Schroder Fixed Income Fund - CC,SCH6618AU,3.0786133076482867,4.798261908321333,57.49552218217948,1.606027073406777,2.078226317036729,Domestic Duration,Domestic Credit,0.03175727236723138,45,Schroder Fixed Income Fund - CC
Altius Green Bond Ordinary,AUS84AU,1.9758651666086362,3.876972543388173,48.221730332412854,0.33737167343472424,0.42607389591122596,Domestic Duration,Domestic Credit,0.02994533559913616,50,Altius Green Bond Ordinary
AMP Australian Fixed Interest Index,AMP42AU,4.996853332619871,4.309114369362159,73.59806828846594,-1.1301399486233996,-0.6880335737555215,Domestic Duration,Domestic Credit,0.02734212017134761,51,AMP Australian Fixed Interest Index
Antares Diversified Fixed Income,PPL888AU,4.018858232178658,6.669776403590009,57.13366873058014,-0.13952875471617623,0.5208783566662042,Domestic Duration,Domestic Credit,0.024024735276037816,61,Antares Diversified Fixed Income
Morningstar Australian Bonds B,INT21AU,7.070606766959922,3.776060157968589,35.17528935152933,-4.100283238375863,2.0141491686646322,Domestic Duration,Domestic Credit,0.021104018743904593,244,Morningstar Australian Bonds B
Franklin Australian Core Plus Bond A,FRT6143AU,2.5153197320446763,5.3295473245516405,57.069130837639,-1.5840663458894975,2.7597472552906575,Domestic Duration,Domestic Credit,0.0386893549139931,63,Franklin Australian Core Plus Bond A
Macquarie Core Australian Fixed Interest,MAQ446AU,5.2842045054651,5.306132129602835,40.482494043276844,2.1761634049354157,-0.41377990671698517,Domestic Duration,Domestic Credit,0.021095977044250556,224,Macquarie Core Australian Fixed Interest
BlackRock Enhanced Australian Bond D,BGL6AU,5.878816496328239,5.286059669565452,74.66136641707533,0.7258036799760819,1.851185430121631,Domestic Duration,Domestic Credit,0.0207428101599892,127,BlackRock Enhanced Australian Bond D
iShares ESG Australian Bond Index D,BLK2127AU,5.190560174941121,4.504108278907158,90.85894536427081,0.12686132323479574,0.16185714097081047,Domestic Duration,Domestic Credit,0.024841585482887965,66,iShares ESG Australian Bond Index D
Franklin Australian Core Plus Bond M,FRT6435AU,3.004118321530242,5.899299467769486,65.09328980005674,-1.5919222655407774,3.1077069615711914,Domestic Duration,Domestic Credit,0.03481088405238477,82,Franklin Australian Core Plus Bond M
CC JCB Active Bond B,CHN3749AU,4.721185045317302,2.9424864148821146,81.07917456418879,-1.0170430603501166,-3.9804349859747843,Domestic Duration,Domestic Credit,0.032713743202167286,66,CC JCB Active Bond B
Schroder Fixed Income Fund - IC,SCH46AU,8.225529995022898,6.789489705662049,50.899368216206476,0.7607388599199032,5.559244404067872,Domestic Duration,Domestic Credit,0.01735405178704954,244,Schroder Fixed Income Fund - IC
Schroder Aus Investment Grade Credit -IC,SCH44AU,5.989071352277259,16.16390457005764,44.12857049082369,-6.601868321576331,1.5251393876824106,Domestic Duration,Domestic Credit,0.013356000411746434,218,Schroder Aus Investment Grade Credit -IC
Pendal Australian Fixed Interest MPS,WFS2393AU,5.226925481952458,7.971781868413474,85.00393722562927,-3.460131407924065,1.219030059732835,Domestic Duration,Domestic Credit,0.0253908001607628,70,Pendal Australian Fixed Interest MPS
Janus Henderson AUS Fxd Intst MPS,WFS1859AU,3.1794054051347023,6.627332664715572,57.756679881175636,-1.2456707558230204,2.3611820184767853,Domestic Duration,Domestic Credit,0.030037737238433743,70,Janus Henderson AUS Fxd Intst MPS
Macquarie Australian Bond MPS Fund,WFS4874AU,4.100404714154084,7.098956659874009,72.71808237464651,-1.2956161030645197,0.3842440107078769,Domestic Duration,Domestic Credit,0.0263158311274952,70,Macquarie Australian Bond MPS Fund
Morningstar Australian Bonds Z,INT1AU,15.661852450176706,8.616369803052438,81.35527069940036,-7.866076564971456,2.8342024736409503,Domestic Duration,Domestic Credit,0.017146862759936182,244,Morningstar Australian Bonds Z
Pendal Sustainable Aust Fixed Interest,BTA57AU,8.151010566322617,7.981951226117334,108.64565050925076,-0.6558687109848128,1.6110808434435948,Domestic Duration,Domestic Credit,0.022205197973430877,96,Pendal Sustainable Aust Fixed Interest
Pendal Dynamic Income,BTA8657AU,-0.1374572431595345,3.7142953984713163,5.582081535319544,1.9746301141680227,2.3033591246111644,Domestic Duration,Domestic Credit,0.02982001779459714,80,Pendal Dynamic Income
Pendal Dynamic Income Trust,BTA3816AU,0.42136730293622654,3.4904351945419814,5.971120745156485,2.7774459665524547,2.6375754763102512,Domestic Duration,Domestic Credit,0.02884347130699611,80,Pendal Dynamic Income Trust
Arculus Fixed Income Fund,DDH835AU,0.9185817749562493,5.365064297680695,10.719373659592287,0.8534467630026213,0.0994708246129122,Domestic Duration,Domestic Credit,0.018400561005702917,80,Arculus Fixed Income Fund
Perpetual Active Fixed Interest Fund A,PER845AU,1.8590937765359787,7.412280285536933,58.080578410662696,2.18749516855204,1.167284930296802,Domestic Duration,Domestic Credit,0.023427995319350397,90,Perpetual Active Fixed Interest Fund A
Perpetual Active Fixed Interest Fund,PER262AU,7.041430863243522,15.124784832830686,69.85360206063588,0.7086492311483773,3.77389750643155,Domestic Duration,Domestic Credit,0.01756461801614877,232,Perpetual Active Fixed Interest Fund
CC JCB Active Bond,CHN5AU,5.033391354936534,2.2266461614883513,81.90008990802636,-0.31480257306473103,-2.9623839533964955,Domestic Duration,nan,0.027839105919568185,96,CC JCB Active Bond
EQT Diversified Fixed Income Instl,ETL421AU,1.6125725110538365,1.4952335119717812,16.55191679785567,-0.1852297185205378,-0.12205313156135145,Domestic Duration,nan,0.028251267434763912,118,EQT Diversified Fixed Income Instl
AMP FLI S2-Schroder Fixed Income,AMP24AU,-1.792632434070708,5.808810316273422,57.88566060000064,1.0111488385088394,1.9052696461226524,Domestic Duration,Domestic Credit,0.0225404593022799,109,AMP FLI S2-Schroder Fixed Income
Altius Sustainable Bond Fund,AUS71AU,1.1803064521018825,2.94802316963119,21.716760486205487,2.8372495436479475,1.5018449988446836,Domestic Duration,Domestic Credit,0.011093862187370252,117,Altius Sustainable Bond Fund
Pendal Wholesale Plus Fixed Interest,BTA547AU,3.215675247161378,3.4673167385818937,58.281998550699335,-0.7875535925605774,-2.7475953354852414,Domestic Duration,Domestic Credit,0.0253643565487351,117,Pendal Wholesale Plus Fixed Interest
Schroder WS Plus Fixed income,BTA545AU,2.4516320807947576,6.5099146922015585,63.563929959235644,1.08561940808653,2.8933053412948495,Domestic Duration,Domestic Credit,0.021187680716275605,117,Schroder WS Plus Fixed income
UBS WS Plus Australian Bond,BTA478AU,4.5384913627429775,5.874499051445377,75.28629175107581,1.1591756382003937,2.1646912610652387,Domestic Duration,Domestic Credit,0.022881802241818582,117,UBS WS Plus Australian Bond
Australian Ethical Fixed Interest WS,AUG23AU,8.019070609370106,6.721763402065006,123.57408956207667,-2.1292941645390444,0.41397630628069365,Domestic Duration,Domestic Credit,0.020564277799303376,127,Australian Ethical Fixed Interest WS
Australian Ethical Fixed Interest,AUG21AU,3.7175168156592573,6.327422727658704,115.77413799389844,-2.167487091910286,0.6435422905922465,Domestic Duration,Domestic Credit,0.020357094391398413,128,Australian Ethical Fixed Interest
Western Asset Aus Bond Tr M,SSB57AU,4.629808154070682,4.125851761803321,70.63096288081063,2.126618626585819,3.160497574676063,Domestic Duration,Domestic Credit,0.032577226110601806,45,Western Asset Aus Bond Tr M
The Trust Company Fixed Interest,PIM11AU,6.185528355676081,7.566864236505594,17.611550246000004,-1.6607419070722824,3.433861976874388,Domestic Duration,Domestic Credit,0.014235841644331336,244,The Trust Company Fixed Interest
Macquarie True Index Sovereign Bond,MAQ636AU,11.049788319825018,4.388343088685592,105.67419297234663,-4.401062606643964,0.15556542429356074,Domestic Duration,Domestic Credit,0.024870713690920667,176,Macquarie True Index Sovereign Bond
BlackRock GSS Australian Bond Index,NET23AU,1.417675996555046,2.751575575153958,17.185825570727616,-1.0859975344512731,0.08222240258990081,Domestic Duration,Domestic Credit,0.03314895388123257,142,BlackRock GSS Australian Bond Index
OA Schroder Fixed Income,MMF1931AU,0.9956563924965822,6.184684465833792,58.719862339019954,2.4319007290184427,2.9599549099854947,Domestic Duration,Domestic Credit,0.01846632231610153,165,OA Schroder Fixed Income
AMP FLI S2-FD Australian Bond,AMP149AU,0.8170963195213475,3.1923296251951676,61.929814782526165,2.43460711858332,1.57608733923077,Domestic Duration,Domestic Credit,0.023239271516726907,169,AMP FLI S2-FD Australian Bond
Macquarie Wholesale Australian FxdIntstE,AMP1388AU,0.7346180240599225,7.776373069546543,81.57754448732307,4.799065719331098,2.465696081193716,Domestic Duration,Domestic Credit,0.019740166517398853,169,Macquarie Wholesale Australian FxdIntstE
Janus Henderson Australian Fxd IntstInst,IOF113AU,5.8064077073987095,9.791807567955297,53.36909379885643,0.030045948694670123,3.8285582377824365,Domestic Duration,Domestic Credit,0.018783520265621807,244,Janus Henderson Australian Fxd IntstInst
Janus Henderson Tactical Income,IOF145AU,5.0482935685706,5.440813875174252,10.481196516141065,5.172133455717528,4.57548957366882,Domestic Duration,Domestic Credit,0.018640228275864406,182,Janus Henderson Tactical Income
PIMCO Australian Short-Term Bond Fund,ETL175AU,5.792356474953152,6.733862738632644,39.73121494886611,3.8175244466940272,4.248768688398337,Domestic Duration,Domestic Credit,0.008292405233724933,186,PIMCO Australian Short-Term Bond Fund
PIMCO Australian Short-Term Bond W,ETL182AU,5.756297125668715,6.6216672744461835,39.901504109441014,3.904702673809017,4.168538632826983,Domestic Duration,Domestic Credit,0.008227225109481297,186,PIMCO Australian Short-Term Bond W
Vanguard Australian Govt Bond Index,VAN25AU,15.230001428087903,6.142061092530313,147.00564994536194,-2.9316822736033696,1.6746414900770639,Domestic Duration,Domestic Credit,0.02282772977846743,188,Vanguard Australian Govt Bond Index
Macquarie Wholesale Australian FxdIntstO,AMP981AU,9.097439737639604,11.371823158517781,74.1723616222241,-0.34683693773258667,2.536173778121946,Domestic Duration,Domestic Credit,0.01822389996261377,236,Macquarie Wholesale Australian FxdIntstO
BondAdviser Income Plus Portfolio (Listed Securities),BondAadviser,3.37072503539234,1.0218798397169204,2.8230330924665243,4.929887848217205,3.361072450480886,Domestic FRN,Domestic Duration,0.026662977280627814,101,BondAdviser Income Plus Portfolio (Listed Securities)
