,apir_ticker,const,Market,Value,Size,Momentum,Quality,Classification,Tracking Error
Tyndall Australian Share Income,TYN0038AU,-1.1181643887809047,38.707775435337545,5.233579600896616,2.216514971697155,-0.8985141899835821,-2.306161253413928,Value,0.04462489176090808
Bennelong Concentrated Australian Eq,BFL0002AU,0.17427512506392157,22.962758329868244,-2.424733323392919,4.213851016188592,2.701742999520112,2.156892725380186,Size,0.0870373204776266
Bennelong Australian Equities,BFL0001AU,-0.31773800541812813,29.536624837622544,-3.6915364148790304,3.4563380782075326,2.4404280613230043,1.7947589648068356,Growth,0.0694323038578502
Solaris Core Australian Equity Inst,WHT0009AU,0.33673024344444313,89.77357820479514,-4.5786602914148204,-1.7344670411430612,0.4761950011419009,-3.3940854477071314,Growth,0.021467701976845704
Ellerston Australian Share Fund,ECL0005AU,-0.09703342711077872,21.260344714591472,0.5834861564353387,4.324944865814059,-1.9661814299755005,0.13072758811097906,Size,0.07279896924097984
U Ethical Australian Equities Tr - Retl,UGF0001AU,-1.0485117513632896,39.43450393379678,-1.219657210180402,3.7468268285208315,0.7840463323391409,-1.3804357950555395,Size,0.046444697145619294
Perpetual WFIA-Vanguard Australian Idx,PER0546AU,-13.08923787624825,233.10421330807904,-0.6013685416829293,2.037084770973427,-1.273946107202432,0.7306991081505442,Beta,0.00867812927491866
Bennelong ex-20 Australian Equities,BFL0004AU,0.188240254831917,22.28163981556302,-2.7898301735778306,7.013252352527212,2.7970766556579076,1.0604765855924267,Size,0.09350117475790201
Maple-Brown Abbott Australian Sust Fut,MPL0544AU,-0.977560054666463,47.944185591370804,4.587305521057242,-0.8216548118868023,-0.5266697413920683,-5.1043027430519174,Value,0.03910074826076862
Pendal Australian Long/Short,RFA0064AU,0.5311296492537613,79.4233540732897,-0.9595725519772389,-3.0449057010793874,-1.6645574738985887,-0.7972765124410752,Alpha,0.023281949315389128
OC Micro-Cap,OPS0004AU,1.9870320723289197,14.259977421041254,-1.3726970564614462,6.837225737275975,-1.8804194213674266,-1.263116799634047,Size,0.13851279658764945
Ausbil MicroCap,AAP0007AU,3.4861248499394066,14.740557695345235,-0.4417605171750567,9.004519514404722,3.2931043373280904,-2.1299860256185963,Size,0.14370469187682583
Pengana Australian Equities Class A,PCL0005AU,1.3346639267196339,23.67920372508065,1.6075586830447424,3.5848132392200602,1.1258622273773815,-0.6824480469269494,Size,0.06598944476738527
Australian Ethical High Growth,AUG0008AU,0.563687947269685,28.291124251980136,-1.3261989285427842,2.747470268275779,0.9807810863671871,-0.43134263087104063,Size,0.05288579093477423
U Ethical Australian Equities Tr Wholsl,UGF2230AU,-0.3803733945041352,39.010764396107454,-0.6995306104322565,3.0901725386399392,0.8157355580954909,0.18354144717929094,Size,0.047749552335265
Ausbil 130/30 Focus - Institutional,AAP0003AU,-0.9381652644481149,44.42822238781087,-2.583530063524162,-2.5962971649276394,0.45510742542215665,0.1888911314171697,Growth,0.03546056280113099
Yarra Ex-20 Australian Equities Fund,JBW0052AU,-2.306203491395316,35.115284050872354,-0.7845469865858253,4.043052675843239,1.6981832231630922,-1.361754266962589,Size,0.05645450085435134
Spheria Opportunities,WHT0025AU,1.3963369235080287,23.75160956489489,-0.024395900943854295,4.391548129477087,-0.10531826248299751,-1.502353796699493,Size,0.0702231085280045
Tribeca Australian Smaller Coms,ETL0052AU,0.5713723983175553,28.414557655532143,0.8067438288413394,13.391049812063672,1.123121986406714,-1.9411174215281,Size,0.0864364646754616
Investors Mutual Concentrated Aus Share,IML0010AU,0.6751793058106881,20.831020442288896,-2.911959544059819,-0.5282297261467136,0.7902254714687301,-0.5761939953422488,Growth,0.06856273195085233
Martin Currie Real Income A,SSB0026AU,1.288284707463418,15.29989090364899,-1.2044929778789186,1.1445986527250707,2.5965239453846025,-2.854105894922373,Momentum,0.0850930846842454
Regal Long Short Australian Equity,AMR0006AU,0.043175949172462244,21.432270108118235,1.2266480492955318,4.646847663543065,4.751124698496316,-0.9186205115621195,Momentum,0.08795926616824579
Russell After-Tax Aus Shr (SuperInvs) A,RIM0046AU,-4.275289172716644,109.07017780333847,1.2480580310095946,2.41308964877983,1.0234333167556438,-2.7725872513152403,Beta,0.015519395796500586
Regal Australian Long Short Equity,RGL0002AU,0.568291926474427,22.910758113628354,1.1451363343682486,4.75101798288612,5.053041121218549,-1.319400289365143,Momentum,0.08710941084789356
Third Link Growth,TGP0014AU,1.7815016678480629,33.52575893944944,-2.2596833349055125,8.132953267211827,3.7126362495965686,-1.110984308479581,Size,0.05660577011049626
Plato Australian Shares Income,WHT0039AU,-5.670107924560708,84.89401991200631,4.076059755113693,0.5983653336133111,1.98536258328949,5.207331682034888,Quality,0.020999291802570284
CFML Schroder Equity Opportunities,NRM0028AU,1.2298474542026339,32.79838104103848,2.318552576372793,1.5967593290690485,-2.7529586160537187,-2.8369165959365517,Alpha,0.04627008304817897
Microequities Deep Value,MIC0001AU,2.225368625452698,11.380723463549266,0.9394100820255259,5.5984568926893665,0.6133307521486833,-1.3005824241526682,Size,0.12708598917204866
Fidelity Australian High Conviction,FID0021AU,-0.966968020456423,54.79325065884821,-1.4884103849914372,4.213227488741011,2.896640049874217,0.08122757765142197,Size,0.029453034136698673
State Street Australian Equity,SST0048AU,-2.1172863188068725,28.683103286267894,-1.1058571447594399,2.6858790172203006,3.577691021556759,3.2020516989488383,Momentum,0.06172478411735965
Lincoln Wholesale Australian Income,ETL0324AU,-2.1723049965470445,24.271743558568275,0.3860264465976468,2.8686762482439905,1.327274547035785,1.7770168743633015,Size,0.05850401663626861
The Montgomery Fund,FHT0030AU,-0.004059318666236797,21.25993713206967,-1.771827804738952,2.4850749854602108,1.373875915897507,-0.38650442872663776,Alpha,0.06391763618576192
Smallco Broadcap,ASC0003AU,3.670242570104096,21.56614112783058,1.5076764202518464,6.210952821054169,0.9891465473283357,-0.4773995664302813,Size,0.08756890972964931
EQT SGH W Emerging Companies,ETL0375AU,0.7764706424658044,11.655864424319969,-1.3107332664415938,6.062926091456717,-0.6059986816139977,-2.7724210313781614,Size,0.16688448038277254
Lazard Defensive Australian Equity,LAZ0022AU,2.158859105913944,17.27611675223931,1.4902979295231196,1.778919386912851,0.9879699883866926,-2.734857277164546,Alpha,0.07034710504241155
Mercer Australian Shrs for Tax Exmpt Inv,MIN0087AU,-1.324089858545457,55.433765927578484,1.9434725153620316,1.337384161790309,0.25602484769093486,1.745176413015777,Alpha,0.024967932737758058
Prime Value Opportunities,PVA0005AU,-0.7332959519707999,38.023195366616285,-1.683865406250432,5.598898761455732,4.3778997506241595,0.414062850908872,Size,0.04539827291532543
Fidelity Future Leaders,FID0026AU,-0.3761970227842151,30.76775077172054,-4.386237274069773,10.31037690124338,4.870991840279537,1.7416456615031048,Size,0.08240035048824146
Ophir Opportunities,OPH0001AU,3.377811253874554,14.804517504060959,-0.1078458976395481,8.918841607520275,2.8819972046220297,0.5202287533281974,Size,0.1185929607095793
Perpetual Pure Microcap Fund,PER0704AU,2.4838900705664178,10.550716084373734,1.0487082454845684,5.701824246750251,0.9213169128662331,-2.7405449373999597,Size,0.12144930412264815
Implemented Australian Share Portfolio,PER0708AU,-1.1763290588335642,59.78739047055843,-1.137779558558934,6.598960500811246,-0.7841523782389955,-1.816002409450113,Size,0.02899084227153613
Microequities High Income Value Microcap,MIC0002AU,1.513710950388998,13.145908510100215,3.6662213335252187,7.676960780279428,0.720976121072315,-0.7590478721652486,Size,0.10633138333080225
Dimensional Australian Core Imptn Trust,DFA0036AU,-2.7979742802751715,76.90151169619354,10.26691519779342,4.163230338682754,-2.6214652602898405,2.220372028833838,Value,0.026574435324082137
Australian Equities Extension Fund,BEG0006AU,-1.226010365838791,30.121986043746595,1.6622743807026807,0.28164837754030503,2.6081962177730005,1.543316957594641,Momentum,0.05091649070869727
Pendal Wholesale Plus Australian Share,BTA0476AU,-0.8860104984551194,53.661908951372695,1.3215765662722079,1.2167676017200364,-0.11171724847129974,0.2573627671881045,Alpha,0.02386952160257389
Ironbark Renaissance WS Plus AU Small Co,BTA0477AU,-1.7700628852234532,21.153842469493817,-0.5074701408734954,9.398170551664807,0.5112277478110642,0.8365266641853951,Size,0.07901992790419772
Bennelong WS Plus ex-20 Aus Equities,BTA0480AU,-0.1578023123270205,16.491452273628788,-3.408647307986832,4.620294610965511,0.6057281173936295,0.3085219383467195,Size,0.10355960376524494
Fidelity WS Plus Australian Equities,BTA0481AU,-1.7410953947283083,48.55066726470115,-0.07084132739227593,2.8563054280108733,2.5486180778441545,-0.09353863440981673,Size,0.02830183533428236
Perpetual WS Plus Australian Share,BTA0482AU,-0.7188043567325929,28.16067904762764,2.0264588927481144,2.309523467051261,-1.158691516085364,-0.8057714819285676,Alpha,0.04461429919395924
Schroder WS Plus Australian Equity,BTA0483AU,0.15008867519900373,44.73434359628289,1.5762160630286723,-0.7787846481178216,-3.245708887916281,-3.3018779245462127,Alpha,0.03434468013553319
Tyndall WS Plus Australian Share Fund,BTA0537AU,-0.8604471777985356,28.246516396951932,3.1722555180368115,1.3382394018511818,-0.5785510132586746,-2.1318488432511233,Value,0.05241710769634606
DS Capital Growth Fund,DSC0001AU,2.4112292531148762,18.026304713800165,-0.388427633222944,7.478563926047937,2.575407153759954,-0.4164511403504091,Size,0.07902259741250503
Cromwell Phoenix Opportunities Fund,CRM0028AU,2.78389032812649,8.226374049558713,2.820595267267713,4.531611245710743,2.209625541841976,0.21010244152835938,Size,0.11533159681628075
UBS Microcap Fund,UBS0057AU,1.6315765808291458,11.473905811353067,0.742342802232956,6.80393177316794,1.489548787468267,-1.5109379307672715,Size,0.1103894057295925
Regal Australian Small Companies Fund,RGL0004AU,2.0965049058235232,9.221743233788157,0.7568137301929255,5.475049044884609,2.9184794657108037,-0.9879579330388603,Size,0.2028086205417647
DNR Capital Aus Eq High Conviction R,PIM0028AU,4.43470198049141,40.739245844536796,2.6331386642789805,2.0468062066758184,-0.2756148578667461,-2.5561202034548307,Value,0.0473365394654536
Australian Ethical Emerging Companies WS,AUG0027AU,1.6514746577651889,12.535441269211189,-0.2304224246293149,5.358806256736537,-0.21323933616382285,-1.5903044359829832,Size,0.09802899898352566
UBS Australian Small Companies SIV Fund,UBS0063AU,0.07628035532823772,11.323191439790515,2.027479360228421,8.056630576697659,1.716660492305444,-0.6633154686182839,Size,0.11881897997255243
Cyan C3G,CIM0001AU,-0.13349923893464669,5.933944415458289,0.34631424572116054,5.156257679254867,1.4407649197695243,-2.0132592471175057,Size,0.16551712875864258
Martin Currie Eth Val WithInc,SSB0064AU,-1.5524335693453117,27.39895100399861,1.1815892498552827,3.6284377921143713,1.036458732095617,-3.27011542217013,Size,0.04448799050988479
Flinders Emerging Companies A,ETL0444AU,-0.7682664519117819,20.324898029862734,2.4931031000622594,9.861866857268927,1.6675510152289983,0.5804358556355012,Size,0.09101334676286915
Katana Australian Equity Fund,KTA0002AU,1.7723522272012455,24.331401144334663,1.9471393426585382,7.187649182526739,-2.0212517641226313,0.030214367464719123,Size,0.06460626465350128
Bennelong Twenty20 Australian Equities,BFL0017AU,-0.8322873570657597,26.948283904489443,-1.3783374453154011,2.7483101231219043,0.021613256698749386,0.04394946520201753,Size,0.049374966955096244
BlackRock High Conviction Australian Eq,BLK0012AU,-1.7809248554185697,16.636061686488514,-1.6603747727122145,5.900161048577629,1.0248439149481219,0.03276589245202689,Size,0.09045029861943622
Spheria Australian Microcap,WHT0066AU,1.836655495753894,9.99448907367796,2.2976579369713184,6.205358008528812,-1.0784896368494692,-0.5481796739859043,Size,0.11778462836762424
Touchstone Index Unaware,BFL0021AU,-0.3506370802006717,28.90763689251495,-0.9120509106318554,1.7599087750724052,-1.4699825075954878,-2.703016026201419,Alpha,0.041268845751716
Collins St Value Fund,CLN6300AU,1.2795726787609152,5.544149746636429,2.1137285536147448,2.4559396172665098,-1.6653627072951498,0.665459947332768,Alpha,0.14182634261389684
Mercer Sustainable Plus Australian Shs,MIN0045AU,-2.382627572405795,69.17982203838625,0.052755362787326426,2.6309567408901042,0.6939199738382401,0.8374681201046698,Size,0.022379795070178968
Perennial Value Microcap Opportunities,WPC3982AU,0.6809747854924307,7.284697465548809,-0.057359587571991645,5.362287438233439,-1.385094102926885,-0.5847956785809497,Size,0.14330885072673366
First Sentier Australian MidCap Fd,FSF8777AU,0.538846327408978,27.333496177531238,-1.1119116003093532,8.342545963786886,-1.6862652081553258,2.402306301527677,Size,0.06529446440886283
Lakehouse Small Companies Fund,OMF6696AU,0.7010576659045702,9.913722409587033,-0.6798898192963267,6.6978017313303395,-0.7979741337948685,1.3476513865679616,Size,0.1709494045977925
Eley Griffiths Group Emerging Companies,PIM5346AU,1.9350139899979901,13.290852142401931,0.7546557235619126,7.063077040191188,1.6769459733367995,-0.5696923464633903,Size,0.10473385653115704
Ellerston Australian MicroCap Fund,ECL0984AU,1.8823677337428817,10.642142696595164,-0.7812932569527071,5.721246334237795,-0.8961027959194936,-1.6488120942463789,Size,0.12265173395656224
Chester High Conviction,OPS7755AU,2.407892228140031,17.942872929563705,1.1408135545720899,5.148602448915938,-0.0822293933553563,-0.47269652226379016,Size,0.0595060011690187
Lennox Australian Small Companies,HOW3590AU,0.9960827851311002,12.650066586115656,-0.0901820977153305,7.2300323096956465,-0.13446911238471482,-1.6308030958166113,Size,0.1130638143052195
Perennial Concentrated Australian Shares,WPC6780AU,-0.7467283979000968,25.744915854279334,3.17405742417799,0.2940117732135203,-0.611024526904038,-2.0332373976521603,Value,0.05010003095156362
Martin Currie Sustainable Income Fund,SSB4946AU,-1.635799311304172,25.820835083997135,0.7874948740454355,2.5062896959611987,0.8799666979043396,-3.780620181132453,Alpha,0.04493845019655427
Solaris Australian Equity Long Short Fd,WHT3859AU,0.3440666194794132,25.57921270809912,-1.1923709066250103,0.9176317315895168,0.7840186746839842,-2.409873178229714,Alpha,0.04791118525708451
EGP Concentrated Value Fund,FHT1810AU,-0.9094314986191854,6.966235117459132,-1.1245284902401167,0.9280419486320343,-0.7020920845186074,-1.7203440066620237,Alpha,0.12283870729913368
QVG Opportunities Fund,QVG9204AU,1.0342552805041614,12.307692718030552,0.023135223063931707,7.155086797087828,3.1707760461620227,-1.1431503737451298,Size,0.14182758579109536
Vertium Equity Income Fund,OPS1827AU,-0.3986038552933411,19.582496795101164,-0.3392259297775921,0.7470132332932963,-2.2303515579426842,-0.5575027023708814,Alpha,0.06310157994873615
AB Concentrated Australian Equities Fund,ACM0005AU,0.16391694068003343,19.29030893164063,-0.147061367277082,0.06136813378302004,-1.0110492632820904,-2.386400896004251,Alpha,0.054357577193912245
Milford Australian Abs Gr W,ETL8155AU,2.2533285182740403,13.246416837730699,0.6147675415326204,1.9446171977320905,-0.10163686330780493,0.2585141934209321,Alpha,0.08305323686553241
Paradice Australian Mid Cap Fund B,ETL8772AU,-1.1881363001700804,30.198610396612104,-0.20197728039756913,8.957100165469276,3.671284810522862,0.8057514392293292,Size,0.05926486840083799
Paradice Australian Small Cap Fund B,ETL0739AU,0.41173888698297056,13.174570442176913,1.487137525629381,4.733046091421369,1.020443228095752,-0.23621883127918838,Size,0.08897597209993717
Morningstar Australian Shares Fund B,INT0023AU,-2.899205362476766,41.681053779393764,2.0925763329465457,7.681022869185352,-0.6498729914446663,2.765081185119823,Size,0.043730653977204416
Paradice Australian Equities Fund,ETL8084AU,-0.20808355334847728,27.206972788660124,2.003278158911501,0.835007737190072,2.5464251034861003,-1.1608843669026754,Alpha,0.04248724289151916
Morningstar Australian Shares Fund Z,INT0002AU,-1.3345650783671168,25.7571721786041,1.39207195520498,6.595925822588556,-1.5969225901067219,2.137569960207452,Size,0.0516444602175649
Tyndall Wholesale Plus Aus Shr Inc Fd,WFS8168AU,-1.0674011643366363,26.419576208899908,2.8586524781905474,1.1383805565888792,-1.5806796459470178,-2.4120735672998337,Value,0.048780073066220654
Spheria Wholesale Plus Aus Smllr Coms Fd,WFS8908AU,0.30015685542024473,14.48614800099991,1.0395489676522065,6.765701210229707,-2.2495177166402747,0.14057693991157438,Size,0.09652290919544519
Bennelong Emerging Companies Fund,BFL3779AU,1.9810858807025609,8.707088261893299,-0.6096689371709373,5.360426717497221,-0.5237906739299851,-1.2877428750715523,Size,0.18140067891202596
CI Australian Equities Fund,CIP0005AU,0.6772385279039139,47.77376512849722,-2.8429168028883915,0.4468841413643057,2.0560789225434326,0.7546403304288624,Growth,0.041115602081005585
Lennox Australian Microcap Fund,HOW1289AU,0.8106373609421595,7.075995237977592,-0.4174700479965448,4.508001695428756,-0.5735018533633105,-0.9245218791046526,Size,0.1586835044356574
Prime Value Emerging Opportunities Fund,PVA0013AU,1.362784864168392,11.367101123954846,0.49930743196410304,6.70716426913555,1.4152588545844653,-0.7499360448536206,Size,0.09478201435557966
Firetrail Australian High Conviction,WHT3810AU,-1.1587201317652303,19.89517727775785,1.2541098173702543,3.127629938754996,-2.84816756123538,-0.3040483217146361,Size,0.05899339220513849
NorthStar Impact Australian Equities fd,ETL6826AU,-0.3193144256467779,10.617470360443978,0.3331674706322176,2.3289817583717394,-1.5892007125816123,-0.1989928920783858,Alpha,0.10754118638216302
Ausbil Active Sustainable Equity,AAP3940AU,0.4987244808051187,31.268188647471554,-3.037242081883622,4.487737485097671,2.094341171137251,-2.6829708605708835,Size,0.04954067766059378
Ausbil Australian Concentrated Equity,AAP9227AU,0.2759416793385701,38.43115470427561,0.8960064514881919,1.8380422653480684,2.5765346908580287,-1.6665209956431246,Alpha,0.03300476512797921
Microequities Pure Microcap Value,MIC5676AU,0.5299088536884298,8.934179930420699,0.34261478305012233,3.452869728086778,-1.2275229803531902,-0.2861415005282467,Size,0.13741806965193348
Airlie Australian Share,MGE9705AU,0.9946509468341793,31.03303456007929,-1.171959824463893,2.3428254832013966,-0.16856030347045498,0.15691513560534245,Alpha,0.036229102901792966
Saville Capital Emerging Companies,OMF8185AU,0.3221992728046405,4.6835795879463085,0.33370000680124934,5.009447699469626,0.33870925578128813,-0.6525858735657036,Size,0.23324915449209593
Warakirri Ethical Australian Equities,WRA7701AU,-1.9735611315670394,37.80625772315375,-2.0910613118061425,-0.622047610578623,-3.4393663841611,-0.47938533894155894,Alpha,0.03120003507624656
Equitable Investors Dragonfly,EQB7664AU,-1.6854182328831406,3.85079100998157,1.8236665314768692,2.7224125767910956,0.3221863227170445,-0.7675339187587353,Size,0.18706093891775583
Selector High Conviction Equity A,SEL0461AU,0.30993217995544226,21.744838789085946,-0.9105777384846262,7.7710061326536986,0.5589011628034324,2.256260760866183,Size,0.10257668553595796
Fidelity Australian Opportunities MPS,WFS5839AU,-1.8706883478476821,38.735786358382434,-0.2488533088593119,4.951179913580418,-0.16904127114694828,0.28000167082287647,Size,0.03138644878379262
Realindex Australian Shares MPS,WFS2157AU,-0.680980919249418,63.35852562818674,6.728183318841327,-1.5351112939944327,-0.8685306286486189,-0.5580760063462791,Value,0.026385441710649334
Solaris Core Australian Equity MPS,WFS4487AU,-2.7242288105643917,59.444169569909214,-1.9120016030304106,0.9440568771233314,0.5787728583830993,-2.626781470001,Beta,0.01933007763223663
Dimensional Australian Sustainability,DFA2068AU,0.008834329875818395,41.39407568302377,-0.004422820621739218,6.3778692913376815,-0.34015095140263074,0.7239825438180041,Size,0.03938265243729195
Schroder Australian Equity Pool - IC,SCH0100AU,2.1619947251175216,64.04116821243491,4.924386557647834,-0.4293593662424337,-4.975959286791278,-3.148617337627734,Value,0.03418142965198277
Ausbil Active Dividend Income - Wholsl,AAP3656AU,-1.1513231241448019,44.42316253298076,2.3808358884873932,0.9503562209883898,2.7328184680605734,0.10387902089167379,Momentum,0.02591475979079031
Ellerston Overlay Australian Share,ECL0012AU,-0.6121321708613632,13.494132884363152,0.20856940271711286,3.0293719049771424,-1.7988502626001988,-0.4650236548266304,Size,0.09273424262566345
DNR Capital Australian Emerging Coms,PIM4357AU,1.1513092125789992,10.4591033518928,2.030234466553757,6.586567002700755,0.08577522586194401,0.8328219978388702,Size,0.13037054767585024
Microequities Value Income,PIM9091AU,1.3623973867477503,10.24001394536521,1.7868131903515223,5.1953941060115785,0.2480192278266698,-1.24562967020205,Size,0.10336132643846814
Clime Smaller Companies,CLA1557AU,-0.1298562343927855,11.802495347023564,0.29166806288869285,4.696096088226447,0.6076519679587341,-0.5180390187367804,Size,0.11001871782798467
Martin Currie Equity Income X,SSB0044AU,-2.215476961750582,34.76635612951565,2.71835497515011,3.735762401595316,2.6437908318497865,-1.3931764836434943,Size,0.042864537542298714
CI Brunswick,CIP0002AU,2.7416229945009056,29.126686571327653,-0.2234463466514782,4.439231747604711,2.034947577127543,-0.08059194833860704,Size,0.060823239508510395
Elston Australian Large Companies A,ETL7541AU,0.35403608082445004,17.30086833442883,1.064424781106355,2.402587348546115,-0.9114310667569328,-4.545365439534814,Alpha,0.06825628301451336
Affluence Small Company Ordinary,AFX0240AU,2.09876628702984,10.486936861204764,2.6164114611619675,6.8198520754072804,-0.8082418143677194,-1.77731975611553,Size,0.08468088505524442
Perennial Better Future Trust,WPC5600AU,0.17896178748584218,15.717481789456741,-1.8103002227513383,4.540469464859937,-1.8379749856132344,-1.4264574742266574,Size,0.08162373905454663
Macquarie Australian Emerging Companies,MAQ7203AU,0.6139918577050849,12.423785618279803,1.1909263877387468,7.769930407440245,-0.348392052454287,-0.4564833557573112,Size,0.12819286963721493
Bombora Special Investments Growth,BIM8414AU,1.1965896597632353,4.187216595361309,0.6884260257162115,2.2424107420276074,0.5527722401784607,-0.8474314917427495,Alpha,0.1376712686634586
AB Managed Volatility Equities-Carb Ofst,ACM3950AU,-0.9485531089691808,16.35585645923245,-3.436881937065909,-0.6129431707387042,1.8218971109504019,1.68782469910051,Growth,0.0869999268765089
Australian Eagle Trust,ALR2783AU,1.2816844720602856,19.34581681529524,1.321661929621208,3.621053441216241,6.604851378815093,3.038573647037488,Momentum,0.08395760519120182
Paradice Equity Alpha Plus,ETL8096AU,2.866721154422991,21.08923934416867,3.169513913155954,1.0237808540335809,1.7529867885014985,-0.15725611135912917,Value,0.05029808072872626
CC Sage Capital Equity Plus,CHN8862AU,2.6595538798883047,30.456510997268747,0.45215559717092246,1.5159930007288438,1.1404526367751997,-0.6132680391819908,Alpha,0.03452630529845026
Milford Dynamic Small Companies Fund,ETL6978AU,1.898404317065143,18.775030539557594,0.21363912263151041,8.589402931825777,0.8019759301815423,-0.5476598994085944,Size,0.07121205952245305
Montgomery Small Companies,FHT3726AU,0.9657057846837913,11.598061985228156,-0.1548066501537295,7.221322135410706,1.1500015256285223,-0.1844965700714626,Size,0.11456843519479933
Perennial Value Emerging Companies Trust,WPC7408AU,-1.0908433963058348,7.424056488743777,0.5206007186006858,4.432317068025486,-0.3694451157648408,-0.8342277379891028,Size,0.1494846399947607
Regal Emerging Companies III,RGL2432AU,1.944067162915245,3.181085872516614,0.06549506106518582,1.107808773419374,2.719623199029405,-2.255354108075721,Momentum,0.20934743832289893
Longwave Australian Small Companies A,WHT9368AU,-0.7110250905659531,24.472877392547954,2.4488121887127434,10.186592842932184,0.6692506740869942,2.3203129117189305,Size,0.07082495972874353
Eiger Australian Small Companies,HOW2967AU,0.6538863396819606,13.280622418764423,0.22006214743534325,7.21591579623364,1.7468642407442292,-0.592888719374504,Size,0.1039830397935046
1851 Emerging Companies,PIM5565AU,1.5890774452099876,12.041912292910137,0.46651696959132477,6.083427380749339,0.1355404735532389,-1.7729062944532166,Size,0.10710279254831996
Armytage Micro Cap Activist,ETL3064AU,1.4844199979503125,3.0593267140213976,0.461841016159992,1.6109958883426034,0.3894681058075261,-0.12143705554745372,Alpha,0.17335857142103625
Sterling Units,STE0001AU,2.253368801991688,10.824436915549656,3.1155837978476266,5.347373768447882,0.8209016412069895,0.4921114066363717,Size,0.10862567395545182
Perennial Value Future Leaders Trust,WPC1770AU,-1.5452004659222407,7.332505406637374,0.7397632614414567,4.689388175476289,-0.31867048080133675,-0.753515898502836,Size,0.1532308271037876
Equanimity High Conviction Ordinary,TOT3036AU,,,,,,,Alpha,
Anacacia Wattle Fund,ACI0632AU,2.6318155951834274,8.307725618458248,0.4495863255333484,6.183771451140877,0.8243741305274257,0.11664170646437855,Size,0.11700291706929447
Australian Small and Mid-Cap Fund,BEG4601AU,0.09612234894875342,13.75601322733499,-4.510428624440518,3.895649552949319,0.10375135364643652,-0.6129268934312291,Growth,0.0937346780689895
BlackRock Australian Alpha Tilts S,BLK6723AU,-3.225827630458099,80.82549497503638,0.4120441276326356,3.138564313055422,0.6193825518033466,2.1187184446900624,Size,0.013532371754723303
ECP Growth Companies,OPS2991AU,0.8605873207524722,10.239300752866079,-2.846606901473471,2.7566879083056106,-1.0691511684431576,-0.036627401636925835,Growth,0.11106665369890178
Melior Australian Impact,PIM4806AU,-0.2650046765683681,22.386954501310303,-1.1734480613665677,1.6655529575427954,-0.18371082511388837,3.0473566725321404,Quality,0.053657124952642556
DNR Capital Australian Equities Income,PIM8302AU,1.1294348193346588,11.128225920793788,-0.5182663383056598,1.659003314796323,-1.4272535233905654,-2.9998486683576866,Alpha,0.06651066248228636
Sandon Capital Activist,FHT0010AU,1.590829994529873,8.92261476020989,1.224801361056343,3.9612034382192394,1.3938978674119111,-2.4978468087242103,Size,0.11553650925850116
Ellerston Equity Income KIS Fund,ECL7259AU,0.42797316219641185,17.497011139893374,-0.7437645928205013,1.388477920865661,-0.13478490842232446,0.041470543867540954,Alpha,0.054186858560477245
Maven Smaller Companies,FHT3495AU,0.3016769421962579,3.87649717396902,0.7374637378833567,3.2101306549874713,0.9892753844420076,1.1473525786942658,Size,0.1439577976248447
Pendal Focus Australian Equities,PDL0422AU,-0.26031854849901315,29.626573167396028,2.032334659812015,1.524832165265281,-0.4593701520131675,-1.2021573476462253,Alpha,0.026472790894671302
Spatium Small Companies,VIL2854AU,0.5042444491041796,6.6097557673996405,-0.5307364801325526,3.8744998802630928,-0.9171834431690794,1.580614460725675,Size,0.1656890336584191
Ausbil Australian SmallCap,AAP5529AU,2.573535111920613,10.698266026642923,1.4115204487688657,6.915860361107542,2.2043288603599254,-0.900484803265154,Size,0.10708372188121582
Solaris Australian Equity Income,WHT2589AU,-3.181450516108013,67.2180555653722,-1.6595242848715939,0.28767069871672757,0.11571155274735431,-1.0292755213324667,Beta,0.016834672252904453
Ethical Partners Australian Share B,EPF3813AU,-1.794479906979622,17.91410279653912,0.24563645262121703,2.0168097080064835,-0.2491523256477075,-0.8702333627332511,Alpha,0.05827244056957009
Contact Australian Ex-50,EVO4741AU,-1.2501189286403602,12.796409451789879,-1.4145475785109543,2.824128828125497,2.547275549190961,0.7014447846460565,Size,0.07122024992085065
First Sentier ex-20 Australian Share W,PIM1925AU,0.9870778994452243,14.585745643024246,-1.3260485102447592,7.053502391476784,0.6975215838438313,1.1509635197355232,Size,0.12210277885559827
Merlon Concentrated Australian Share A,HOW2217AU,0.5981581664501778,16.50854135020531,2.0290858187294405,2.3510311118071274,-1.5038413319318789,-3.0267926602832222,Alpha,0.08052449762849014
Regal Emerging Companies Opports Gen,RGL8372AU,1.0417719591691585,2.2098298136862238,2.373315824556424,2.1934047334477884,2.605641369959109,-2.3664707283968958,Momentum,0.1469760466116762
Argonaut Natural Resources,ARG3633AU,2.3656543433097457,4.317221445045977,3.8171658334648777,3.3339155189179315,-0.27390985856212696,2.523033128300907,Value,0.16642059086182948
Warakirri Concentrated Australian Eqs,WRA3342AU,0.2479151847019366,21.390670143755468,-3.47651858355637,-0.21657131135774074,-2.4561147163169545,-0.4836338460254353,Growth,0.039772014448805904
Acorn Capital NextGen Resources Ordinary,ACQ3509AU,0.21273138606902736,3.8086466327278043,2.28144428815633,2.485916132014262,0.7425588555532602,0.22096664759566384,Alpha,0.18548927358360617
Vanguard Ethically Cons Aust Shrs Whlsl,VAN4509AU,-0.8856288549845097,43.89214142365086,-4.706648641725979,2.528824589700435,0.0948343250875743,-1.6445674973444049,Growth,0.034494001511809036
Acorn Capital Micro Opportunities Ord,ACQ4764AU,0.3904240290683255,4.907557565934882,1.2488756013858238,3.0826936760825285,0.19213520007794477,-0.3464481423655423,Size,0.1381654007706261
Mercer Passive Australian Share,NCL0002AU,-4.683314351536874,63.769568010317535,0.003091497837582545,1.4850496473116122,2.0229433451527323,0.5131473167142964,Alpha,0.028246244603153302
Invesco Wholesale Australian Share M,GTU0133AU,-2.0125822058557494,34.48093363464338,3.1028826531314535,0.5480244094563625,0.5680364197011976,1.7764745401008675,Value,0.024499916676134628
Wheelhouse Australian Enhanced Income,PIM2087AU,-3.569864276159724,35.06925802830709,-0.02979546259233722,2.4014271765882653,1.6187023414284425,0.2603336848768973,Alpha,0.024016784565068297
Wentworth Williamson,WWM0001AU,0.4029132791952606,5.552573261341588,0.6034489645905846,2.7430700494445186,-1.0345018303258509,-1.4556825281079853,Size,0.13334062995936868
Ellerston Micro Cap Client,ECL5380AU,0.15733142605513817,6.257197079278765,-1.0753009655763541,3.097180502478401,0.44724566546561634,-1.9399250570666973,Size,0.10464617518307828
Lanyon Investment Fund,LYN3596AU,2.77102370810613,5.35039305979737,2.104970092851021,2.2022364870445683,-1.3702017012184409,3.4594201893596543,Quality,0.1296525978194823
Hayborough Opportunities,HAY1035AU,1.3027630223190678,6.085771426243849,-0.22121575921562364,2.6329937070243603,2.120753772136396,-0.0029157596733612517,Size,0.09826196721358743
Ellerston Australian Emerging Leaders,ECL6748AU,-0.3777621173600189,7.779407305335372,-1.0320504529343777,2.198211368809127,1.2637463581686348,-1.3904163173835986,Alpha,0.10015108055870714
Meme Private Investment Trust Ordinary,MCM3327AU,-1.3447588714697156,3.334737572668657,0.17335226983901664,1.3620475287482057,0.3621764283757134,-1.4344100671067563,Alpha,0.17690530102566634
Yarra Australian Smaller Companies,JBW4991AU,-0.5729593463339209,13.362972328491685,-0.8438190255011441,3.4372430001258785,-1.678631222297867,0.16557697656692782,Size,0.0737932546985347
Maple-Brown Abbott Australian Value Opps,MPL1039AU,1.5714900649695613,10.929126426685182,1.8753290731305776,1.0314500408455543,0.3668399187719847,-3.778617599428346,Alpha,0.06733169191383201
The TAMIM Australia All Cap,CTS9748AU,0.6715493209968512,6.993967716888008,0.970385762463172,4.412956052914466,1.7826013992198466,-1.8565224515336716,Size,0.16657294293333103
The TAMIM Australia Small Cap Income,CTS8008AU,0.7333635763690614,8.83526704875077,1.2254867455029297,3.5033444611490654,0.4223319393449926,-1.5149765498295762,Size,0.14812714199998891
SGH Medical Technology,ETL2825AU,-1.505176270800769,5.833931922835807,-1.5579797443142154,1.2823322339421428,-2.196348571346585,-0.3973989175326961,Alpha,0.10647409609063473
L1 Capital Catalyst Daily,ETL1293AU,1.6076600055095998,9.013069906069038,1.969133164807887,2.4819155390983663,1.8363157802264474,-2.4382187532495116,Alpha,0.08140101693222056
TRUE Infrastructure Fund,TIM4706AU,0.7356908591655514,1.0732235552899454,-0.5399486402627377,-0.7611750898267043,0.6504824980107986,0.5262025081584829,Alpha,0.13109643737744164
Firetrail Australian Small Companies M,WHT2716AU,1.7300450430653909,10.468739476040025,0.6956069363268573,5.942101426898655,-0.44654711387547713,-0.4080221602482239,Size,0.1312263314468119
Elston Australian Emerging Leaders A,ETL7964AU,0.4987527863362276,6.1538805634552896,-1.5890143933498342,2.5186691380197916,-1.7223720402201075,0.32070861186030136,Alpha,0.17706245515398053
Microequities Takeovers and Oppos,MIC1962AU,0.7079367636231132,4.873268938612909,-0.4441856551302414,2.3796091443037146,0.3571836487241641,-0.1789130172473185,Alpha,0.13201743067341887
CI Endowment,CIP0006AU,-1.7121574320259867,30.105522382166846,-3.8732292202276013,0.8332217066842084,2.7540499681335593,-0.2828681142547323,Growth,0.05264305294151523
Dynamic Australian Equities,ETL1574AU,-2.38053803333242,54.79552622422039,1.0841351600482716,2.0115074040065637,-0.02200335585857171,0.9362590055391223,Beta,0.012522502201259911
Perennial Microcap Resources Trust,WPC0911AU,0.5338980108783086,3.4420857226522004,2.263963290261269,3.1892013242430797,-0.1743681549024669,-0.13482197236077975,Size,0.1667202727748461
Surrey Australian Equities Fund,SPC2070AU,-1.0394686351515026,13.316246455265295,0.7972157931246767,7.222811042488926,0.7812779384858887,-0.6392346495967732,Size,0.10015644678150135
Perennial Value Emerging Industrial Tr,WPC1345AU,-0.44671242138254913,4.8438710646142304,-0.507399630942416,2.4450617885123966,-1.7538418371966873,-0.1398331668996303,Alpha,0.1454305320670624
Tanarra LTV II Foundation,PIM5119AU,-1.0874973503002054,5.360428125492426,0.6725714391192369,1.6040353550122028,-1.7813663114831682,0.6427362294358484,Alpha,0.09872604921558359
BetaShares Australian Faith-Based Ldrs,BSC0951AU,0.057468476588102974,22.386600966236244,-6.991034312531065,3.54183246140814,-1.6529815548544118,1.5562628280882236,Growth,0.07551075566599205
Quest X20 Australian Equities,ETL7425AU,1.0989956383334538,18.34604791939057,-2.6424387285967015,4.050356027600181,0.26982365070389697,-3.589882599375746,Size,0.06590496749442852
iShares Wholesale Australian Eq Idx E,BGL0005AU,0.13184881360404663,6.6642996546801925,0.31091853646542944,-0.22229370029784767,0.0560788886459662,-0.5234621623595767,Alpha,0.20887425508272622
Aliwa Alpha,ALP1778AU,1.6674870678909792,2.39427524312475,2.1647101976433127,4.163774702048692,-0.28369338713437614,0.47311643013222626,Size,0.27285685230478063
Ausbil Australian Emerging Leaders IC,AAP5633AU,0.2819287907793365,3.553616809912121,0.4367087725206333,0.9173675001410803,0.4184878729026004,-0.3182662169165074,Alpha,0.1903673006623394
EQT Tax Aware Australian Equity,ETL8439AU,-0.2486955136771634,40.14027123921702,-0.2221439388960335,0.28960079188268145,-1.6978449540557488,-2.210341858834458,Alpha,0.02606251033029865
Platypus Australian Equity MPS,WFS8899AU,0.1784895192751744,12.110866061324048,-2.6329578728701093,0.7762310350199284,-1.1205438258696656,3.2258921492103467,Quality,0.07497469219665914
LSN Emerging Companies,LSP6493AU,1.5050063389965762,11.726713072070673,-0.22036466630396606,2.9702950323786292,0.04911558799922706,-0.22922612228311812,Size,0.07785419781708852
Perpetual Australia Share S,PER9955AU,-0.4980943194554066,10.828263898820172,0.5103893719904964,1.1205993163250054,0.8371763131661791,0.3887496346417354,Alpha,0.05139784648546637
Perpetual SHARE-PLUS Long-Short S,PER8590AU,0.5773883481969633,11.404946171525062,2.098875593841383,2.5286397508607634,2.988108266252809,0.4642611138616365,Momentum,0.05920714530025422
The Elvest Fund,FHT0540AU,2.4566856796808887,7.2608693298731355,-4.012719262356241,-0.893253268095469,-0.5130774966611714,-0.8763192264724079,Growth,0.0823789846422966
Northcape Capital Core Australian Shares,NCP0003AU,1.1554639700083007,18.995845143083034,-1.1610330779779277,0.2443122960646351,-1.3947192532040351,-1.4297663189711534,Alpha,0.09504759199132722
Ellerston 2050 Wholesale,ECL5651AU,,,,,,,Alpha,0.10120147219864362
Martin Currie Select Opps X,SSB0007AU,1.120496589609345,24.960548731274816,5.338954852747215,5.010056678788377,-2.9089513851755906,-2.526172898997028,Value,0.08764626368586662
Baza High Conviction Fund A,TOI6244AU,-1.1299972089530246,5.81572970337935,1.5898084068593774,2.4919004175579755,-1.9250578488288503,0.2588422978496183,Alpha,0.12268682722661091
VP Capital Fund I,VPC9697AU,1.4009130319803087,3.868102150260508,0.12733642280652088,0.533625494520165,2.140629734261888,-0.6356546372486038,Alpha,0.1823659491230267
ELMRI ANZ Conviction Fund,ELM9093AU,0.33861596385749415,10.144727232303424,-3.8102596536504034,1.525194039039839,0.045332664846768,1.0860621351332402,Growth,0.12857218426589442
MA Equity Opportunities,MAA3828AU,-0.09161695936215941,6.897741295694335,-1.9068123140286892,2.3623619646156535,0.19058310876730294,-0.549253715428438,Alpha,0.12807034619920354
CFS FC-Acadian Geared Australian Equity,FSF0453AU,-4.253804793548353,49.44779387996499,2.05761790241422,0.6032115736154123,-0.9251603209883354,3.079469914104765,Quality,0.1431752330139746
UBS Australian Share Fund,SBC0817AU,-1.2908720137692595,59.92110608765919,3.397986220743571,0.11758829307944031,-1.9043074919841125,-3.511995712526893,Value,0.03533895206510713
Perpetual WFIA-Perpetual Small Coms,PER0039AU,0.9810257225586574,27.949286484447654,2.2611795578537945,14.460288953039829,-1.2559877793883087,-0.8350081979626706,Size,0.08601305482639815
AMP FLI-AMP Equity,AMP0018AU,-4.183423522765538,83.96433225916245,-3.358373100325534,-4.072420151738035,-0.21102361668841121,-1.1687271109056006,Growth,0.023978416913865944
Smallco Investment,ASC0001AU,1.958126450486031,16.873326783486412,0.8956843727003809,8.002944034684836,0.4688495290742636,-0.07669132043776586,Size,0.11498322124191442
Hyperion Small Growth Companies,BNT0101AU,1.4045921969634254,15.647321513262831,0.43067533519446755,6.478667999568936,-0.10648021087399288,3.2148158533461673,Size,0.12617879350184352
Macquarie Wholesale Australian Equities,MAQ0213AU,-0.05640157496794059,84.38401316904455,-4.241364076294142,1.0888320888540568,-1.1019777350601858,0.894478081711446,Growth,0.024632980748799833
Advance Australia Shr Multi-Blend W,ADV0045AU,-3.8405834575819435,109.18990030939551,-0.2520496039312062,3.441101390661542,-0.48374529859759413,-0.42430797604821896,Size,0.017915817573904785
Maple-Brown Abbott Aus Shr Retail,ADV0013AU,-2.2753304097983387,55.31063780232411,6.887255657585847,-2.5146338915888515,-1.8600214687398022,-5.229063874260363,Value,0.04123166810784393
BlackRock Advantage Australian Equity,BAR0814AU,-5.456600199731896,139.53550423869606,-3.462076374429337,0.8796151299962992,2.5486995946656403,3.409340351751445,Growth,0.015800277926341828
iShares Australian Equity Index,BGL0034AU,-13.34842814481143,396.7038856468026,-0.8126123054254947,4.0727642840020515,-0.006411307912190821,-2.8177123737628174,Beta,0.005251992036627276
Ausbil Australian Emerging Leaders,AAP0104AU,-0.829806342072032,34.751475147904465,-1.0548304755656734,13.590646777210296,5.159829439740567,-1.0340606690743062,Size,0.08267471693975521
Alphinity Australian Equity,HOW0019AU,-2.1210079648253446,89.49991618810947,1.0793568269452818,1.4803888590044325,0.5413606839718513,1.4815955496519713,Alpha,0.021523403248969748
WaveStone Australian Share,HOW0020AU,-1.5005275286075037,70.86814830232315,-4.614080031609527,3.4317485392458016,1.0736335329782374,-0.07044702781363613,Growth,0.03010971824011627
Celeste Australian Small Companies,FAM0101AU,0.15086937868231381,19.89297808879042,3.4798417428182153,9.66113360901851,-2.41658099938506,0.8049671779435976,Size,0.10348048856153241
Perpetual WFIA-Perpetual Aus Shr,PER0029AU,-1.3017751571169012,48.534119624701844,0.7124063515570365,1.5860330018171167,-0.9707558624194866,-1.4425321419239598,Alpha,0.03822567544427935
Perpetual Australian Share,PER0049AU,-0.20570223479117802,48.317758683747364,0.5677297173118163,1.5217594846163922,-0.9591107955264677,-1.4871112117626577,Alpha,0.03843743634384165
Lazard Australian Equity I,LAZ0006AU,-0.06317942931196516,33.04669112045278,8.64818904273773,3.205763518446526,-0.6712208917681307,-2.3463404336573968,Value,0.060582465199353876
Lazard Select Australian Equity I Cl,LAZ0005AU,0.8938224088335089,21.309456597158096,6.708137575568882,4.372132544278943,-0.13410091875022548,-3.028392065229205,Value,0.08296879491658028
Macquarie True Index Australian Shares,MAQ0288AU,-9.335458529276684,319.2564895852161,-1.2988757765599837,3.2317427668745715,-0.5409041293994,-2.013727070422751,Beta,0.006407244718652562
State Street Australian Equities Idx Tr,SST0004AU,-13.030675202235564,428.6400970393281,-1.1826379435759165,-0.6538081029840471,-1.262284829910367,-1.5797126031099233,Beta,0.0045473887472114085
CFS FC Inv-Lazard Select Aus Equity,FSF0418AU,-0.5035410872594968,29.62120298679829,3.9009230177496397,0.36294558706669966,-2.331197087162295,-3.5891640611229136,Value,0.06316374948302743
Pendal Australian Share,RFA0818AU,-0.9463608892345534,85.24177537341633,-1.566348291440738,-0.2306605403817449,-0.0483907452994059,-1.0460645263691013,Alpha,0.02251532670285634
Pendal Horizon Sustainable Aus Shr,RFA0025AU,-2.1762201486044384,71.39315025298328,-3.317496223459371,1.4445308643604724,1.3264265513563283,-1.0334633229224626,Growth,0.02754016992016218
Macquarie Australian Enhanced Idx Shr B,AMP0828AU,-5.802910795730948,79.40673714461735,0.4530337161291226,-1.900245729610051,-0.5861356944744703,0.9196714719751398,Alpha,0.024391977988203008
Morningstar Australian Shares Fund A,INT0022AU,-1.654941386540781,54.30310850247841,0.24264150351423303,5.796859901019062,-1.9215583517189596,1.3647231378766216,Size,0.03671147178251159
Investors Mutual WS Aus Smaller Co,IML0001AU,1.0101043972220312,19.96869720130559,2.5323992323215534,9.054363314166379,-0.2942946262544657,-1.0483331606102637,Size,0.08397185172739502
Macquarie Australian Enhanced Idx ShareA,AMP0257AU,-11.068108484189631,313.11859611543343,-1.758287051458601,-1.3121758719434597,-0.18405181553721348,-0.2684545284198469,Beta,0.006241920869326847
Sandhurst IML Industrial Share,STL0101AU,-0.9897192093125363,32.60172175561272,7.424874175552148,1.2447706449599976,0.5832047292773135,0.09810511769569812,Value,0.05944374444733109
Perpetual Smaller Companies,PER0048AU,1.4998206462765902,27.993325786668574,2.2620989051677327,14.496104018975316,-1.2369263928193797,-0.8477424303107634,Size,0.08600866463789245
Perpetual ESG Australia Share,PER0116AU,1.1923331222525535,30.0302501616899,6.853654769144094,5.87281863943464,-1.4173571630855046,1.4719240125054065,Value,0.0666725056701541
Macquarie Small Companies,MAQ0088AU,2.56975896302394,25.04872290158195,-1.6162580904438724,13.208671636811898,0.8994810693251171,-0.2731434573095329,Size,0.10021282589034457
Yarra Emerging Leaders Fund (Direct),JBW0007AU,-1.6098418848158327,30.02260542806673,-1.403156285298532,11.52009996602892,3.7552939175635323,-2.189098621421019,Size,0.08108125429615609
Yarra Leaders Fund,JBW0011AU,-1.7248575860599293,55.85214563059216,-1.9159305719397128,-3.929272858223112,-0.03177298840998633,-3.003910708670762,Alpha,0.03726051730289926
Yarra Australian Equities Fund,JBW0009AU,-1.0930010122701566,54.339196049593106,-1.5863499304972897,-2.000075355716627,0.45697903997036005,-3.2507537239699418,Alpha,0.03729772074247298
CFS Australian Share,FSF0485AU,-3.3135040102011573,111.9524277753609,1.4864671183942026,-0.11266452726816512,-3.417560772683248,-3.1618884578519437,Beta,0.01831460638527897
CFS Australian Small Companies,FSF0502AU,0.05660906891583852,36.864991058811086,0.13685492621758252,16.79216872153066,0.4783628144468957,-2.2349405190456237,Size,0.07687633546197352
Maple-Brown Abbott Australian Equity,MPL0002AU,-0.021425236069926492,49.629904292825564,6.712580043172658,-1.7429208962023817,-2.736976339777003,-3.113392610251923,Value,0.04409789398321146
Schroder WS Australian Equity Fund - WC,SCH0101AU,0.9897759505813983,64.17646047811064,4.90165265488835,-0.48659973496520076,-4.928351292254507,-3.244322033592147,Value,0.03411676674863667
Schroder Australian Equity Fund - PC,SCH0002AU,1.3723524682167536,63.91278753056429,4.890428927844552,-0.4601206750874324,-4.911343341172275,-3.195575428121459,Value,0.034195219885158216
Aggressive 95,NRM0007AU,,,,,,,Alpha,
Martin Currie Sust Eq A,SSB0125AU,-2.586899921975755,74.20886669991931,3.340501207710688,-0.5154906586183833,-0.668726389442893,-0.4816308538829232,Value,0.02703324038514224
Fiducian Australian Shares,FPS0006AU,-2.372595821804624,88.90126625546499,-4.029265662525736,2.7959456435568266,-0.6264658928948293,-2.134840730718249,Growth,0.02286916859855575
Fiducian Australian Smaller Co Shares,FPS0008AU,0.24274642400876803,31.034046084935103,-0.7460085766672115,15.498197601979275,2.623611115293817,-1.3991740901535974,Size,0.0854893327224314
CFS MIF-Australian Share,FSF0014AU,-1.9242582993053583,47.26182509852109,-3.3920821308956044,1.877791925160489,0.4292088075989169,1.5982158771389643,Growth,0.04335178715038465
BT Investor Choice Australian Growth Shr,WFS0022AU,-2.108367779190587,83.88403150041054,-0.8861097764340148,-2.1962418807128152,-0.4188166315545556,-0.6407991684926363,Alpha,0.023103252126565308
WealthFocus Perpetual Industrial Share,PER0011AU,-1.6631908254530492,39.724230396214104,5.768333774856046,1.0832410459159312,0.5214763424347519,-0.8896571004518753,Value,0.04866459373106275
Perpetual Industrial,PER0046AU,-0.8583939668566315,39.740146335802585,5.758380626790661,1.0877918545342247,0.5627351194078422,-0.8809284550228237,Value,0.04864076666188352
CFS Developing Companies,FSF0035AU,0.9914103328251807,17.338241266633343,1.8014047917978155,10.42766467190226,-0.48992842796291936,-1.4773598108849688,Size,0.108271195586294
Invesco WS Aus Share,CNA0811AU,-1.6421291503381197,59.804783663320826,2.7609667882845272,1.5846477323468267,-0.11795508638024592,5.2645309372675575,Quality,0.026821436605733905
First Sentier Aus Share Growth Fund,FSF0076AU,-1.6732561550989844,42.1846600816386,6.620227135459099,2.136300826497563,-0.09813689576785693,4.823772320226407,Value,0.049873628478452114
Ausbil Australian Active Equity,AAP0103AU,-0.5552931230360941,70.28206952495599,-3.433893753011758,-0.8044183125280561,2.110486974387796,-2.236255494907727,Growth,0.030861128845119646
BT Aus Share Retail,BTA0021AU,-2.5632679309229096,85.1329162252843,-1.4746329526416297,-0.10692918328399213,-0.07224001053846599,-0.9908528047213498,Alpha,0.022523082956548472
Pendal Australian Equity,BTA0055AU,-0.9824058181989344,86.51240325412435,-1.4494842133225112,-0.3234752601985348,-0.24944643376950543,-0.8162764981572558,Alpha,0.022174653677705332
Perpetual WFIA-Perpetual Indl Shr,PER0028AU,-1.75726519921786,39.9638266194706,5.789883938714845,1.0624638626731275,0.5430791151340951,-0.8461764028519747,Value,0.04839511450499666
SGH Ex-20 Australian Equities A,CRS0003AU,-1.7656202550726938,40.17475922499385,-2.8517699629498505,5.4217969708306155,0.29253142511355773,3.1737282100313995,Size,0.05048153010404175
Investors Mutual WS Future Leaders,IML0003AU,0.7813541842578119,21.6970564773872,3.0832024311949664,8.94768660232963,0.0020731673728905,-1.7032226993479052,Size,0.07825259386446558
Investors Mutual All Industrials Share,IML0004AU,-0.9650798603039542,32.872791377032776,7.383744289098265,1.2350462184392983,0.4133744818660604,0.07399866088921421,Value,0.05894724926627123
PM Capital Australian Companies,PMC0101AU,0.2004289604200872,21.279989001573675,6.492764287779297,2.642042065055982,-2.2969398613876444,0.304154776887555,Value,0.08742267749120754
Hyperion Australian Growth Companies,BNT0003AU,0.4847800600776359,22.237079416839585,-2.4767283187557645,3.5156253377653788,-1.0787080357018952,3.7162759537922265,Quality,0.0949486105857431
BlackRock Equity,PWA0001AU,-2.5962882220143517,33.50174859359652,-4.610941738927153,3.6546420008441056,1.901341906931021,0.4042347850618417,Growth,0.06454179602419945
BlackRock Australian Share Plus,PWA0015AU,-2.582430226911659,33.48708232245977,-4.589937900308491,3.7125021447224587,1.9297695860279318,0.379950957194622,Growth,0.06445925249236686
NovaPort Smaller Companies Class I,HOW0018AU,0.5147600240577028,23.930154000358655,1.7336075334695014,9.609750106142348,0.5686827176965459,0.4344338158791326,Size,0.08279359748216637
BlackRock Australian Share,PWA0014AU,-3.107578737510518,33.23139425357973,-4.627773443260517,3.0460687468537517,1.585849971953999,0.4027813310259761,Growth,0.06334320973320612
SGH Australian Small Companies,CSA0131AU,-1.045939554310639,24.21570823878842,0.8897471796874297,11.144345114274127,1.936177508596576,2.531377250759021,Size,0.08401440969491507
Russell Aust Opportunities Class A,RIM0029AU,-2.3899451532045415,98.4778732815201,3.1643067711539747,5.082456343096798,-1.862191584202674,-3.297193755428995,Size,0.02156642860761653
Tyndall Australian Share Wholesale,TYN0028AU,-0.7942390405279325,47.552315721809286,2.6633876727544346,0.13000686562511088,-1.8628743925550537,-4.0061114544638645,Value,0.04435150463995993
Antares Pers High Growth Shares,PPL0108AU,-0.09356465232417112,51.36354848192806,-1.9345325297561198,-0.48844165188145877,-0.6304597526752107,-4.057580846381483,Alpha,0.037740289644669744
BT Investor Choice Australian Share,WFS0021AU,-2.8681450137515982,89.84337742605534,0.46803269316332685,-6.348949362913254,-0.3144993642588326,-1.1282581743577276,Alpha,0.02412268667591424
Commonwealth Australian Equity Fund,COM0022AU,-0.564970664665605,18.70993675748493,-1.1011598089447494,0.15078407167738558,0.8411717293953868,-1.554277853871898,Alpha,0.09590581819661938
Commonwealth Imputation Share Fund,COM0012AU,-0.9147016285481513,22.89029548147681,-1.116267815001088,0.35950493921670024,1.111905169109334,-1.7021717669626826,Alpha,0.08082039634631803
Vanguard Australian Shares Index,VAN0002AU,-12.963657982485609,399.46489934629193,-0.811616611531558,4.065170742498767,-1.250962792610104,-2.439136241001247,Beta,0.005219770697304397
Vanguard Australian Shares High Yield,VAN0104AU,-1.9589826240037438,64.15309221069063,7.778571814825908,-1.5241739194055015,0.9121135751370285,-1.1798776190279274,Value,0.03497972739924693
Perpetual Concentrated Equity,PER0102AU,0.5141091810384616,45.875234135854804,1.1552930461759205,-0.11435022226380491,-1.805841254215436,-2.0023346215223867,Alpha,0.04077240789489785
Invesco WS Aus Smaller Companies-Class A,CNA0812AU,-1.3011011391415608,31.411469089823168,0.755044124978226,14.978887386414355,0.0754151265286953,0.7265938556378233,Size,0.08452921723029626
Australian Ethical Australian Shr,AUG0002AU,1.225632750377553,20.29066363994672,0.17323346949376078,5.192819032605665,0.393374768480304,-2.742126142559264,Size,0.08023930918191748
Pendal Smaller Companies,RFA0819AU,0.1199233752570355,35.7164913323427,-0.5725373675159606,17.06387431728231,3.7192269701833403,0.03069646886933599,Size,0.07954845218986852
Pendal Imputation,RFA0103AU,-1.712770502555075,86.38292409704914,1.2793198359620435,-3.2483117825094157,0.36286334671853654,-3.093348550706084,Alpha,0.023372710725777995
Alphinity Australian Share,PAM0001AU,-3.230183670182081,74.38658380726439,1.1001692559339316,0.8753756529782704,0.3605272408048642,2.192848894361844,Alpha,0.026534206031689846
Alphinity Sustainable Share B,GLO0015AU,-4.3038034434465295,59.776910758911406,2.6105791843613124,3.2414542909162156,0.9788880310808388,2.341862915294448,Size,0.03366173999512334
BT Imp Shr Retail,RFA0019AU,-3.2008534726058753,86.48170610466678,1.3397340801723165,-3.264076654362738,0.2542703943234747,-3.071957034441759,Alpha,0.02337291420087749
Alphinity Concentrated Aus Share B,EQI0001AU,-3.4971407351561683,48.88658776269147,0.8112417929552984,2.211761283406869,-0.3425391366769229,2.4410629873758904,Alpha,0.041520495866379764
BT Class Inv Core Aus Shr,RFA0011AU,-3.021836970892112,84.9621938099259,-1.462226410135564,-0.16466585198756933,-0.023877816087034126,-1.0158337178967891,Alpha,0.02254956028792219
BT Class Inv Natural Resources,RFA0013AU,0.9258525863062124,12.32189434964765,-5.36265513939929,3.2168815251726097,-1.5767794512576694,-2.952420171329137,Growth,0.1677339380206443
BT Smaller Companies Retail,RFA0012AU,-0.4074705482091314,35.704722457211844,-0.6298132076491205,16.99103274875149,3.690463329151266,0.024224593991507663,Size,0.07985980339883877
Macquarie Australian Enhanced Plus Eqs,MAQ0178AU,-3.880983136591659,137.25450493536155,-1.3538412283566126,3.115783049293415,0.7339072329465831,0.9456838141770952,Size,0.0146011158521948
Pendal Sustainable Australian Share,WFS0285AU,-3.7194493835746956,76.96283845648851,-0.811092072754921,0.2699228376820116,1.9420408701736722,0.11376832471236423,Alpha,0.02523781058587466
Perennial Value Smaller Companies Trust,IOF0214AU,0.7275313521826395,21.448704020651746,0.6720167441219901,10.385305857906294,-1.8334745535066388,-2.4493947047327578,Size,0.10519982365376729
Investors Mutual WS Australian Share,IML0002AU,-0.669492678573468,42.33970925017149,2.598031763804378,0.15844422869587388,-1.0758704337347487,-0.2087107855353791,Value,0.046872530891203766
Eley Griffiths Group Small Companies,EGG0001AU,0.06752648735393237,30.62960108674888,-1.8566356814482132,13.613603641605891,1.854236155372605,-0.30545597702371313,Size,0.0851611215955259
Merlon Australian Equity Income (CNA),WAR0002AU,-1.7165695916549024,33.660882460810186,5.464229287731825,3.165842222299962,-1.706295946919255,-1.8000286699378292,Value,0.05650789023200727
UBS Australian Small Companies Fund,UBS0004AU,1.894914089526308,28.016174039799473,-1.2716022093036092,10.595385364726823,0.07439888377578777,-2.681290092166967,Size,0.08465333786873645
Perpetual's - Australian Share Fund,PER0281AU,-0.2768570765450556,38.62214799502988,2.194931846584297,2.0912270220432103,-0.6123213335720669,-1.5118381976122655,Alpha,0.0398744945312818
Dimensional Australian Value Trust,DFA0101AU,0.8152959547008307,47.7590160338683,9.289510380715559,6.326547859703419,-2.570926557049583,-5.526061849767312,Value,0.05605450452792181
Dimensional Aust Large Company Trust,DFA0103AU,-7.04870815694383,283.52385358826535,2.1146976999942306,-10.620802776287643,-2.1010577035614038,-0.46121021516295146,Beta,0.009018410277336285
Dimensional Aust Small Company Trust,DFA0104AU,-0.31631459613945273,48.326115113271015,-1.142643745375562,23.179962565398267,-3.3508309544728565,-2.2850873195125994,Size,0.08199497690831975
Perpetual Geared Australian,PER0071AU,-1.2928522077820848,48.21509847746906,0.8108871081992424,1.3675313316641495,-0.8822742353227886,-1.5131439951060486,Alpha,0.183635979944976
Perpetual SHARE-PLUS Long-Short,PER0072AU,1.6476834944487595,33.24393965463566,0.8619452079342461,0.5991508641116285,0.2658248774449403,-2.759358787822725,Alpha,0.053251173846962395
OC Premium Small Companies,OPS0002AU,-0.4869557612144344,23.119522404119987,2.266299889912451,10.630678928757913,-0.2957169655155364,1.5080893308487695,Size,0.1026607538575936
OC Dynamic Equity,OPS0001AU,0.13257153540246347,21.110461354861076,1.957159554638304,9.991665740744788,-0.04211684610966533,1.0923624249586918,Size,0.11158174895474463
Perennial Value Australian Shares Trust,IOF0200AU,-1.3021358069026192,64.4224238633774,2.8942436402504614,2.0475972322185876,-1.7537559947627115,-4.967201679355404,Value,0.033963616168319694
Macquarie Australian Equities,MAQ0278AU,0.07810901499254473,86.99844763666661,-4.6620390063320185,1.0049391276925939,-1.1627485279302867,0.714277847900717,Growth,0.023982892038961395
Sandhurst BMF-Sandhurst Ind Share,STL0100AU,-1.8464689842228603,32.69434839072126,7.444481035566451,1.230957132603108,0.551995616904584,0.06992982911167073,Value,0.059266335562271066
Russell Australian Share A,RIM0006AU,-3.219313375412065,122.82124376616696,0.9757164274873282,1.4205028999251519,-2.4557604205150803,-3.5200672197916174,Beta,0.017283280122996975
Mercer Australian Shares,MIN0006AU,-3.3198924377982397,63.57215637825762,-0.619270460703097,1.237412156185874,1.4098955879054917,-2.090600575180095,Alpha,0.02964209124715781
Mercer Australian Small Companies,MIN0007AU,-0.22932136053598992,33.01464714424304,1.0878500797845656,15.031059094235665,-1.0284183554670583,-1.0814953739154192,Size,0.08231701622820323
Lincoln Wholesale Australian Growth,ETL0043AU,-1.3327631569364715,20.993246069022355,-4.543584096058852,6.835101421951051,1.5904114729548517,2.049680015129099,Size,0.10427080038822216
Pengana Emerging Companies,PER0270AU,1.0471944087132183,24.460109604887148,1.1533979579835776,9.482566458950139,2.9920186063561647,-0.05608933059284159,Size,0.0928726332844015
Investors Mutual Equity Income,IML0005AU,-0.031014418270647413,29.369275717376453,4.429399172685758,3.131307548097059,0.3515794378852081,-2.4471289396373264,Value,0.06375406560247296
Fidelity Australian Equities,FID0008AU,-0.1909238032907501,73.42853637314613,-2.3616563729400917,0.25873125083230175,2.293998573293481,0.843938730873146,Alpha,0.027252568478476128
BlackRock GSS Australian Equities Index,NET0001AU,-5.006245239844787,137.25260502246178,0.6444072019592375,0.7505448498377522,-3.9181353339876477,-1.033043320633658,Beta,0.014848514648593613
NovaPort Microcap,HOW0027AU,1.4711480330229096,14.52987847770016,1.055837032800809,7.01875216884294,0.17220379668379887,-3.59573646365232,Size,0.10774667046542043
Pendal Focus Australian Share,RFA0059AU,0.298104300678519,62.32576917707204,-1.383152190778577,0.4404630430584955,-0.41764538220724484,-0.8667318689608667,Alpha,0.029972272357834378
Selector Australian Equities,DDH0002AU,0.12330958233738992,21.258732664539814,-0.8959610444384212,7.8013535930487015,0.7848140575727323,2.212948842662905,Size,0.10183703218325085
Mercer Australian Shares Plus,MIN0020AU,-2.95856023140124,91.01121337482542,-0.566142641896726,3.1227287856038943,-1.0649055254151225,-0.6844988135839825,Size,0.02162746899013168
Fiducian Geared Australian Shares,FPS0011AU,-2.42828225957902,45.8355600886607,2.430006515787555,1.706275884427036,1.612225439292694,-3.1498963334536803,Alpha,0.11025126542529136
Specialist Australian Shares,WPC0005AU,0.15429565659734776,24.667042379692006,0.7730313775715013,7.1731877237046575,-5.567414453348488,0.9688123657527437,Size,0.0770074867170883
Armytage Strategic Opportunities Ret,TGP0005AU,-3.6585826841200744,39.25164744074512,3.9507873106578133,3.598927704971305,0.9450725204621792,-0.28266697871688046,Value,0.047670239893543236
Macquarie Aus Pure Indexed Equities,MAQ0177AU,-9.374937250735012,323.3857310761205,-1.2332989169272226,3.3936539573240534,-0.6910700917092241,-2.083658867450183,Beta,0.006331562673985221
SGH High Conviction Fund,ETL0042AU,0.4173561762285268,33.77849191889651,-6.665228809225266,6.073660017148609,2.339829266101675,-1.6837055244453525,Growth,0.06675514273317051
Prime Value Equity Income B,PVA0022AU,-2.9450122603582045,50.27858212582712,7.608135759938026,8.249349244402836,1.0659080416108038,0.8430514528632418,Size,0.04298337777217884
Prime Value Growth B,PVA0011AU,-1.8814672866789934,43.624003514076506,-4.709137503057942,4.816723226227473,3.315928464050563,-1.3816185806448589,Size,0.047279039443555756
Perpetual Smaller Companies No. 2,PER0259AU,2.0998696404890174,27.794025206557578,2.7385175012351946,14.351642335332633,-0.4669253826057861,-1.4506730738460991,Size,0.08547711194146941
Ganes Focused Value,GCM0001AU,0.8508625054869541,17.662490730702668,1.8629871329272563,8.552119277512631,1.791194836415877,0.9625040996205545,Size,0.09523812107938094
Ironbark Renaissance Australian Sm Comp,PAT0002AU,1.0727605409203407,23.205893763276993,-1.4218451626159438,10.160229326552418,2.27231472333706,-0.871240996307334,Size,0.0908244674126082
DDH Australian Shares,QIN0002AU,-6.37094095189002,109.28269960821052,-1.9988868732485565,0.20815342858192895,-1.383287831543496,-0.7399418497203506,Beta,0.017747686610646435
Perennial Value Shares for Income Trust,IOF0078AU,-2.193368760246974,48.9841241310059,10.315064271555556,2.78056528085659,-0.024102402283855514,0.45271025275730387,Value,0.04435023748077801
Dimensional Australian Core Equity Trust,DFA0003AU,-1.7439579728950343,107.31121274769565,9.011392768748419,16.444622656092022,-2.1612414773382924,-2.9615781333391893,Size,0.03117200876770772
Pendal MicroCap Opportunities,RFA0061AU,4.255277936033552,19.561965761699657,-0.33517892883603473,10.468026214585997,1.8487716799847047,-1.4562132639887169,Size,0.11190060083081275
Macquarie Australian Shares,MAQ0443AU,2.5929755589851946,47.18091245237618,-5.184492827974764,1.60392487067474,-2.3177886241587524,-0.8035661781030129,Growth,0.04442483875408383
Platypus Australian Equities - Wholesale,AUS0030AU,-0.16596953838201728,36.11816773260199,-5.270060729498588,4.867389720299861,0.7070006431449456,3.6074431786197434,Growth,0.06709301777051714
Macquarie Yield Enhanced Aus Eq Fd,MAQ0459AU,-4.852907039526448,134.88425896805657,-3.2334135673755715,1.315348913651113,0.3577600858817602,-0.6246545775587996,Growth,0.014240838229003279
ICE Fund,ETL0062AU,1.3494582586461938,20.382224112415592,1.4775175555949982,8.359823988290135,1.9584518007993466,-0.9774330641926021,Size,0.08958163501366245
Greencape High Conviction,HOW0035AU,2.2681084013868618,57.22720917616902,-1.9835623173609078,-0.031181173136551717,-2.0423446843313626,-0.8198917961904612,Alpha,0.03185941170430976
Greencape Broadcap,HOW0034AU,2.191593140243695,61.75447264826488,-1.943570922289918,3.4291626230904955,-0.3642222808485032,-0.382161212422381,Size,0.030378939479660368
EQT Flagship Common No 2,ETL0068AU,-0.7367526934290283,54.85498580447593,0.016230594776418503,-3.705568209132194,-1.5592104343456508,-0.6000813790832835,Alpha,0.03557827357501209
EQT Flagship Fund - Wholesale Class,ETL5146AU,-1.2192254383657555,71.42201098613721,-0.600698003441711,-6.114285101187548,-2.4857295901355436,-0.4341875478718091,Alpha,0.02831160664101282
Investors Mutual Small Cap,IML0006AU,2.525493565635407,19.750505586718088,2.005318230634468,8.413415844733333,-0.8111114422829365,-1.4646072073189016,Size,0.08369681925677051
Mercer Indexed Australian Shares,ADV0062AU,-3.1551452870371617,94.17613285144193,-1.4420478070029072,2.101180702878592,2.984313122378439,-3.3759429995063366,Momentum,0.020590714025879003
Ausbil Australian Geared Equity,AAP0002AU,-2.009158637969242,62.84648847748554,-1.70618515132576,-0.8315666201526527,2.4605009449333446,-2.846169697864981,Alpha,0.18098229879492078
Perpetual Select Investments Aus Share,PER0255AU,-2.50897132833932,29.300688747049957,-0.2217252354385544,1.4368878018847406,0.23406345692950242,-1.4424431659106376,Alpha,0.05601907909347886
Tribeca Alpha Plus Class A,ETL0069AU,1.5232224867601756,33.805105090042474,-3.525553704886525,1.7172557254000773,0.23312627714372422,-1.710086267630979,Growth,0.05613633151480988
Spheria Australian Smaller Companies,WHT0008AU,2.3900123473406736,14.930238427132378,-1.9867778262166549,5.793280684813591,-0.25017630371598076,-3.0164179143976875,Size,0.13007866651652567
Allan Gray Australia Equity A,ETL0060AU,2.368336276971516,23.82772598142823,5.057427542172607,6.7351557851568495,-3.5900241899095264,-4.3552220156758175,Size,0.09126689589370889
Armytage Australian Equity Income,ETL0148AU,-1.8974167201754448,49.11008987789697,3.0889225594660585,-2.563748621792266,-0.35426685095606375,1.7155006863406692,Value,0.03925444418156912
MLC MultiActive Australian Shares,IOF0092AU,-0.8183646882883167,66.73973232220116,-0.8544019558206047,6.071899392814463,-0.8269947964644493,-0.5306331475187446,Size,0.028493464640305187
BT WE Fidelity Australian Equities,WFS0409AU,-1.78082412676066,59.561585252684495,-0.5616363812138401,0.999741405054932,2.118444938271626,0.44939009888526205,Alpha,0.029562200772184608
First Sentier Equity Income,FSF0961AU,-1.3351587240206417,58.48815744331466,-2.439683543828124,-4.19420974653014,0.2553761931702556,0.13750037078559635,Alpha,0.04327308753149259
Pendal MidCap,BTA0313AU,1.7280664431381214,39.93712997065357,-1.5711956891836991,12.288055812970027,1.9228018727399634,1.7952779269248733,Size,0.06024220111708144
Perpetual Pure Value Share,PER0439AU,4.024040674870252,16.812300229495097,4.324642542920911,5.0321542267734385,-1.1839718706166111,-0.5976657568290861,Size,0.08367230014799003
Schroder Equity Opportunities Fund - WC,SCH0035AU,1.5709805425829169,34.274550533004174,5.985871355644435,5.16981819320413,-3.4570285225091215,-2.1662179847394873,Value,0.056495253361575515
Strategic Australian Equity,DFA0008AU,-0.9913904157273951,78.38988900097152,6.422332668642162,6.580209099643753,-3.8011934402941487,-4.62869842617728,Size,0.03223182901510301
Perpetual WFIA-Perpetual Share Plus L/S,PER0495AU,1.524038518222575,27.217638294984734,3.212971104871867,1.9196613363781296,0.5236689449057546,-2.958244333479522,Value,0.05532565298929743
Perpetual WFIA-Fidelity Australian Eq,PER0470AU,-3.0592806489495104,63.791442951826866,-0.4029606294597147,1.4843354953023515,3.3337187085474236,1.1023434891624422,Momentum,0.02710175052865601
Perpetual WFIA-Investor Mutual Aus Sha,PER0482AU,-1.2150997522844906,38.18053579337045,-0.793112185635938,-1.2718860032850368,0.6690298848496266,-1.9426868431275368,Alpha,0.045466806694648816
Perpetual WFIA-Perpetual Concntr Eq,PER0488AU,-0.2684469907101497,38.97348822413548,2.6640572526717308,0.38872456301730474,-1.3491055832373826,-2.337134237149748,Value,0.0413225019916967
Perpetual WFIA-Perpetual ESG AU Share,PER0491AU,1.169692150693686,25.823333837277783,3.967591259006695,4.698073154559951,-0.2647493922306121,0.21409348864978706,Size,0.06137428002810969
Perpetual WFIA-Perpetual Geared Aus,PER0492AU,-1.3520383294116896,40.53161047309566,1.7130699377358363,1.0238891095940001,-0.6641624140981076,-1.7911686137452896,Alpha,0.1801758262262825
Perpetual WFIA-Ausbil Aust Actv Eq,PER0450AU,-2.566440698248471,59.424703980886164,-0.902085307236801,-0.4364377031234199,2.3301554750777247,-1.577622754852847,Alpha,0.029776546140437992
Vanguard Australian Shares ETF,VAS,-11.72703189893895,363.3906176039559,-0.30477027174627735,3.9308670369315863,-1.3531125724226694,-1.2725619177506686,Beta,0.004996104748380431
Russell Inv High Dividend Aus Shrs ETF,RDV,-3.7234418418754647,59.49282276585667,6.900716361873568,-1.4736804512587767,0.9494623773791768,-3.2329985701401025,Value,0.03565129892499781
SPDR MSCI Australia Sel Hi Div Yld ETF,SYI,-2.843705003255852,36.58304030934978,8.239544055205156,0.2517554539248511,-1.5485891455554834,3.8296272840356216,Value,0.05120288128898183
iShares Core S&P/ASX 200 ETF,IOZ,-12.181786988126175,343.9826034935286,-0.17057506801659436,-1.7034956857168688,-2.2379129914749347,0.843643785569031,Beta,0.004570428611187695
iShares S&P/ASX 20 ETF,ILC,-5.69061769412022,103.12260854205722,3.501670062509824,-14.827134618717283,-2.5567432900750133,2.537648699255074,Value,0.02895382085794595
iShares S&P/ASX Div Opps ESG Scrnd ETF,IHD,-3.103696912761195,28.869337169947727,2.9045983081851627,1.3748325572909328,-2.148701656947236,4.295568058455034,Quality,0.05445536008685536
iShares S&P/ASX Small Ordinaries ETF,ISO,-2.2527091522754596,43.69261425362721,-0.24996815094935476,19.277970306494495,-3.675986349034619,-1.160221981452023,Size,0.08017677891333039
BetaShares Australian Fincls Sect ETF,QFN,-1.4248509848115658,28.374362111477396,4.502401599586144,-2.8007602425986007,3.14239633743213,-3.7798543231912407,Value,0.08201233146905798
BetaShares Australian Res Sect ETF,QRE,0.0984207754747988,10.026985175657595,1.5171903333956487,1.3572471433615707,-4.30095633232246,0.8430881537252551,Alpha,0.14651119957027545
SPDR S&P/ASX Small Ordinaries ETF,SSO,-1.7913143991356355,43.29024583174785,-0.4977939671616476,18.97055404487814,-3.5932941072446702,-1.1960349105991135,Size,0.0799185570183669
SPDR S&P/ASX 200 Resources ETF,OZR,0.11365197961298786,10.021032884831634,1.5990740902487248,1.293696221151075,-4.451845416305615,0.8427298143997106,Alpha,0.14703678516284616
SPDR S&P/ASX 200 Fincls EX A-REIT ETF,OZF,-1.4860383424696915,28.114740149151327,4.34466787993602,-2.7578903845480296,3.101899540465707,-3.708991884457897,Value,0.08264510341268573
Vanguard Australian Shares High Yld ETF,VHY,-1.7047705599001113,51.1102760444476,9.96642922430066,-0.2634493956920924,-0.6973078912678489,1.3835389712947552,Value,0.04034401711026232
Vanguard MSCI Australian Large Coms ETF,VLC,-5.618521091071043,118.2877463081171,4.0360651179029015,-14.26724519268735,-3.3216449795053116,2.6526409318791906,Value,0.02488879026072664
Vanguard MSCI Australian Small Coms ETF,VSO,-2.4399361042230834,102.7791895696231,4.057147352051464,44.89322842146575,-3.918115360195528,1.4281167516975384,Size,0.07047739950696603
BetaShares Aus Top 20 Eq Yld Mxmsr ETF,YMAX,-4.314369464325298,53.08243539359336,2.380711761062816,-6.208664630778952,-1.1448696046901954,0.16612045465718037,Alpha,0.03618489683247172
BetaShares FTSE RAFI Australia 200 ETF,QOZ,-0.5102583309138421,79.94741351750831,7.1107190313877915,-1.3458706884661802,-0.17498113742905996,-5.553322942866037,Value,0.027639083688768783
VanEck Australian Banks ETF,MVB,-0.6860260925696359,21.646894201995504,2.764240303157625,-1.9443025282489845,3.696905975625151,-4.859998278310904,Momentum,0.10019084122914361
VanEck S&P/ASX MidCap ETF,MVE,0.05953442936270132,12.615921478386502,-1.2229421212531175,5.040030641245258,-4.363877657163565,-0.3716496941595244,Size,0.13246395565591337
VanEck Australian Resources ETF,MVR,0.9213634342587229,11.501385880760305,2.6747022866094667,2.8144848435326923,-3.195156827784901,1.482502947240667,Size,0.11755270379339007
VanEck Australian Equal Wt ETF,MVW,0.9353267954300648,56.61043670895394,-1.5347221203957775,9.564312811445046,-2.7091052630654726,-1.2082192853174367,Size,0.03664487208394823
BetaShares Geared Australian Equity ETF,GEAR,-6.697006031815168,134.67318305237072,-1.6088172494073996,-0.6898778487698561,-0.6472251714597682,-0.7171343152399938,Alpha,0.18233241442244089
BetaShares Australian Div Harvester ETF,HVST,-3.1280149610336414,17.547624904226357,-0.4070654015129272,-1.8894022141734734,-0.38133726802924267,1.433265628482218,Alpha,0.07319909374042653
Russell Inv Australian Rspnb Inv ETF,RARI,-2.3780498641493697,46.56500268984398,-2.7234927357593013,1.0713284223688513,0.4103623967544344,-4.211165823490287,Growth,0.03376073720603891
VanEck Small Coms Masters ETF,MVS,-2.2813795567436452,28.22711939828184,-0.42067343153487613,11.038755050015205,-0.9139433029723115,0.658567395420436,Size,0.07566404529841578
BetaShares Managed Risk AUS Shr ETF,AUST,-3.5155614343830193,33.824463510744245,-1.1077452956677005,-2.219841499187512,0.3904135188372851,1.9846629381828373,Alpha,0.057966836749795886
VanEck MSCI AUS Sust Eq ETF,GRNV,-2.66582186344742,27.75058442526124,-2.0980920664575105,1.7176825264074547,-1.145340394710079,1.605273105375851,Alpha,0.048574287453123595
BetaShares Aus Ex-20 Port Divrs ETF,EX20,-1.2693086325719543,57.38398043665426,-5.108186578299742,12.77785479048696,-1.7044601594325928,-2.845327020655351,Size,0.044067837629368
iShares Edge MSCI Australia Mini Vol ETF,MVOL,-2.0877915375519778,32.26741841313559,-2.6738666790708994,0.3463008843274948,0.2708759361491895,1.2541189382486284,Growth,0.03921735720439231
iShares Edge MSCI Australia Mltfctr ETF,AUMF,-2.572409592044332,40.21455725068185,4.462096047450691,6.649368792750009,0.9815048530307807,6.1744060203649855,Size,0.038320791602929616
Switzer Dividend Growth ETF,SWTZ,-2.078816408151923,30.69171946175679,-0.9072963254683624,0.6330894238336764,-0.20061710980060918,-2.9637784747246454,Alpha,0.03581714046355258
BetaShares Australian Small Coms Sel ETF,SMLL,-1.4819874035543348,26.72199156457059,1.7615399027461438,10.47405885080315,-0.48188331841120613,1.6965266981401568,Size,0.06853262475861856
BetaShares Australian Sustnby Ldrs ETF,FAIR,-0.6135031826342036,21.13289110501974,-6.227324370445718,1.6240434323047988,0.13968412802154956,-0.7527833378512913,Growth,0.06858304093242766
BetaShares Martin Currie Equity Inc ETF,EINC,-1.7740291834533584,26.603716227985,0.025333008276198308,1.301625260692838,0.466243395786367,-3.5654803788560825,Alpha,0.04159474920325279
BetaShares Martin Currie Real Income ETF,RINC,-0.3935761722433786,12.860070637681785,-3.270923029787493,0.3055360019709275,-0.16971511236393624,-3.4323804881349504,Growth,0.08524505878864787
Perennial Income Generator Fund,EIGA,-2.7543964207924696,34.20417776514894,5.759899587155987,0.7323562602057249,-1.0716333397760296,0.31820836725399126,Value,0.03940149717876558
Intelligent Investor AUS Eq Inc ETF,INIF,0.039385484602384786,14.65314712208112,2.3264560099296023,2.986953227001384,-0.9660746417205376,-1.0671718433062392,Size,0.06924254075188321
BetaShares Australia 200 ETF,A200,-5.648027067475134,226.90052665224064,-0.6319225642897338,-1.120123692397956,-0.6581660711465739,-0.13859369287472148,Beta,0.004759730700581492
Perennial Better Future Fund,IMPQ,-0.1760682035832982,14.312203362976387,-1.6713154742132739,4.743578225324286,-1.3848608694367741,-1.6087434073216453,Size,0.09022767570098554
Intelligent Investor Ethical Share ETF,INES,1.746092889670719,10.010133550219502,-2.4171521672710106,4.07151392214457,-1.2895431792894547,-0.2381283246627253,Size,0.09593737735161645
BetaShares S&P/ASX Australian Tech ETF,ATEC,1.014837529879964,6.643001414809708,-2.3580903689067902,4.112466595244331,0.42316410013806155,-0.3831928800066828,Size,0.2032495999164568
SPDR S&P/ASX 200 ESG ETF,E200,-1.4452701264143153,49.98754570658069,-0.5311966715522285,-2.5192148647309787,-1.8223453568370689,1.4254475777167959,Beta,0.017722135023886736
VanEck Mrnngstr Aust Mt Inc ETF,DVDY,-0.26954680378883517,10.197282320523088,-4.476615491122743,-1.204030700403026,-0.13457880037492614,-1.4215215720129646,Growth,0.08028399088536713
Intelligent Investor Aust Eq Gr ETF,IIGF,0.9917028294612796,8.269386027724693,0.1205447852729979,1.9659719627027255,1.0210644958387969,-1.9555701978696014,Alpha,0.07930817452633764
Vanguard Ethically Cnscs Aust Shrs ETF,VETH,-1.1577866662753873,42.98761620969801,-4.719483673945728,2.4162917695512918,0.22830550344394296,-1.7830978007358251,Growth,0.03486526066221827
AB Managed Volatility Equities ETF MVE,AMVE,-0.28921437518071597,22.735315285869618,-3.2517951361188526,0.7510228399778929,3.812468384625464,2.0206720962055607,Momentum,0.07559765234518326
Airlie Australian Share ETF,AASF,1.1680252014102588,29.369625519735294,-0.4411155998013652,3.1537656989393636,-0.5751078454668904,0.9950035134782815,Size,0.03897247388719296
iShares Core MSCI Australia ESG ETF,IESG,-0.0897383157999339,29.96300999260557,-4.506807447855203,1.5241355699236894,-0.7806324108226375,2.3959384563188095,Growth,0.04537486494403063
Perpetual ESG Australia ShareETF E,GIVE,1.4173499006713137,11.000768826171415,-0.3425619307872305,4.227421038601041,-0.1739296992582239,1.2958336223920959,Size,0.06499247557863186
BetaShares Australian Quality ETF,AQLT,1.0263441062779828,19.716226634416284,-1.75734565315269,1.3559492753870162,-0.673636808129477,1.0872217474842714,Alpha,0.04411960211268924
Australian Ethical High Conviction ETF,AEAE,-0.7331105641200601,6.803159455163297,-0.6979522351152903,0.045505576186244026,-0.36092685493774074,-0.47890050851112437,Alpha,0.07380134879392003
Global X S&P/ASX 200 Covered Call ETF,AYLD,,,,,,,Alpha,0.06988067077807265
VanEck Geared Australian Equal Weight H,GMVW,,,,,,,Alpha,0.09970831412609336
Global X Australia ex Fincls & Res ETF,OZXX,,,,,,,Alpha,0.04126388503137082
IML Concntr AUS Shr Fd (Quoted Mngd Fd),IMLC,,,,,,,Alpha,0.03169339478295356
Dimensional AustralianCoreEquityTrustETF,DACE,-1.7485318575295807,107.45802023092956,9.020764527761482,16.462788608349562,-2.191389090017512,-2.9634734842587402,Size,0.031162027717915375
BetasharesWthBdrAUS200Grd30-40%LVRCpxETF,G200,,,,,,,Alpha,
SPDR S&P/ASX 50 ETF,SFY,-8.42249735602591,270.4882474881199,1.4193947609811968,-26.98385045448153,-4.145604962489846,-1.1863840796620093,Beta,0.015889059879748757
SPDR S&P/ASX 200 ETF,STW,-16.20163255095113,483.89191936166964,-0.6962769856351857,-1.148052542705602,-1.8822326010850974,-1.1662745514450976,Beta,0.004039286879371586
