Group/Investment,Combo,Ticker,APIR Code,Hedged,Category,Grouped,31/01/2015,28/02/2015,31/03/2015,30/04/2015,31/05/2015,30/06/2015,31/07/2015,31/08/2015,30/09/2015,31/10/2015,30/11/2015,31/12/2015,31/01/2016,29/02/2016,31/03/2016,30/04/2016,31/05/2016,30/06/2016,31/07/2016,31/08/2016,30/09/2016,31/10/2016,30/11/2016,31/12/2016,31/01/2017,28/02/2017,31/03/2017,30/04/2017,31/05/2017,30/06/2017,31/07/2017,31/08/2017,30/09/2017,31/10/2017,30/11/2017,31/12/2017,31/01/2018,28/02/2018,31/03/2018,30/04/2018,31/05/2018,30/06/2018,31/07/2018,31/08/2018,30/09/2018,31/10/2018,30/11/2018,31/12/2018,31/01/2019,28/02/2019,31/03/2019,30/04/2019,31/05/2019,30/06/2019,31/07/2019,31/08/2019,30/09/2019,31/10/2019,30/11/2019,31/12/2019,31/01/2020,29/02/2020,31/03/2020,30/04/2020,31/05/2020,30/06/2020,31/07/2020,31/08/2020,30/09/2020,31/10/2020,30/11/2020,31/12/2020,31/01/2021,28/02/2021,31/03/2021,30/04/2021,31/05/2021,30/06/2021,31/07/2021,31/08/2021,30/09/2021,31/10/2021,30/11/2021,31/12/2021,31/01/2022,28/02/2022,31/03/2022,30/04/2022,31/05/2022,30/06/2022,31/07/2022,31/08/2022,30/09/2022,31/10/2022,30/11/2022,31/12/2022,31/01/2023,28/02/2023,31/03/2023,30/04/2023,31/05/2023,30/06/2023,31/07/2023,31/08/2023,30/09/2023,31/10/2023,30/11/2023,31/12/2023,31/01/2024,29/02/2024,31/03/2024,30/04/2024,31/05/2024,30/06/2024,31/07/2024,31/08/2024,30/09/2024,31/10/2024,30/11/2024,31/12/2024
VanEck Australian Property ETF,MVA,MVA,,0,AREITS,A-REITS-,7.40444,3.76837,-1.74225,-1.26763,2.70305,-3.83958,5.4829,-4.74284,-0.86474,4.91513,-2.54668,4.54785,-0.13349,2.45827,3.05446,2.43675,2.96512,3.5922,5.69025,-2.77124,-3.79597,-7.24415,1.02262,6.77373,-5.01289,4.49057,1.14302,2.79943,-0.49979,-4.97177,0.34184,1.92788,0.3905,2.05051,5.29559,-0.35412,-3.55904,-3.76539,-0.08126,3.86028,3.90322,2.06793,1.5871,3.09139,-0.86042,-2.87156,0.41567,3.14879,7.00469,1.7223,6.63124,-2.70238,3.49062,3.70355,3.05613,1.78868,-3.15372,1.56046,1.2393,-3.76536,7.09418,-5.32662,-35.61161,13.07904,6.99903,-1.31866,-1.1328,8.40692,-1.20265,-1.34636,15.44816,0.21198,-4.01968,-2.56729,6.062,2.98468,1.23681,4.69686,-0.69092,7.07842,-1.5058,0.71217,2.77141,4.13195,-8.73954,2.94189,0.76184,-0.49208,-7.18565,-9.85593,10.752,-3.31773,-11.7787,10.06865,4.54015,-2.90473,6.49585,0.06714,-6.82513,5.908,-2.33467,-0.99711,3.98825,-0.54612,-8.43821,-6.6994,10.84795,10.57635,1.45286,0.73556,7.9106,-8.71842,0.07306,-1.60751,10.04864,2.79379,4.44686,-3.03899,1.47608,-5.97575
VanEck FTSE Glbl Infras(AUD Hdg)ETF,IFRA,IFRA,,Hedged,Infrastructure,Infrastructure-Unhedged,,,,,,,,,,,,,,,,,1.17296,3.70081,2.24567,-2.66901,1.55288,-1.39017,-2.96231,3.36101,0.29505,3.84154,2.67798,1.89781,3.48397,-1.53488,0.91191,2.24791,-2.00804,2.41137,1.96224,-2.22946,-1.56965,-4.70069,1.23876,2.80773,0.26218,2.86843,1.72147,-1.1057,-0.6227,-1.30818,2.72937,-4.09549,6.55422,3.39917,3.33449,1.04909,-0.54987,3.18753,0.19169,1.46803,1.70274,-0.19539,-0.93739,2.70135,3.74767,-8.66385,-15.79261,7.0339,3.99538,-3.13665,1.2797,0.17138,0.07782,-0.71278,6.35823,-0.29145,-2.18955,-0.83988,7.77994,3.29765,-0.55629,-0.34878,2.17007,1.99633,-2.58826,3.08757,-2.34996,6.79122,-2.84588,-0.71802,7.28632,-1.64886,2.0145,-5.27708,4.74861,-1.36227,-11.35949,3.25301,6.09436,-3.11826,2.61682,-3.63905,1.86668,2.42567,-4.71682,1.58044,1.00833,-4.62737,-4.38233,-0.62097,6.88895,2.44574,-2.23243,0.62125,3.64529,-1.80242,5.03406,-2.41704,6.288,3.0779,2.10051,-0.80708,3.93722,-5.28795
Charter Hall Direct Long WALE,MAQ5703AU,41982,MAQ5703AU,0,AREITS,A-REITS-,,,,,,,,,,,,,,,,,,,,,,,,,,,,,,,,,,,,0.58142,0.44312,0.56251,0.56251,0.56251,0.56251,0.54251,1.29279,0.41953,0.42012,0.50036,0.47077,1.66787,0.33781,0.43739,0.39833,-0.10655,-0.12722,0.8465,1.23488,0.35505,0.65849,0.95368,0.33105,4.92213,0.40395,0.3154,-4.7457,0.29674,0.32136,2.00884,0.31699,0.35756,0.13046,0.35254,0.42369,5.59313,0.29782,0.49086,0.44435,0.25121,0.32908,7.23555,0.25449,1.04517,0.33487,0.2449,0.30889,5.55631,0.21668,0.43366,0.53763,0.21701,0.16548,5.44559,0.19949,0.16674,0.34202,0.10833,0.21035,0.28557,0.19369,0.07639,-0.57413,0.62402,-5.05679,0.09082,0.24494,-0.20773,-3.40346,1.52947,0.22633,-10.90094,0.33053,0.38456,0.37365,-0.09622,0.34435,-8.32245,0.41196,-0.45002,0.21441,0.41931,-0.31269,
VanEck FTSE Intl Prop (AUD Hdg) ETF,REIT,REIT,,Hedged,GREITS,G-REITS-Hedged,,,,,,,,,,,,,,,,,,,,,,,,,,,,,,,,,,,,,,,,,,,,,,,,,,,,-0.61204,0.15673,0.32812,1.30343,2.68034,2.79254,1.68716,-1.02366,-0.43876,1.39101,-8.19235,-23.11001,5.68215,0.49388,2.16483,2.06261,1.40829,-2.489,-3.48672,11.32735,2.83233,-0.24459,3.41904,3.93767,6.58323,1.24682,1.88248,4.69935,1.48881,-5.92265,6.09229,-0.99132,6.36443,-6.10754,-2.97113,5.01044,-4.57649,-5.02661,-8.48443,8.01844,-5.98092,-12.42293,3.23866,4.98382,-3.8974,8.53844,-4.10601,-3.91691,1.68446,-3.90811,3.02294,3.16594,-2.90932,-5.89504,-4.52554,9.38651,8.66148,-3.97601,-0.38692,2.80446,-5.59778,3.63962,0.96243,5.56592,5.60067,2.61858,-3.92606,3.01101,-6.82231
SPDR® S&P/ASX 200 Listed Property ETF,SLF,SLF,,0,AREITS,A-REITS-,7.60483,3.67331,-2.10834,-1.12188,3.0239,-4.17669,5.66144,-4.10425,-0.30895,4.91338,-2.91277,3.96927,1.01158,2.80389,2.3436,2.76102,2.60927,3.49356,5.36553,-2.80897,-4.31069,-7.85052,0.80976,6.75343,-4.84252,4.29836,0.56694,2.57338,-1.11385,-4.7736,-0.09929,1.23048,0.47039,2.20934,5.22137,0.20576,-3.3073,-3.31797,0.03132,4.43185,2.99755,2.07537,0.92458,2.66805,-1.79022,-3.14212,-0.47166,1.68517,6.08689,1.72549,6.14572,-2.60716,2.44427,4.22829,2.4941,1.14868,-2.73706,1.20352,2.26973,-4.42963,6.31407,-4.83589,-34.95729,13.6596,6.92511,-1.31147,0.61212,7.83271,-1.52488,-0.38403,13.2096,0.38503,-4.08861,-2.66986,6.49781,2.86578,1.65551,5.46996,0.24622,6.2058,-2.19107,0.37779,4.47358,4.83903,-9.54815,1.37585,1.19347,0.53036,-8.74656,-10.25732,11.8703,-3.56516,-13.52556,9.86589,5.75538,-4.10397,8.05558,-0.27445,-6.77172,5.25733,-1.77003,-0.09421,3.79051,2.20836,-8.55292,-5.86361,10.95531,11.46732,1.27568,5.01537,9.61675,-7.81073,1.88658,0.35657,6.81201,0.52522,6.53113,-2.52748,2.46399,-5.9589
SGH LaSalle Concentrated Global Property,ETL0394AU,40518,ETL0394AU,G-REITS-Unhedged,GREITS,G-REITS-Unhedged,7.58226,-1.8617,1.68978,-3.88776,-0.66873,-4.37276,5.91059,-4.99329,3.33009,5.75312,-0.98618,1.82055,-3.00679,-0.09167,8.09075,-1.92916,1.32977,3.57881,4.19563,-2.61212,-1.0151,-5.86126,-2.2053,4.47799,-1.08944,3.42867,-2.56785,-0.32613,-0.54828,0.74238,0.83548,-0.3642,-0.03655,-1.1427,3.35676,1.61973,-3.83344,-5.5473,3.57108,1.62424,2.40209,4.16053,0.95042,2.58177,-2.6398,-2.10884,4.12985,-6.53065,10.18972,0.36101,3.11751,-0.52773,-0.53053,0.34352,1.48649,0.69241,2.56546,2.63022,0.05863,1.94191,2.53937,-6.71384,-23.32356,5.57554,-0.25554,2.77849,-2.09548,4.41306,-2.17667,-4.77425,17.89927,1.21224,0.02879,5.44949,4.54918,5.50866,2.21049,0.98906,2.78909,2.73869,-2.17356,2.44823,-0.50741,4.67221,-1.49112,-0.20823,3.12199,-1.75111,-2.97845,-4.83974,6.28146,-3.656,-7.58946,1.05319,5.45321,-4.58221,9.3395,-2.02963,-2.98478,1.35614,-4.29356,4.70527,2.64049,-2.77643,-5.66151,-3.61981,9.80672,7.15072,-3.88277,-0.69916,4.72325,-3.21225,4.82393,-1.00617,8.73342,3.95892,2.66824,-5.22247,2.00451,-6.67546
Mercer Passive Australian Listed Prpty,MIN0029AU,16615,MIN0029AU,0,A-REITS,A-REITS-,7.27992,3.64555,-2.04189,-1.0624,2.81365,-4.10536,5.57769,-4.09704,-0.33727,5.01974,-2.94039,3.95295,0.97287,2.77188,2.30998,2.72452,2.861,3.4606,5.27369,-2.80666,-4.06121,-7.98657,0.76893,6.77129,-4.84775,4.12186,0.57782,2.57915,-1.12011,-4.82651,-0.11739,1.24053,-0.38695,3.0817,5.2506,0.38375,-3.47616,-3.22621,0.05169,4.39106,3.03105,2.06425,0.92849,2.65233,-1.24534,-3.67708,-0.48942,1.57383,6.10767,1.7329,6.17761,-2.58824,2.38252,4.16803,2.51182,1.1585,-2.72626,1.19817,2.23412,-4.4894,6.27633,-4.85871,-34.48718,13.82909,6.96275,-1.44328,0.5656,7.83265,-1.65373,-0.45272,13.22765,0.42636,-4.05312,-2.61163,6.40138,2.8223,1.68305,5.48825,0.24625,6.22664,-2.21194,0.39071,4.4449,4.83746,-9.48473,1.30719,1.18626,0.54504,-8.67342,-10.27899,11.7921,-3.56861,-13.61195,9.77027,5.82297,-4.10699,8.08931,-0.27091,-6.76853,5.17179,-1.77768,-0.10846,3.79414,2.19096,-8.55337,-5.76259,10.89433,11.41335,1.2751,5.00472,9.67226,-7.81706,1.94703,0.41556,6.76809,0.47497,6.51818,-2.55185,2.42599,-5.96836
Cromwell Phoenix Property Securities,CRM0008AU,16260,CRM0008AU,0,A-REITS,A-REITS-,4.66353,4.23919,-0.57697,-1.56923,2.08987,-3.47208,4.07194,-2.36387,2.47819,3.55523,-2.03123,3.37622,0.454,1.87916,2.17138,2.50091,3.68951,2.74658,5.05263,-0.88477,-3.95726,-6.64082,0.51522,5.18818,-3.02361,3.83256,1.66419,2.25049,-0.75083,-2.97389,-0.68543,2.30055,0.57473,2.95021,4.41234,1.03843,-3.39378,-2.82754,-0.30386,3.4348,2.44728,1.78733,0.75495,1.82641,-0.91216,-3.18809,-0.64751,0.338,4.92882,0.77635,5.7194,-1.52085,1.49517,2.64061,3.48775,2.57894,-1.89859,0.84009,1.94388,-1.25323,3.70969,-4.51905,-35.18412,11.96044,4.35415,0.35017,-2.11933,6.47512,-0.23308,0.92701,15.09233,2.0474,-4.15766,-1.59639,4.78088,3.10696,3.61436,4.44959,1.57777,6.65252,-1.36438,0.53791,2.43656,4.2311,-7.94507,1.8256,1.72933,-0.63907,-7.17731,-9.70732,9.44746,-0.32277,-10.81036,8.45592,4.14206,-3.40799,7.74137,-0.7542,-7.5666,4.30709,-1.29325,-0.04426,2.7165,-0.85803,-7.9586,-6.43226,10.82949,11.03761,0.95443,1.96746,7.19809,-6.24558,0.5034,-1.12422,7.14902,2.91348,6.19011,-1.80019,1.78017,
Charter Hall Maxim Property Securities,COL0001AU,13289,COL0001AU,0,A-REITS,A-REITS-,5.44923,3.74065,-0.88358,-0.32573,1.91993,-3.58049,4.77173,-3.73444,0.07731,5.57501,-0.76954,4.04975,-0.52138,2.21436,3.05706,1.53827,3.41175,4.01894,5.04922,-1.09139,-3.66696,-5.9783,-0.16258,6.351,-3.81406,4.13879,1.48851,1.38691,-0.58459,-1.83429,0.49469,1.76492,0.98254,2.0514,4.72505,0.87148,-3.3153,-2.64719,0.05462,2.43068,1.19802,3.46674,0.27802,2.94998,0.02154,-2.90261,0.32355,1.69039,3.47965,2.77067,4.17638,-1.39797,1.01999,5.37157,1.53062,0.4847,-1.96483,1.30224,2.92594,-2.56144,5.67842,-3.28064,-31.63416,9.07451,6.80575,0.31678,-0.25231,7.17899,0.68583,0.42539,10.61197,1.02791,-3.14358,-1.67482,6.54888,3.37292,2.14306,5.57603,1.37578,5.80983,-2.10106,0.8165,3.90452,5.32801,-9.21053,0.00863,1.85457,0.44225,-9.50889,-10.16309,11.4166,-1.93754,-13.25096,6.06544,6.11631,-2.62358,6.3588,-1.9014,-6.81387,2.70562,-0.37783,-0.04214,3.34383,2.32167,-8.30595,-5.28031,8.69411,9.8756,1.79322,5.92796,8.50551,-7.51209,2.49284,0.4874,4.84104,1.4042,6.04876,-2.52397,3.01582,-5.44713
iShares Australian Listed Property Index,BGL0108AU,9166,BGL0108AU,0,A-REITS,A-REITS-,7.41175,3.67298,-1.96406,-0.98921,2.71396,-3.8318,5.64876,-4.03201,-0.29904,4.86582,-2.84857,4.0977,0.89684,2.78553,2.48458,2.74698,2.70181,3.51748,5.40988,-2.68606,-4.3122,-7.70403,0.73514,6.70653,-4.71967,4.10739,0.69698,2.54214,-1.00217,-4.52117,-0.16721,1.49089,0.56722,2.35126,5.26438,0.10664,-3.25679,-3.16943,0.09602,4.2551,2.92869,2.2924,0.86226,2.58417,-1.49354,-3.20618,-0.28774,1.7797,5.88619,1.77861,6.10668,-2.40173,2.26714,4.23041,2.48741,1.30007,-2.74216,1.35378,2.24865,-4.24347,6.25445,-4.68996,-35.1056,13.61472,7.03244,-1.23098,0.61306,7.89534,-1.16299,-0.29468,12.83653,0.58814,-4.06359,-2.49969,6.27978,3.06458,1.75828,5.53641,0.45317,6.35191,-1.97675,0.60651,3.93251,5.23028,-9.46626,1.49558,1.42851,0.66297,-8.55325,-10.34972,11.72773,-3.65053,-13.58963,9.85368,5.785,-4.03728,8.03157,-0.36257,-6.85835,5.13324,-1.81967,-0.1076,3.86883,2.13826,-8.65951,-5.70179,10.90396,11.37776,1.19057,4.7341,9.54384,-7.65164,1.89164,0.22274,6.73772,0.54149,6.45588,-2.58189,2.33537,-5.84852
Pendal Property Securities,BTA0061AU,4726,BTA0061AU,0,A-REITS,A-REITS-,7.38085,3.44331,-1.82255,-1.06604,1.98423,-3.90254,5.49436,-3.79013,0,4.9872,-2.8245,3.39543,1.13387,2.22958,2.24327,2.75624,2.87391,3.4862,5.22779,-2.04568,-4.37569,-7.51016,0.33886,6.84178,-4.83719,4.84751,0.69765,2.38265,-0.89151,-4.42064,-0.58091,1.58841,0.4389,2.16646,5.20735,0.42097,-3.32821,-3.21769,-0.13682,4.34662,2.77262,2.18492,1.12771,3.41511,-1.4692,-3.88843,-0.42888,2.32592,6.21197,2.98428,5.86028,-1.9526,2.24198,5.52705,2.13658,1.95949,-3.12946,1.15716,2.06172,-3.64916,6.51315,-3.31329,-31.1855,10.30468,7.96974,-1.47331,1.81185,7.93977,-0.77679,-0.51257,11.44743,0.8668,-3.63689,-2.63591,6.39902,3.06508,1.98732,5.22673,0.43433,6.15866,-1.86824,0.04307,4.03214,5.08966,-9.65781,0.46797,1.52838,0.89518,-8.52891,-10.72584,11.42012,-2.86776,-13.79369,9.23797,6.43024,-3.99121,8.01387,0.07134,-6.04491,4.7034,-1.70517,-0.00229,3.47805,3.13695,-8.06751,-5.39721,10.17094,10.74476,1.15993,4.84712,9.01408,-7.72637,1.85338,0.26321,6.78992,1.27164,6.29349,-2.49608,2.53072,-6.06363
Vanguard Australian Property Secs Idx,VAN0004AU,4744,VAN0004AU,0,A-REITS,A-REITS-,7.37537,3.65936,-1.9756,-1.00742,2.7127,-3.95067,5.74897,-4.04637,-0.30773,4.86463,-2.87912,4.062,0.92426,2.72548,2.47203,2.80004,2.68012,3.5133,5.38528,-2.69395,-4.33831,-7.69335,0.72692,6.72124,-4.72271,4.41651,0.63806,2.53882,-0.96813,-4.52138,-0.06623,1.45851,0.57502,2.21963,5.20942,0.12874,-3.23484,-3.1977,0.11646,4.26808,2.85067,2.2998,0.95335,2.59419,-1.57536,-3.15725,-0.28538,1.81259,5.93395,1.7764,6.02505,-2.33228,2.31441,4.18622,2.5947,1.30683,-2.7412,1.35436,2.23178,-4.27664,6.2783,-4.70986,-35.13009,13.72182,7.03015,-1.13868,0.64453,7.92092,-1.20982,-0.26477,12.88128,0.56121,-4.05501,-2.49973,6.32557,3.02996,1.75041,5.54544,0.49016,6.34295,-2.01908,0.63034,3.92732,5.24495,-9.47802,1.48063,1.44955,0.66878,-8.57495,-10.39486,11.77753,-3.66464,-13.54639,9.83036,5.79232,-4.05075,8.03667,-0.39096,-6.84693,5.15482,-1.85685,-0.08027,3.86054,2.1186,-8.67179,-5.69849,10.89859,11.35548,1.21624,4.70503,9.5427,-7.66987,1.83922,0.28158,6.71872,0.56759,6.42461,-2.59485,2.34853,-5.83036
Ironbark Paladin Property Securities,PAL0002AU,5050,PAL0002AU,0,A-REITS,A-REITS-,7.42088,3.79983,-1.70511,-1.09283,1.96151,-3.56825,5.64526,-3.88735,-0.33784,4.60912,-3.2145,4.24697,1.37102,2.72867,2.73704,2.71221,1.70147,3.93275,5.47368,-1.33733,-4.20969,-7.62208,0.33326,6.0016,-3.83375,3.8106,0.75967,2.30719,-1.36383,-4.06097,-0.32156,1.8113,0.74401,1.6541,5.29112,1.21951,-2.57582,-2.31343,-0.22285,4.44988,2.54553,2.71469,0.58408,2.37368,-1.55239,-2.9004,-0.13587,0.90005,6.21594,1.34208,5.21991,-2.01576,1.06886,4.56986,1.87619,2.02847,-2.4939,1.24754,2.36241,-4.73107,7.54203,-3.36291,-32.05386,12.0483,7.30467,-1.06883,1.51966,7.25675,-0.57646,-0.18322,12.91046,0.91618,-4.53568,-2.48826,6.46336,3.14796,1.94371,5.25408,0.91382,6.31387,-2.42854,0.33681,4.20396,5.54533,-9.14904,0.74388,1.67797,0.69809,-8.98894,-10.92032,11.66634,-3.06507,-13.71858,9.00683,5.53413,-4.61356,8.52409,-0.76781,-7.11491,4.24074,-0.81459,-0.3231,3.92082,2.39927,-7.77204,-5.15564,10.45128,12.43384,1.11497,4.89259,9.01215,-7.94625,1.20066,0.49736,5.40138,0.40907,6.22963,-2.16163,2.77956,-6.40039
Martin Currie Property Secs A,SSB0128AU,5466,SSB0128AU,0,A-REITS,A-REITS-,6.74256,3.93678,-2.35723,-0.68236,1.57803,-3.76826,5.30214,-3.71043,0.08004,4.45188,-3.33174,3.91083,1.13663,2.20723,1.95955,1.90407,2.81515,2.96099,4.50425,-1.98764,-3.59002,-6.67601,-0.08414,5.80933,-4.27707,5.29003,0.34519,2.24217,-2.01424,-3.62344,-0.42187,1.18204,1.03921,1.62094,4.46561,1.7165,-3.24876,-2.82326,-0.85215,3.65644,2.56469,1.14678,1.03675,0.94343,-2.35362,-4.74682,-2.33085,0.21978,4.87019,0.28078,5.5701,-1.27348,2.10946,1.43296,4.2372,2.21589,-1.39218,1.75953,1.96293,-3.34095,5.17359,-4.55461,-37.51783,15.65015,8.45978,-1.45715,0.15706,8.6976,-1.66126,1.18453,13.35909,0.82929,-3.51078,-1.22432,4.46817,2.17103,1.6213,5.06127,0.46399,6.57747,-1.1046,0.42634,3.57833,5.0586,-8.19279,1.05278,0.74759,0.66016,-8.39764,-9.57774,11.24719,-3.75107,-13.23946,7.33432,5.57383,-2.21263,6.98995,-1.42597,-6.04622,5.29008,-1.98436,-0.63425,3.72544,2.27142,-7.07184,-5.68594,9.84356,10.9103,1.47931,4.50644,8.3056,-6.47228,1.38403,0.47015,5.98445,0.34063,5.97989,-2.24837,3.04997,-5.74207
Pendal Property Investment,RFA0817AU,2727,RFA0817AU,0,A-REITS,A-REITS-,7.39264,3.44187,-1.82245,-1.07786,1.99283,-3.91977,5.45994,-3.78447,0,4.97205,-2.84473,3.40401,1.11127,2.22593,2.24551,2.72739,2.87732,3.48194,5.22527,-2.04058,-4.3829,-7.51423,0.34195,6.84297,-4.84763,4.85135,0.70885,2.39018,-0.8959,-4.42901,-0.47316,1.57566,0.45467,2.15413,5.21284,0.41081,-3.325,-3.21955,-0.14696,4.35135,2.78425,2.16363,1.08804,3.42695,-1.48325,-3.89072,-0.43147,2.3324,6.21781,2.99196,5.85601,-1.96207,2.24594,5.51808,2.07248,1.97939,-3.14157,1.16146,2.06048,-3.64604,6.51055,-3.31263,-31.2124,10.39797,7.94146,-1.46898,1.82241,7.95887,-0.78777,-0.51093,11.46542,0.86789,-3.64979,-2.62164,6.41113,3.0809,1.99603,5.22875,0.42824,6.16745,-1.85149,0.05006,4.02241,5.10773,-9.65721,0.459,1.5433,0.89528,-8.56431,-10.71871,11.5043,-2.87492,-13.8532,10.00449,5.77263,-4.01596,8.06015,0.06268,-6.06364,4.72462,-1.71436,-0.37912,3.74086,3.16386,-8.11571,-5.45322,10.23659,10.78693,1.17377,4.85498,9.07998,-7.74695,1.85274,0.26747,6.79696,1.2822,6.29532,-2.50651,2.53756,-6.05666
Zurich Investments Aus Property Secs,ZUR0064AU,5396,ZUR0064AU,0,A-REITS,A-REITS-,6.53975,3.24044,-1.54865,-0.8298,1.81294,-3.42054,4.76098,-3.63569,0.1323,3.91229,-2.11955,3.58817,1.02588,2.90001,2.28841,2.46602,3.01896,3.22218,5.19014,-1.45074,-3.85291,-7.15521,0.28379,6.45183,-4.19498,5.09677,0.54679,2.36746,-1.05724,-3.88773,-0.13291,1.49942,0.38265,2.16193,4.78924,0.70267,-2.99313,-3.08548,-0.25376,4.07735,3.11896,2.43725,0.72721,2.36644,-1.72162,-3.18273,-0.69381,0.93987,5.49539,1.07036,5.71142,-2.21795,2.07924,3.44489,2.95577,1.28305,-2.13024,1.20698,2.29999,-3.83118,4.81998,-5.0554,-36.74464,15.07119,6.91077,-1.45856,-0.70881,7.50049,-1.81934,-0.31502,15.40106,0.60412,-3.34593,-1.57277,5.34355,2.32465,1.64295,5.1141,-0.10463,6.14947,-1.62872,0.46776,2.95824,3.91716,-8.10811,1.64939,1.197,0.35663,-7.25657,-9.71473,10.3321,-2.89337,-12.77427,8.85503,5.70871,-3.47907,8.20714,-0.04639,-6.71967,4.83427,-2.76362,0.23034,4.07828,2.18044,-8.42884,-5.1508,11.06645,11.01033,1.5993,4.12851,8.91912,-6.66393,1.62624,-0.31172,6.52144,1.10557,6.47294,-2.53285,2.11066,-5.53797
SGH Property Income,ETL0119AU,11242,ETL0119AU,0,A-REITS,A-REITS-,6.62469,4.51217,-2.6968,-0.98039,2.59312,-3.29633,4.20436,-4.54545,-0.3071,4.95423,-1.8471,5.17559,-0.706,1.49822,3.18164,1.89596,2.3855,3.76616,5.35492,-1.44208,-2.78868,-6.13709,0.63274,5.69741,-3.9599,4.04489,0.55831,2.53514,-2.15422,-3.61738,-0.63907,1.19449,1.17927,1.86578,5.4062,0.82957,-3.82452,-3.50877,-0.27273,3.38326,3.36979,1.55584,0.95408,0.443,-1.49956,-3.84486,0,0.46852,4.6096,-2.18825,5.13445,-0.79156,1.00473,0.44007,4.41038,1.73757,-0.14461,3.0285,2.53602,-3.08636,2.79494,-5.40927,-40.44198,19.29556,5.47711,-1.32888,-3.87532,8.28221,-2.46864,-0.62552,18.79983,-0.4862,-1.64934,0.51039,3.84113,0.63492,1.33193,3.45736,-2.0699,7.17256,-0.32714,1.37076,-0.70831,3.54246,-4.9414,4.39853,1.62499,0.347,-3.80384,-7.99946,8.59712,-3.41173,-10.73289,10.06998,3.81491,-1.39503,5.86637,-0.59524,-5.7761,5.11909,-4.36253,-0.20406,4.21053,-2.50784,-8.07411,-4.89237,10.82305,10.91024,1.08364,-2.21106,7.36523,-6.55738,-0.2064,-2.13347,9.55777,3.84115,3.59611,-3.81446,0.8566,-3.99497
Macquarie True Index Listed Property,MAQ0219AU,9843,MAQ0219AU,0,A-REITS,A-REITS-,7.70886,3.69507,-2.07003,-1.09217,2.92958,-4.15128,5.708,-4.09639,-0.26314,4.9521,-2.93665,4.00112,1.05711,2.86854,2.39782,2.79874,2.63077,3.54088,5.42553,-2.77956,-4.32444,-7.86282,0.84151,6.81346,-4.83919,4.13771,0.6271,2.61919,-1.09671,-4.81855,-0.06396,1.21717,0.52649,2.23224,5.28029,0.23794,-3.27705,-3.28478,0.0647,4.46341,3.07886,2.19568,0.96489,2.69951,-1.7605,-3.11357,-0.43869,1.68456,6.17247,1.75739,6.22386,-2.55985,2.47027,4.22922,2.5579,1.18807,-2.72375,1.23945,2.30095,-4.40036,6.35386,-4.86297,-35.13266,13.73604,7.02073,-1.42034,0.64472,7.89293,-1.4816,-0.37098,13.22966,0.42982,-4.03164,-2.65327,6.58037,2.91272,1.68857,5.54769,0.27711,6.26671,-2.17659,0.41257,4.51088,4.88499,-9.52229,1.41913,1.24283,0.57516,-8.72311,-10.32822,11.92786,-3.51456,-13.6025,9.90302,5.78221,-4.09784,8.1275,-0.25592,-6.79236,5.30772,-1.75525,-0.05255,3.8392,2.25513,-8.57456,-5.84314,11.00664,11.4969,1.31497,5.05916,9.69258,-7.78285,1.93987,0.38674,6.8322,0.53871,6.58419,-2.52131,2.48277,-5.95377
UBS CBRE Property Securities Fund,SBC0816AU,2953,SBC0816AU,0,A-REITS,A-REITS-,7.49024,3.47357,-1.869,-0.93868,1.75992,-3.93152,4.97956,-4.42478,-0.46349,4.63393,-2.5391,4.23414,0.79669,2.53114,2.48824,2.34233,2.85151,3.48904,5.59133,-1.35831,-4.41394,-7.82787,-0.25353,6.88038,-4.47512,6.61149,0.50629,2.47234,-1.09222,-4.23499,-0.41655,1.59236,0.13033,2.94954,4.86336,-0.0265,-3.17136,-3.24771,-0.51204,4.19862,2.76909,2.17518,1.00758,2.76375,-1.37057,-3.5043,-0.29125,2.44658,6.57508,2.92511,6.35361,-1.59685,2.62622,4.94395,2.64663,1.5826,-2.87462,1.60358,2.24345,-3.44035,6.57287,-3.54282,-33.96578,12.48638,7.60364,-1.16061,0.32448,8.3944,-0.36796,-0.03441,12.4021,1.07927,-3.56404,-2.88613,6.96419,3.63106,1.95719,6.05684,1.28168,6.14676,-2.15832,0.21801,3.65766,5.39307,-10.24654,0.83018,1.89947,0.52317,-8.10793,-11.38244,11.77355,-3.21032,-14.40688,10.25404,6.02514,-4.81716,7.93944,-0.74336,-6.59507,5.36178,-2.28066,0.69345,4.06392,3.99647,-9.15658,-5.40705,10.8515,11.70701,1.15721,6.29984,9.57783,-7.98023,2.04926,0.61447,5.60224,0.12036,6.25454,-1.75352,3.30456,-6.38706
Dexus AREIT,APN0008AU,17006,APN0008AU,0,A-REITS,A-REITS-,6.41785,3.91493,-1.92146,-0.68994,2.55324,-2.92921,4.20925,-3.69804,0.14761,4.42553,-2.76243,4.68309,0.54334,3.13197,2.83596,3.37222,1.57897,3.8604,4.94491,-3.28717,-3.20804,-7.09069,0.34836,6.79706,-3.80723,3.01953,0.1996,2.2709,-1.0207,-3.56176,0.90143,0.04855,-0.26458,2.97269,4.67977,-0.78374,-3.11744,-3.45452,0.4509,3.2445,3.60556,2.57252,0.42966,1.04905,-1.06761,-3.11641,-0.01892,1.28662,4.12205,0.18433,5.26593,-2.11185,1.83921,2.22038,3.32251,1.72384,-1.41407,1.16517,2.14435,-3.52716,4.57855,-4.74884,-36.87137,12.2854,5.10457,0.46854,-1.53772,6.66028,-0.16861,-0.33165,11.54892,-0.0511,-3.49833,-1.16507,5.41767,2.85332,1.9012,4.55383,-0.15151,6.28954,-1.42693,0.22429,1.91926,6.10592,-8.47206,2.21011,1.27528,0.61519,-8.51394,-10.30442,10.98509,-3.3752,-12.94066,9.65132,4.85542,-2.67891,6.34348,-0.66894,-7.12732,4.39596,-1.54542,-0.56478,3.66979,0.69217,-7.78791,-5.86406,9.61429,10.67388,1.12359,2.77487,7.78663,-7.41167,0.31754,-0.63153,7.84416,1.51153,4.66474,-2.89372,1.56686,-5.1168
Partners Group Global Real Estate Fd AUD,ETL0480AU,42082,ETL0480AU,Hedged,G-REITS,G-REITS-Hedged,,,,,,,,,,,,,,,,,,,,,,,,,,,,,0.76,0.69472,1.1061,0.8438,0.73944,1.21692,1.87977,0.67435,-0.08373,0.01862,1.34984,2.41573,0.56502,2.19388,-0.54287,0.8768,1.11501,-0.17366,-0.06958,2.93324,1.25148,0.6013,1.03769,0.46011,0.17993,1.45318,-0.2575,1.11335,1.76334,0.00784,0.5096,1.81747,0.94997,0.85755,-5.43266,-3.7874,0.43004,-0.24704,-1.80783,0.52963,1.63907,1.06961,-1.4409,-0.71033,0.01664,-0.60717,2.51046,0.57959,0.25972,3.3757,1.25789,2.23502,1.8246,-2.3204,3.71122,0.84773,1.01843,-1.03217,-0.50934,2.1778,-0.47718,0.16781,0.43069,-0.40259,2.21441,0.12036,-5.41817,-0.87154,-0.8792,1.31202,-1.30415,0.69303,0.13765,-1.9978,-0.09065,0.79767,-0.40965,0.40198,-1.92737,-8.52559,0.41515,0.47545,-2.42773,-0.50606,-1.00668,-0.56733,0.64796,-2.60478,-2.54237,1.88594,-0.09976,
AUI Healthcare Property Trust A,AUS0037AU,17144,AUS0037AU,0,A-REITS,A-REITS-,0.53464,0.84025,0.49573,0.76775,-0.6455,0.62839,0.88058,2.98063,0.80628,0.53037,0.69308,1.52044,-0.07182,1.01653,1.34174,0.37625,4.03201,1.03223,0.91654,0.15459,-0.09647,-0.23616,0.27502,1.20384,0.2652,2.68417,0.60008,3.56937,1.04041,0.59759,-0.14995,3.52919,0.4796,0.04564,1.61496,1.66871,0.33995,1.33738,0.02639,0.50019,0.42508,0.33369,0.63314,1.214,0.39398,-0.06611,1.20833,0.27579,0.91356,1.40146,0.5771,0.56906,-0.10288,0.54926,0.37454,1.83991,0.37146,1.50759,0.34287,0.48337,0.40171,0.65016,-1.43271,1.213,0.28495,0.33428,0.40387,1.37434,1.8517,0.19336,1.153,2.55457,0.43887,5.6701,0.93809,3.57567,0.96419,1.46478,0.20367,8.62217,0.30858,0.76574,0.15054,2.95406,0.10936,3.5007,0.48142,0.35208,-0.17265,-0.38913,1.24574,0.6294,-0.33726,0.64726,0.66527,0.35491,-0.07318,1.57538,-0.13328,0.34223,0.19524,0.66983,0.21973,-0.36541,0.35411,0.36878,-2.38212,-2.09523,0.16621,-2.33729,0.238,0.23776,0.43851,-2.40127,0.11228,-1.49764,0.15274,0.25468,-0.00698,0.12563
ClearBridge RARE Infrastructure Income,TGP0016AU,16749,TGP0016AU,Hedged,Infrastructure,Infrastructure-Hedged,3.44197,2.17903,0.12248,2.86828,0.78644,-4.86628,-0.23496,-4.86877,-4.59281,6.80772,-2.54455,-1.89658,-0.25472,0.23776,4.65607,1.76826,-0.11695,5.33579,5.46404,-1.73714,0.23261,-1.89403,-3.05544,4.4684,0.19055,3.24114,5.23488,0.44985,4.5518,-2.29619,1.44853,1.3341,-2.24879,-1.34973,0.31925,-0.69708,-2.53787,-4.19838,-0.55198,4.37408,-0.46289,4.285,1.53946,-0.18349,-2.22986,-0.18957,2.56813,-1.55382,8.08872,3.15814,2.86919,0.87336,0.11006,2.88772,-0.19996,1.7102,2.06135,-0.13133,1.33593,2.82889,3.94904,-4.06992,-12.1966,5.09371,2.7157,0.91348,2.87538,-1.38324,1.31588,0.27461,6.91121,1.31446,-1.29467,-5.0485,6.07238,2.13944,-0.11524,-0.00924,3.46228,2.52703,-0.83949,3.30837,-0.93569,5.14833,-1.21982,1.11851,5.69693,-0.12322,1.88144,-4.92456,4.97795,-2.45688,-11.00816,3.73714,4.77244,-4.07844,2.05563,-3.28896,2.4614,1.92582,-3.82785,1.31369,-0.19685,-4.17854,-5.18411,1.4047,5.98678,2.44873,-2.31805,-0.65542,2.69205,-2.02351,5.53531,-3.56141,6.05615,2.39936,4.03105,-1.62727,1.21925,-4.97323
Vanguard Global Infrastructure Index Hgd,VAN0024AU,16242,VAN0024AU,Hedged,Infrastructure,Infrastructure-Hedged,2.09436,-1.26834,-1.20643,0.93849,-0.41447,-4.26322,3.74809,-5.25481,-0.90844,4.25814,-2.20988,-2.15334,0.48368,0.52948,5.31482,0.09093,0.97661,4.37472,1.59161,-2.84752,1.99127,-1.09685,-1.51935,3.2545,0.95976,3.56487,1.12653,1.79737,3.23924,-1.55405,0.28311,2.16626,-0.78571,2.04544,2.11016,-2.15134,-1.71045,-4.27369,1.82743,2.60734,1.33675,2.52831,2.54501,-0.23794,0.28187,-1.76216,3.46649,-5.5201,6.79785,3.72206,3.05988,1.16394,-0.99454,2.29466,0.22143,1.28722,1.93475,-0.27912,-0.40119,2.88525,4.08814,-8.44122,-11.99962,5.63457,4.38849,-2.99301,2.75085,0.31162,-0.08284,-0.87369,5.13895,0.24124,-1.12986,-1.18119,8.59743,2.67857,0.16452,-0.61595,1.78079,2.11602,-4.54867,5.86678,-2.51075,6.73097,-3.35512,-0.84552,7.99559,-4.16163,1.4733,-5.27271,6.00988,-1.75973,-11.62858,2.9473,6.59855,-2.80551,0.72933,-4.58903,2.31937,1.60869,-5.19173,2.85188,1.58144,-4.88843,-4.84505,0.17373,6.43382,2.71182,-2.18285,0.86244,3.47371,-2.00612,4.61864,-2.80478,7.52438,3.05953,2.03271,-1.03259,4.32742,-6.82023
Dexus Core Infrastructure A,AMP1179AU,15839,AMP1179AU,Hedged,Infrastructure,Infrastructure-Hedged,2.02814,-0.50706,1.32581,0.81825,0.22143,1.90098,2.07298,-0.99891,0.09927,2.63267,0.74494,2.68482,0.85893,-0.02984,2.31598,0.32503,0.91794,3.77584,-0.03797,-1.44357,1.59593,-0.3689,-2.681,2.93552,-0.75114,2.57436,1.66419,0.90768,3.21957,0.01716,0.51778,1.64113,-0.80577,1.4454,0.93226,0.57728,-1.73529,-2.50227,1.55736,1.13428,0.3097,3.95123,0.57857,-0.34895,-0.58719,0.14976,1.84557,-0.62762,3.47581,1.11744,1.85488,0.56394,0.54772,2.28932,0.3003,1.9851,0.52036,-0.05921,-0.8218,1.47731,1.76823,-3.40159,-7.99466,2.46012,1.05652,-0.88723,0.2589,-1.09216,-0.32328,-0.99651,3.26144,-0.01369,-0.62619,-1.00189,3.98813,2.13283,-0.16662,-0.38943,1.62974,1.00078,-2.28491,1.64963,-1.12626,6.44431,-2.22184,-1.14489,4.19775,-0.20521,1.15908,-2.77412,2.62835,-1.66371,-6.2059,0.7092,3.26046,0.80215,1.54693,-2.4628,1.40193,1.01326,-2.35997,1.80014,-0.16197,-2.736,-1.58536,0.31734,2.90504,0.55379,-0.7434,-0.51803,2.56696,-2.01209,0.95202,-1.69763,2.45494,0.81435,1.48223,-0.23232,0.75198,
Magellan Infrastructure,MGE0002AU,15700,MGE0002AU,Hedged,Infrastructure,Infrastructure-Hedged,5.74609,-1.26507,1.84023,0.79372,0.71207,-4.39195,4.13494,-3.12048,1.94839,3.40909,0.05828,0.74049,1.71839,0.97589,4.1176,0.38222,0.21758,2.1626,0.9865,-2.40211,1.35368,-2.50121,-3.36239,3.15292,-0.94942,4.92832,3.67825,1.9883,4.12844,-2.2467,0.25037,2.8161,-2.06015,2.73211,2.32996,-1.08096,-1.36118,-3.64026,2.12346,2.8127,-0.48601,2.55707,0.92835,-0.2044,-0.88231,-1.12065,1.88892,-2.81635,6.44525,3.08156,2.9295,0.7643,0.54179,4.16727,0.60254,1.78982,1.14943,-0.13528,0.18965,1.58194,2.97852,-9.18213,-13.62028,4.90762,3.37902,-1.25655,0.5516,-0.72349,-0.63266,-1.88588,5.89782,-0.93857,-2.544,-2.30668,7.98252,3.52502,-0.39086,-0.33957,3.25448,1.54226,-3.98879,3.14084,-2.06984,7.27591,-2.77376,-1.211,6.84365,-0.8165,0.58903,-4.58586,4.53106,-1.8031,-12.25854,4.25247,6.19078,-3.43289,4.46914,-2.65554,1.46226,3.22331,-4.33869,0.43158,0.80581,-5.33439,-3.386,-0.49325,7.7485,2.29217,-0.89458,0.27649,2.13284,-3.24758,2.83135,-2.18675,6.0015,2.28828,2.19096,-1.54217,3.53759,-4.48675
CFS Global Infrastructure Securities,FSF0795AU,15003,FSF0795AU,Hedged,Infrastructure,Infrastructure-Hedged,4.10692,2.89692,0.36374,1.66715,-0.4563,-4.4836,3.31215,-4.73962,-0.71857,4.88319,-0.62893,-2.0833,-1.03674,0.46866,4.68307,1.22324,-0.43159,1.35241,2.5306,-1.39,1.39152,-2.0287,-1.53996,3.91012,-0.19053,4.14241,3.64769,2.16642,3.67838,-2.00351,0.80313,2.2056,-1.13129,1.24038,1.39614,-1.56787,-1.81818,-5.04334,1.15145,3.56886,-0.23765,2.56079,1.37386,-0.94974,-0.70028,-0.60757,0,-3.5437,6.96796,2.66339,2.26089,1.47733,-0.74297,3.34817,0.47445,1.16085,1.82826,-0.18145,-0.64103,3.00763,3.07736,-7.53218,-15.70893,6.12627,3.59823,-1.51289,1.17874,-0.0224,-0.64986,-0.42856,7.55465,0.08049,-2.68571,-0.51473,6.46191,2.9573,0.69298,-0.28925,2.24883,1.97536,-1.5976,3.03399,-1.7727,6.31568,-3.15749,0.31809,6.47047,-0.94928,0.95838,-5.20242,4.22772,-1.78131,-11.50442,6.03704,6.57818,-3.89394,3.70794,-2.94637,1.2166,2.50506,-3.95616,1.92834,1.48492,-4.68,-4.76916,0.07383,6.1355,3.03175,-1.41627,0.28732,2.99106,-2.62602,3.771,-3.14943,7.73685,2.34358,1.81723,-1.74353,3.29693,-5.22164
ClearBridge RARE Infrstrctr Val Hdg A,TGP0008AU,14651,TGP0008AU,Hedged,Infrastructure,Infrastructure-Hedged,3.37822,3.6763,-0.61701,2.2553,-0.20845,-3.96901,2.53143,-5.60514,-2.18256,5.62443,-1.15647,-3.38776,-2.53534,-0.03743,4.29655,1.91089,0.6576,1.45598,3.00717,-1.13383,0.28897,-1.75758,-1.9188,3.78036,0.13077,3.87127,3.3498,1.26695,3.94714,-1.68673,0.27696,2.56859,-1.40023,-0.29809,0.68205,-1.12287,-1.02835,-5.06895,-0.39894,2.74059,1.15933,2.54564,1.4369,-0.27207,-1.30343,-2.37056,2.02343,-3.75783,6.89693,3.04647,2.74736,1.79026,-1.79721,3.36661,-1.11037,1.5547,2.29635,0.53396,0.95975,3.09183,3.2972,-7.62571,-15.48802,5.70975,3.84739,-0.86687,2.37971,-0.17331,-0.71487,0.65817,9.42398,1.10974,-2.91151,-1.90122,5.61439,2.86893,0.7462,-0.11024,2.56261,2.47965,-3.2416,4.91033,-2.89789,6.59951,-2.98134,0.25761,6.83674,-1.22375,1.26527,-5.8787,7.39069,-1.70884,-9.80429,5.22025,4.34739,-3.63584,1.84998,-2.76923,2.01102,3.12531,-3.50656,1.71744,0.86103,-4.36768,-3.53955,0.77897,6.45196,2.05728,-1.1718,0.18087,1.51454,-2.48238,5.17259,-3.1368,5.61527,1.98783,3.45053,-0.73516,3.02642,-4.52609
Lazard Global Listed Infrastructure,LAZ0014AU,13457,LAZ0014AU,Hedged,Infrastructure,Infrastructure-Hedged,5.40705,3.04899,1.66117,1.40713,-0.14692,-5.3188,4.05152,-3.59712,1.53299,4.36636,1.51535,-1.37591,-1.23995,0.95678,4.75181,1.47385,-2.46389,-0.82067,3.68804,0.02798,0.78898,-1.79055,0.39573,5.11016,-0.38923,5.14942,5.86297,3.1544,5.56748,-2.72727,1.24174,3.13676,0.49302,0.8893,1.2455,-1.53616,-2.27832,-4.93706,1.23491,6.07385,-2.29296,3.00885,2.3525,-2.28314,-0.24197,0.22253,-0.76196,-3.06357,6.27371,2.54896,0.76536,2.35998,-1.28533,3.53931,1.27398,0.01405,2.47945,1.56447,-1.29694,2.91002,4.02254,-7.44495,-16.65271,6.18581,3.47195,-0.13727,-1.59031,0.70078,-0.43599,-2.40094,9.46756,-1.30128,-3.69996,0.82922,6.71208,3.02046,1.64182,0.20843,3.19863,0.43386,-2.64314,3.65424,-0.82016,6.68561,-2.63213,0.2085,4.69128,1.20971,-0.55688,-4.1486,3.9436,-2.44469,-11.6746,7.3239,7.57444,-3.84728,4.53142,-1.51392,1.09478,2.64056,-1.94392,1.4371,1.38473,-4.67726,-3.06629,0.03286,6.91411,3.03103,0.41078,0.69176,2.32703,-3.15195,1.35458,-3.18395,7.9529,1.29054,0.8155,-2.22761,2.94024,-2.9119
Macquarie International Infra Ses,MAQ0432AU,13287,MAQ0432AU,Hedged,Infrastructure,Infrastructure-Hedged,3.80632,0.38128,1.0021,2.35758,-0.97477,-4.29974,2.3242,-4.46821,-3.6706,5.69305,-2.74466,-2.22242,-0.96215,0.40326,5.05705,2.15054,1.78006,2.77948,2.03451,-1.06007,1.58163,-2.73661,-2.66644,2.94405,0.81711,3.63856,3.46922,0.93798,2.73973,-0.68047,1.14668,1.02346,-0.62344,1.7584,0.44944,-1.12628,-1.24735,-5.09215,1.02118,3.50863,0.44283,2.95519,0.51274,-1.1498,-1.81029,-1.86288,1.10304,-2.38498,6.42434,2.3753,3.90431,0.13935,-0.35562,3.78337,-0.60887,1.0644,1.81088,0.21695,0.07465,3.17768,2.66085,-7.81814,-17.15449,8.41506,2.30014,-0.89378,0.84991,0.06483,-2.00833,-0.54229,9.30744,0.42881,-1.71945,0.51772,6.53583,2.96141,0.16296,-0.10748,2.13773,1.34671,-1.35421,1.54604,-2.33053,5.58216,0.51465,1.79206,5.76829,-0.77932,1.58644,-5.95445,4.91071,-0.87882,-9.45404,8.33247,6.67498,-3.37139,2.93318,-1.72068,2.52895,3.22082,-5.17409,1.04304,0.42169,-4.23915,-3.95698,-0.57005,6.49394,2.08096,-1.94214,-0.20849,3.79191,-0.71001,3.4835,-2.18966,5.77191,2.55604,2.73959,-1.69722,4.40016,-3.09015
4D Global Infrastructure AUD Hedged,BFL3306AU,44801,BFL3306AU,Hedged,Infrastructure,Infrastructure-Hedged,,,,,,,,,,,,,,,,,,,,,,,,,,,,,,,,,,,,,,,,,,,,,,,,,,,,,,,,,,,,,,,,,,,,,,,,,,,,,,,,,,,,,,,,,,,,,-11.30216,4.12607,5.33847,-2.42769,6.29558,-2.00787,2.10049,2.67857,-3.29051,2.95136,1.06648,-4.89152,-3.24119,-3.15393,10.01445,3.64973,-2.84513,-0.96609,1.90021,-1.48365,4.43565,-3.11012,4.53969,3.09568,2.06568,-2.59621,0.29301,-3.87334
First Sentier Responsible Listed Infrs H,PIM6646AU,44637,PIM6646AU,Hedged,Infrastructure,Infrastructure-Hedged,,,,,,,,,,,,,,,,,,,,,,,,,,,,,,,,,,,,,,,,,,,,,,,,,,,,,,,,,,,,,,,,,,,,,,,,,,,,,,,,,,,,,,,,,,-4.37439,5.13838,-1.4005,-11.71061,1.81713,6.58179,-2.8477,0.53793,-3.90915,2.22727,0.86705,-5.01433,2.51769,1.73841,-6.24374,-5.82858,0.92021,6.95728,4.34427,-4.21936,-0.54919,2.66714,-1.30465,5.60065,-4.37026,6.63845,2.41249,1.95604,-3.44507,2.23267,-7.02194
Magellan Core Infrastructure Fund,MGE9182AU,43992,MGE9182AU,Hedged,Infrastructure,Infrastructure-Hedged,5.08681,-2.53333,0.10111,0.68925,0.44258,-5.17008,5.26615,-3.09466,3.10304,3.79243,-0.98173,0.79448,2.53404,0.32402,5.23716,-0.21663,1.67049,4.2292,1.02227,-3.40755,0.86818,-1.44866,-4.66203,3.59977,-0.6912,4.3391,3.37139,1.965,4.43013,-2.51693,1.03457,2.74214,-2.89017,2.9468,1.96302,-3.01736,-2.71421,-4.66721,2.14041,2.52991,-1.56076,3.36731,1.15734,-0.54215,-1.20872,-0.19992,2.09135,-2.52727,5.88614,2.79848,2.74449,1.06559,1.1256,3.12082,-0.11614,3.39238,1.74638,0.66966,-0.78145,2.79242,4.7999,-7.54683,-11.09731,4.41079,2.79518,-1.63699,1.75475,-1.43708,-0.05554,-0.25009,4.81928,-1.14943,-2.15755,-2.67912,8.25157,3.2603,-0.13892,-0.13912,3.99252,1.61881,-3.52173,1.98014,-1.26551,7.11862,-2.02255,-0.6333,6.51428,-0.64438,1.41873,-5.08736,4.38935,-2.46305,-11.55604,3.60299,5.10499,-2.8031,3.9199,-2.82116,2.57906,2.68478,-4.64472,-0.19355,0.21785,-4.42,-4.50034,-0.71444,7.5229,2.33218,-1.82248,-1.05878,2.93934,-1.72134,3.53046,-2.7599,6.74988,2.87413,2.87002,-1.76532,2.99089,-3.95339
Ausbil Global Essential Infras - Hdg,AAP3601AU,43898,AAP3601AU,Hedged,Infrastructure,Infrastructure-Hedged,,,,,,,,,,,,,,,,,,,,,,,,,,,,,,,,,,,,,,,,,,,,,,,,,,,,,,,,,,,,,,,,,,,,,,,7.6943,-0.15208,-1.82037,-3.42652,6.54765,3.26358,0.20334,1.30739,3.53813,2.59906,-3.64346,3.45682,-1.25118,6.29739,-4.93414,2.31868,6.62564,-0.91085,0.76478,-4.62641,7.8246,-2.68359,-10.87259,4.72806,5.77295,-4.30657,3.87091,-3.04906,1.68053,3.09093,-4.71785,0.87792,0.25431,-5.62743,-5.58076,-0.07602,7.57782,2.30515,-2.40757,-2.7309,3.27283,-3.24184,4.87606,-3.28901,6.62533,3.43458,3.40993,-0.15879,5.21707,-5.26678
ATLAS Infrastructure Aust Fdr Fd - Hdg,PIM9253AU,41986,PIM9253AU,Hedged,Infrastructure,Infrastructure-Hedged,,,,,,,,,,,,,,,,,,,,,,,,,,,,,,,,,,,1.81293,-0.13697,-0.30371,-2.66313,3.06916,3.5263,1.28678,2.14853,1.07856,-0.24714,0.85337,-1.1282,1.34352,-0.49941,6.38239,2.62092,2.96564,1.95822,-0.38412,4.13721,0.35202,-0.3818,2.62026,0.20579,2.02328,2.44241,3.23297,-5.69729,-15.95106,5.50633,2.53664,-1.58937,2.84184,-0.07559,-1.42893,0.86126,8.88569,1.55146,-2.83313,-2.27491,5.83607,1.63414,0.52579,-0.29563,1.3333,2.6885,1.17185,2.11128,-1.60816,6.11456,-2.37344,1.34491,7.3515,1.03996,1.86432,-6.52644,1.83436,-1.62568,-12.91487,8.42768,6.21369,-4.27167,7.97825,-2.0815,1.5391,3.88119,-3.23889,0.43955,0.87838,-3.83744,-5.45403,-1.36666,4.8534,4.198,-1.00415,-1.73599,2.82665,-1.84432,3.8151,-4.55578,6.97521,1.27847,2.25564,-4.30383,2.31919,-6.10403
CBRE Global Infrastructure Securities,UBS0064AU,41432,UBS0064AU,Hedged,Infrastructure,Infrastructure-Hedged,,,,,,,,,,,,,,,,,,,,,2.289,-2.05047,-2.60668,2.56278,-0.02015,3.66825,2.6445,2.01701,3.13027,-0.91525,0.35726,2.47356,-1.24725,1.98628,2.34075,-0.98359,-1.12559,-5.54314,0.49959,2.74107,1.56279,1.82426,1.84479,0.44021,-1.17787,-2.81807,3.30861,-5.06729,7.73536,3.16758,3.72638,1.31045,-0.31712,3.14621,0.16328,2.62244,2.00726,-0.26079,-0.7131,2.54018,3.68733,-8.35841,-12.33068,5.48741,4.26099,-1.15775,1.69486,-0.57461,-1.7338,-0.38726,6.88284,0.81524,-1.09012,-1.51251,8.01963,3.5673,0.71067,-0.09034,1.23427,2.71232,-3.86499,4.36474,-2.39411,5.75505,-2.69879,0.37436,6.02181,-2.74942,1.28727,-5.17638,5.73627,-1.34295,-11.39412,3.36952,6.9724,-3.43265,2.82297,-2.99832,2.29253,2.35993,-4.59734,1.43218,0.76632,-4.5092,-4.70852,-0.70303,8.26953,2.49864,-2.72184,0.51736,3.37871,-1.95134,5.50369,-3.39806,5.59562,2.62371,3.76156,-1.31255,3.99328,-5.83363
Maple-Brown Abbott Gbl Listed Infra Hd,MPL0008AU,40949,MPL0008AU,Hedged,Infrastructure,Infrastructure-Hedged,,,,,,,,-4.33876,-1.26622,5.9166,-0.86939,-0.22177,-0.35594,2.20453,4.32395,2.7933,2.89543,2.45874,2.14767,-0.83776,1.69876,-1.76999,-2.25007,3.80837,-1.60486,2.97641,3.82998,1.5514,2.43236,-1.46536,0.62937,1.24218,-1.81038,0.17576,0.25441,-1.24256,-1.89823,-4.52398,1.0942,2.1875,-0.27801,2.82849,0.21312,-0.24965,-1.73341,-0.71185,-1.41478,-2.42412,7.61152,2.25857,2.44501,1.77583,-0.77159,3.81552,-0.18956,0.44026,2.28621,-0.90402,0.5286,3.70622,1.84165,-7.08808,-13.65888,5.56118,3.1187,-2.50326,1.29808,-1.5547,-1.13897,0.11691,7.07474,-0.4726,-2.39757,-1.27059,7.89323,4.0878,0.05123,-0.34151,1.63808,2.11796,-3.01603,3.04147,-2.07034,6.75836,-1.04725,1.17143,6.4681,0.09044,1.09187,-6.02605,6.87321,-2.43605,-11.2526,4.0385,5.84981,-2.63902,3.81483,-1.90127,2.85069,3.41575,-5.19267,0.28464,1.18951,-4.53291,-3.64739,-0.25331,8.62473,0.65642,-2.61479,0.30448,1.89495,-1.94333,4.01926,-2.21688,6.80957,2.77375,3.08696,-2.08208,2.80292,-5.10256
Macquarie Hedged Index Global Infra Secs,MAQ0829AU,40374,MAQ0829AU,Hedged,Infrastructure,Infrastructure-Hedged,4.6211,0.85336,0.82259,1.13215,0.10662,-4.47992,4.41943,-4.33698,-0.55984,4.3393,-2.23874,-1.3816,0.98048,0.67545,5.12789,0.37745,1.18409,3.73132,1.925,-2.67432,1.6026,-1.36049,-2.94553,3.45822,0.27284,3.89489,2.57149,1.93833,3.47162,-1.51595,0.96928,2.26583,-1.96985,2.43142,1.93772,-2.22835,-1.49077,-4.69557,1.24657,2.847,0.25749,2.85522,1.76096,-1.13281,-0.5975,-1.28704,2.73659,-4.12802,6.61866,3.39041,3.34521,1.07259,-0.56219,3.17981,0.22816,1.47295,1.71549,-0.15568,-0.92905,2.66903,3.79407,-8.65846,-15.83238,7.03594,4.05325,-3.11127,1.32174,0.17164,0.07904,-0.68611,6.37306,-0.31534,-2.15821,-0.83872,7.7855,3.32229,-0.54227,-0.35349,2.22204,2.01963,-2.58388,3.02783,-2.36058,6.76619,-2.81155,-0.68022,7.27528,-1.6209,2.02377,-5.28589,4.79755,-1.32883,-11.38814,3.33775,6.06682,-3.12012,2.64126,-3.67264,1.8563,2.42601,-4.72896,1.55633,1.00882,-4.66639,-4.42079,-0.63836,6.8622,2.41238,-2.2302,0.58556,3.63998,-1.86514,4.98796,-2.45753,6.28179,3.02305,2.10233,-0.80817,3.88932,-5.33067
First Sentier Global Listed Infras Fd,FSF1241AU,19480,FSF1241AU,Hedged,Infrastructure,Infrastructure-Hedged,3.77343,2.25752,0.24442,1.89555,-0.17754,-4.71698,3.84847,-4.01548,-1.17944,4.70264,-2.21161,-0.89393,0.13234,1.45384,6.37338,0.80075,1.40187,3.71429,2.00144,-2.36875,1.62955,-1.28274,-1.9852,2.94393,0.64016,4.58699,1.97019,1.82292,3.67956,-1.55964,1.18543,2.07799,-0.84611,1.22508,0.03339,-0.78154,-1.36434,-5.39365,0.67126,2.73109,0.66684,1.83713,1.55249,-1.40432,-1.51447,0,2.46224,-4.56778,7.21991,2.94767,3.12045,1.13891,-0.06576,2.83764,0.63973,1.69778,1.66944,-0.77821,-0.53333,3.25412,1.82983,-7.99151,-14.70128,7.79635,4.31977,-2.16495,0.82668,-0.382,-1.61803,-0.23767,6.9373,0.27314,-1.84651,-0.28448,7.18756,3.50305,0.06636,-0.99163,1.66794,1.75716,-3.39635,2.42291,-3.06038,7.16724,-2.62739,-0.31889,6.47199,-2.27273,1.52148,-5.31915,5.12209,-0.97624,-10.77062,2.95553,6.83241,-3.15587,2.91296,-3.11608,1.86389,1.82979,-5.37401,1.88129,1.40817,-5.9015,-3.97779,-1.01431,7.03888,2.73777,-3.10894,0.8988,2.69018,-0.84143,4.60152,-2.62608,6.88497,2.62248,1.65399,-1.81215,3.59695,-5.44311
Mercer Global Listed Infrastructure,MIN0033AU,18333,MIN0033AU,Hedged,Infrastructure,Infrastructure-Hedged,4.29038,2.31503,-0.12995,2.60237,0.2611,-4.67003,3.76897,-4.75236,-1.31237,4.67946,-1.31831,-2.31016,-0.57262,0.81423,6.11332,1.01874,0.90414,2.91877,2.3443,-1.89174,0.98734,-1.43777,-2.41568,3.47013,0.67114,4.22989,2.23864,1.75817,3.84778,-1.59948,0.81753,1.95968,-0.93892,0.75825,-0.07747,-0.52919,-1.02587,-5.11492,0.37996,2.64963,0.65683,2.04139,1.67707,-0.89092,-2.23518,0.0994,2.13505,-3.71901,6.65236,2.88792,3.66962,0.93209,-0.10994,3.64106,0.48675,1.7761,1.56531,-0.47902,-0.41854,2.58174,3.06415,-9.36661,-13.83434,6.23886,3.81112,-1.6431,0.91903,-1.10756,-0.54754,-1.25125,6.53827,-0.13083,-2.33417,-0.68284,7.13321,3.3234,0.16637,-0.70703,2.06776,2.03731,-3.78015,2.76288,-2.62053,6.91985,-2.37525,-1.06027,6.52002,-2.6051,1.90279,-6.79362,3.66286,-0.96589,-12.46914,4.8519,5.66317,-2.95353,2.79418,-2.87136,1.53725,2.21273,-4.58286,1.66435,1.8211,-5.85218,-5.50356,0.10347,6.45304,4.42502,-3.08183,-0.94572,2.54601,-1.34935,4.71892,-4.21866,6.52471,1.99897,1.97236,-3.74523,2.29105,-6.78178
ClearBridge RARE Emerging Markets,TGP0015AU,16750,TGP0015AU,Unhedged,Infrastructure,Infrastructure-Unhedged,5.94599,1.0043,1.39539,2.46807,-0.43428,-3.46917,1.44674,-5.48322,-2.83246,2.52199,-6.01524,-0.33021,-2.70311,-1.61381,5.29977,2.88869,0.69471,3.74013,3.76549,0.1424,-2.93106,2.04139,-3.19533,1.71737,1.86678,3.10386,3.98753,2.98447,-0.47358,-1.08264,2.02723,0.28316,-0.53601,3.91666,-1.94008,-1.50628,-2.23203,0.46156,-0.97816,0.08481,-4.41154,-2.83688,3.54292,-1.65015,-2.86838,1.19149,-1.20563,5.17222,2.58891,0.7769,3.79606,-1.55202,0.03122,2.56944,1.71268,0.30105,2.37574,-1.49573,1.82112,0.98098,4.69725,-6.42688,-22.0969,3.06434,-0.63622,0.29796,-3.84299,-4.60133,0.22738,1.69806,9.46394,0.6546,-3.64728,0.30848,5.66376,-2.63158,4.34052,3.61742,0.19091,3.45863,-1.05481,-7.85718,3.83815,1.33821,1.29505,-3.10078,3.36716,1.28798,2.13834,-4.2332,-2.77038,2.3379,-4.45595,6.2142,-0.59796,-3.85114,2.61633,1.12912,4.74818,3.23209,0.47186,3.54716,0.62371,-2.26917,-0.61769,-2.79134,2.0894,3.67388,1.47936,4.46378,0.1839,-0.62628,-2.3199,0.06253,5.47068,-1.78933,0.30365,-0.8109,-3.98954,4.52997
Vanguard Global Infrastructure Index,VAN0023AU,16241,VAN0023AU,Unhedged,Infrastructure,Infrastructure-Unhedged,5.43629,-1.77975,0.38631,-1.31796,1.49337,-4.38661,7.43012,-1.92114,-0.18655,2.83099,-4.73752,-2.78418,2.60896,0.54216,-0.74145,1.66497,4.98849,2.0011,-0.50639,-2.11455,0.33812,-1.68973,0.3447,4.8855,-2.79371,1.9857,1.79016,3.62917,4.0556,-4.02435,-2.71888,2.69007,0.19508,3.5962,3.42873,-4.73332,-4.28019,-1.18922,3.42619,3.752,0.58256,4.45249,1.94249,2.43859,0.12938,-0.12337,0.41645,-1.91809,4.13856,5.88085,2.93005,1.90704,0.58045,1.76978,1.65572,3.48266,1.75938,-1.89888,1.13878,-0.15981,8.68549,-5.04708,-7.64127,-0.31441,3.07766,-6.29811,-0.3646,-2.16428,2.46979,1.17679,1.19828,-3.65449,-0.69615,-1.98634,9.83035,1.82864,0.70998,1.37716,3.81349,2.37157,-3.55576,2.39749,2.43345,4.69747,-0.4778,-3.58628,4.66692,0.37153,0.86963,-1.7094,4.63607,-0.66377,-6.23654,3.64823,2.86286,-3.53135,-2.48163,-0.84061,3.39093,3.06613,-3.41665,0.63996,0.68157,-1.50346,-4.84296,1.66494,2.87285,0.7052,0.51776,2.07646,3.3194,-2.00089,2.57902,-3.38801,9.98544,0.16696,0.09421,3.74126,4.68629,-2.41611
First Sentier Global Listed Infras UnHdg,PIM8891AU,44636,PIM8891AU,Unhedged,Infrastructure,Infrastructure-Unhedged,,,,,,,,,,,,,,,,,,,,,,,,,,,,,,,,,,,,,,,,,,,,,,,,,,,,,,,,,,,,,,,,,,,,,,,,,,,,,,,,,,,,,,,,,,,,,,,,,0.20154,0.36729,3.08443,3.34714,-3.72127,-0.05097,0.82227,-2.77027,-4.07401,0.5705,3.72771,0.83333,-0.61123,2.20009,2.66972,-0.76771,2.67865,-3.58098,9.47189,-0.53788,0.12361,2.51543,3.75583,-1.58868
First Sentier Responsible Listed Infras,PIM0541AU,44257,PIM0541AU,Unhedged,Infrastructure,Infrastructure-Unhedged,,,,,,,,,,,,,,,,,,,,,,,,,,,,,,,,,,,,,,,,,,,,,,,,,,,,,,,,,,,,,,,,,,,,,,,,,,,,,,,,,-4.30733,0.3751,1.7372,5.22188,-2.46947,-3.66492,3.15016,1.03425,0.0676,-1.4283,3.33749,-0.32636,-7.33906,2.83481,2.85801,-3.4092,-2.45843,-0.24054,3.54335,2.41976,-3.40055,0.3684,0.87882,-2.89633,-5.84949,2.51875,3.46145,2.21636,-1.56324,0.80551,2.70213,-1.2285,3.9801,-5.13357,9.50648,-0.55947,0.22311,0.95819,2.51174,-2.94585
Ausbil Global Essential Infras - Unhdg,AAP3254AU,43377,AAP3254AU,Unhedged,Infrastructure,Infrastructure-Unhedged,,,,,,,,,,,,,,,,,,,,,,,,,,,,,,,,,,,,,,,,,,,,,,,,,6.11286,4.41102,3.26041,0.88432,1.86213,3.68215,0.99107,4.42936,1.19523,-0.76254,1.2298,0.59011,8.0075,-4.43798,-10.98975,0.92246,2.85443,-4.78023,0.16658,-3.20586,0.24976,0.08193,4.80836,-3.06905,-1.47132,-4.0124,7.00317,2.98399,0.92859,2.50407,5.37488,2.71215,-2.65241,-0.70836,2.16701,4.69972,-2.88432,-0.16517,3.2452,1.38739,0.71044,-2.36745,5.32457,-2.15899,-6.94173,5.5619,3.47321,-3.9777,1.27296,-0.16378,3.37719,4.98352,-4.06527,-0.70225,-0.33274,-2.55982,-6.14788,1.67168,4.80591,0.27344,-0.09378,-1.5259,3.05395,-3.25858,3.43514,-4.06667,9.50474,0.54944,1.67499,4.55389,5.06383,-1.33713
ATLAS Infrastructure Aust Fdr Fd - Unhdg,PIM6769AU,41987,PIM6769AU,Unhedged,Infrastructure,Infrastructure-Unhedged,,,,,,,,,,,,,,,,,,,,,,,,,,,,,,,,,,,3.51646,-2.84182,-2.08232,-0.74184,4.88291,3.64846,-1.00834,3.97259,0.52316,1.7692,0.65302,-0.66632,-1.12092,2.77604,3.93165,4.40362,2.00048,2.65438,0.07673,4.34716,0.22988,0.70695,2.1503,0.23148,2.98066,0.8087,6.36665,-3.99258,-12.38621,-0.14956,1.82105,-4.268,1.73203,-1.78285,-0.09812,2.49632,5.97301,-1.32604,-2.57227,-2.95924,5.6962,1.532,1.40931,0.46073,3.15982,2.9577,1.12037,-0.98722,1.71437,4.55571,-0.50733,-1.00664,3.74931,3.10041,1.92718,-4.31445,-0.84981,-0.99567,-9.51588,10.37866,4.48611,-3.23674,5.8326,0.55639,4.03593,6.43224,-3.34509,-0.50484,0.41561,-1.00289,-6.98097,0.43284,2.89865,2.1347,1.32202,-0.53852,2.5685,-2.00206,2.59476,-5.71136,10.17192,-0.81763,0.85657,-1.0728,1.23289,-2.56966
4D Global Infrastructure Fund (Unhedged),BFL0019AU,41388,BFL0019AU,Unhedged,Infrastructure,Infrastructure-Unhedged,,,,,,,,,,,,,,,,3.40998,3.06199,-1.17013,2.87336,-0.44212,-2.6373,-2.34571,-4.89944,5.14944,-2.57712,3.97286,5.91128,3.50063,4.37446,-1.01677,-0.83179,2.62645,0.39627,3.50797,2.18014,-1.55809,-0.83907,-2.45869,0.85801,3.02907,-2.88484,2.73022,1.37545,-0.73361,0.2001,-0.96964,-1.1557,1.53938,7.51988,2.77965,2.07197,3.16239,0.95968,3.13704,0.86909,1.25509,2.22218,0.05909,0.8662,1.34019,5.1101,-2.94387,-16.56095,2.2145,4.98373,-2.03874,-1.7813,-2.14672,-1.9413,0.82817,9.75666,-0.7522,-2.98602,-1.2661,6.37482,2.38278,2.91348,0.54645,2.06088,1.65482,-2.51284,-1.42521,0.37803,2.92819,1.02973,-1.75819,1.93418,1.64835,2.32558,-5.82924,2.28644,-1.08439,-6.57817,5.19719,3.58163,-2.25362,4.3317,0.96606,4.49354,5.05031,-2.96953,2.25946,0.86359,-2.20078,-4.0947,-1.62801,7.53267,1.92977,-0.61372,0.40562,1.76382,-1.78391,2.75474,-4.91398,7.19574,0.27416,1.2477,0.63492,-0.62518,-0.28858
Macquarie True Index Global Infra Secs,MAQ0831AU,40376,MAQ0831AU,Unhedged,Infrastructure,Infrastructure-Unhedged,7.01936,0.00644,1.41201,-0.64339,1.82727,-4.70812,7.88177,-1.14916,0.10797,2.87552,-4.9725,-1.63717,2.89491,0.41768,-0.09282,1.71664,4.75191,1.34363,0.04491,-1.96768,0.08999,-2.0178,-1.22935,4.98228,-3.10225,2.23092,3.22484,3.84443,4.56473,-3.73375,-1.63192,2.78448,-1.06182,3.8058,3.36656,-4.62624,-3.44754,-2.01402,2.8046,3.8077,-0.77185,4.70763,1.21289,1.51885,-0.89406,-0.03486,-0.04881,-0.6662,4.02116,5.38488,3.10845,1.72338,0.74198,2.83586,1.3304,3.34427,1.47709,-1.46115,0.47016,-0.05847,7.95948,-5.55742,-11.73048,1.42442,2.98855,-6.05405,-1.06173,-2.07963,2.29128,1.1583,2.936,-3.70988,-1.80817,-1.57624,8.49257,2.73337,-0.2223,1.54892,4.18284,2.34547,-1.94648,0.00692,2.00637,4.91725,-0.34364,-3.20863,4.03862,1.95328,1.61034,-2.25345,3.21224,-0.43279,-6.59785,4.05805,3.14628,-3.49189,-0.22026,-0.32778,3.10942,3.90952,-3.44155,-0.30082,0.32899,-1.65295,-4.61444,0.75953,3.84014,0.59012,0.18463,1.66542,3.372,-1.88938,3.2918,-3.11548,8.75321,0.42852,0.35212,3.50062,4.04071,-1.29872
Macquarie Int Infrastructure Secs Unhdgd,MAQ0825AU,40378,MAQ0825AU,Unhedged,Infrastructure,Infrastructure-Unhedged,5.61702,-0.26591,1.52703,1.00784,0.56224,-4.16883,5.56832,-1.53215,-3.20551,4.09011,-5.5334,-2.74908,0.92928,-0.11969,0.39639,3.50051,4.84562,-0.01932,0.07154,-0.46466,0,-3.42212,-1.37435,4.48384,-2.35444,1.99065,4.35261,2.8965,4.03364,-2.5604,-1.05901,1.64005,0.23779,2.77707,2.01409,-3.53429,-2.55737,-3.11115,2.78949,4.02773,-1.22311,4.84198,0.2809,0.80638,-1.65881,-1.05037,-1.77499,0.81495,4.47999,4.22023,3.22162,0.82174,0.41536,3.82746,0.16096,2.29568,1.63824,-0.33277,1.12034,0.99053,6.41157,-5.39391,-13.93443,2.55193,1.62037,-3.7111,-0.60235,-1.67372,-0.35218,1.44326,6.46073,-2.71854,-1.5628,0.00962,7.22532,2.75395,0.86116,1.06289,3.93488,1.49091,-1.08938,-1.38481,1.18298,3.928,2.67784,-0.64209,2.62486,1.80567,1.52795,-3.94292,3.20462,-0.41287,-5.42408,8.84191,4.33204,-3.21327,0.58883,1.27948,4.24408,4.83473,-3.99635,-0.24627,0.04283,-1.40423,-4.76769,0.6975,4.00109,0.27167,0.31657,0.92917,3.70853,-0.83397,2.0897,-3.13148,8.34876,0.00854,1.1617,2.07254,3.82791,0.56103
Maple-Brown Abbott Global Listed Infras,MPL0006AU,19900,MPL0006AU,Unhedged,Infrastructure,Infrastructure-Unhedged,7.00046,-1.05843,1.96434,-0.11112,1.6439,-3.82441,5.81459,-1.67033,-1.07287,4.49613,-3.4695,-0.47665,1.54387,1.86682,0.07557,4.09727,5.97396,0.328,0.39819,-0.3315,0.3326,-2.31644,-1.21921,5.39373,-4.38803,1.36758,4.67335,3.66737,3.62776,-3.53416,-1.51084,1.77592,-0.82319,1.23471,1.88756,-3.63678,-3.00506,-2.55215,2.64417,2.65984,-2.17012,4.53617,-0.11941,1.64983,-1.67598,0.33093,-4.54573,0.73506,5.93071,4.21826,1.52919,2.38739,0.09899,3.94351,0.4639,1.76742,2.034,-1.31525,1.48896,1.50303,5.60268,-4.59355,-9.43282,-0.08397,2.11216,-5.42742,-0.22088,-3.7283,0.61721,1.94821,3.95252,-3.66522,-2.06272,-1.9905,8.5709,3.57287,0.70548,1.37717,3.68513,2.33964,-2.76907,-0.32933,2.07845,4.9859,1.48933,-1.41331,2.98202,3.06086,1.02625,-3.55757,4.54022,-1.77328,-6.66021,5.47163,3.52623,-2.42,1.30086,1.23299,4.86683,5.53995,-4.46912,-0.88857,0.78007,-1.53373,-4.62674,1.45295,5.93622,-1.4323,-0.09737,1.53381,1.64705,-1.91318,2.51069,-3.14791,9.77379,0.31104,1.57461,1.84999,2.18813,-1.25714
Magellan Infrastructure (Unhedged),MGE0006AU,19879,MGE0006AU,Unhedged,Infrastructure,Infrastructure-Unhedged,7.18777,-1.52125,2.0435,-0.13577,1.93733,-4.32489,7.16273,-0.66573,2.09771,2.74386,-2.94531,0.77019,3.17984,0.36445,-0.19749,1.51283,3.23838,-0.79608,-0.65272,-1.95828,0.03253,-3.5122,-1.82002,4.52455,-3.65644,3.19127,4.11679,4.04344,5.41503,-3.95457,-1.82154,3.22256,-1.07927,3.6553,3.83563,-2.99525,-2.47348,-1.85174,3.59278,3.14961,-1.81808,3.86373,0.53519,1.6144,-0.92819,-0.31613,-0.36326,-0.08681,4.18182,4.81338,2.48684,1.29448,1.42798,4.12161,1.25065,3.31628,0.8498,-1.15562,1.21298,-0.65938,6.41101,-6.47293,-9.10438,-0.53804,2.63374,-3.72145,-1.17387,-2.81747,1.21634,-0.38502,2.89295,-3.90438,-2.23596,-2.90071,8.55356,2.97542,0.00571,1.31902,4.84308,1.84555,-3.41926,0.11168,1.8407,5.44419,-0.46603,-3.73504,3.49859,2.40842,0.32852,-1.96985,2.75646,-0.99937,-8.00128,5.35921,3.67792,-3.33598,1.85196,0.27384,3.17876,5.06061,-3.71341,-0.81109,0.27431,-2.55324,-4.299,1.1561,5.39603,0.38843,1.28873,1.3373,2.01955,-3.29406,1.46215,-3.09031,8.76581,0.05687,0.70783,2.1496,2.88283,-0.96168
ClearBridge RARE Infrstrctr Val Unhdgd,TGP0034AU,19109,TGP0034AU,Unhedged,Infrastructure,Infrastructure-Unhedged,5.53663,2.67802,-0.20732,0.71565,1.23841,-3.62299,5.76023,-2.25325,-1.4708,3.59186,-3.74694,-3.23916,-0.55311,-0.28952,-0.10698,3.097,3.52835,-0.67322,1.15048,-0.62178,-0.99191,-2.52408,-1.25886,5.00282,-2.70038,2.37427,4.39552,3.48979,5.3085,-3.64958,-1.7142,3.30048,-0.31042,0.32642,2.58734,-3.70007,-1.863,-2.94575,1.59346,2.99571,-1.04175,4.61513,1.25162,1.7285,-1.00184,-1.83576,-0.9267,-0.51403,4.78723,5.15802,1.86858,2.54792,-1.17772,3.25235,-0.46062,2.86904,2.05428,0.05965,2.09389,0.67878,7.70193,-5.1226,-10.98553,0.24865,2.82761,-3.49763,0.82831,-2.41474,1.22449,2.34666,5.91011,-1.99297,-2.73906,-2.62456,6.16069,2.73571,1.08575,1.5114,4.47055,2.61887,-2.83886,1.41643,1.3589,4.53597,-0.58034,-2.40058,3.24462,1.98384,1.04467,-2.88713,5.16741,-1.0612,-5.14987,5.93926,1.76647,-3.56723,-0.43712,-0.04704,3.71794,4.74739,-2.66987,0.11899,0.21695,-1.41116,-4.19649,2.32058,3.62033,0.24319,1.16582,1.3458,1.22455,-2.69716,3.44464,-4.21772,8.35799,-0.69018,1.90927,3.26802,2.52729,-0.77879
Resolution Capital Global Property Secs,WHT0015AU,16747,WHT0015AU,Hedged,G-REITS,G-REITS-Hedged,6.5157,-0.10821,1.52934,-2.49168,0.1931,-4.2959,5.48895,-5.46613,2.05713,5.32232,-1.90988,0.81183,-4.12466,-1.16771,8.15311,-0.88801,1.6888,2.8277,4.7451,-1.74716,-1.85444,-3.0154,-0.70723,3.46728,-0.91145,3.18044,-1.30557,1.9165,1.5259,0.56122,0.64696,0.9579,-0.24345,0.9261,1.9778,1.71872,-0.63736,-5.91831,1.92963,3.20565,1.46133,1.4222,1.00216,1.20179,-1.67222,-3.51839,3.49342,-5.96729,10.72975,0.85936,3.64908,-0.69732,0.29116,0.58097,0.99591,2.83288,1.68505,2.24584,-0.46383,-0.72546,2.9306,-8.0652,-18.08658,6.11384,-0.08609,2.42433,2.97191,0.81827,-2.61105,-2.7392,7.28662,1.82021,-0.66626,2.01733,4.04586,5.36091,1.42183,2.08094,4.36234,2.1416,-5.2999,5.60973,-0.84217,6.82528,-5.43862,-2.7727,5.73457,-2.8321,-5.96178,-8.20428,7.39443,-5.76588,-11.39565,2.8115,4.39459,-4.41818,7.9096,-3.84971,-3.20948,2.09909,-4.20338,2.93657,3.22044,-2.65504,-5.86635,-3.27242,9.10093,7.00869,-3.09852,0.50248,3.36342,-4.46998,3.5424,0.00638,4.69893,4.57388,2.73687,-2.51518,2.35674,-6.70073
Dimensional Global Real Estate Trust,DFA0005AU,15778,DFA0005AU,Unhedged,G-REITS,G-REITS-Unhedged,10.27611,-1.18593,1.55102,-5.00352,1.93381,-4.06562,8.30742,-2.74849,2.45531,4.23659,-3.35565,0.81117,-0.10951,0.48145,1.65038,1.1088,4.97189,1.76636,2.66881,-2.08077,-3.19445,-5.9203,-0.13508,6.13891,-4.3456,1.86838,-0.20471,2.78337,0.6311,-2.68365,-1.68807,0.67652,0.47377,1.62741,4.16284,-1.44296,-3.96095,-2.89307,3.79317,2.66711,1.67709,4.4762,0.40971,3.86371,-2.12122,-1.21858,0.35239,-1.23234,6.6112,2.57834,4.07901,0.19982,2.01912,1.18639,2.59667,4.98424,1.21094,0.10128,0.82983,-3.22175,5.99722,-4.01728,-18.5563,1.8408,1.33054,-1.82771,-0.42645,-0.91181,0.1185,-1.46181,6.0868,-1.42072,-0.14045,0.66123,6.08408,5.26357,1.3681,5.11071,5.41922,2.93271,-4.55516,1.82426,4.10236,5.54669,-5.14579,-5.16743,2.56617,1.01124,-5.4141,-4.4977,7.13374,-4.18264,-7.8428,4.11883,2.22147,-4.64333,5.39387,-0.93497,-2.22113,2.71868,-2.39131,0.49457,1.62617,0.74269,-6.66033,-2.17931,7.02671,6.25242,-1.06823,2.28778,3.16786,-6.54864,2.12057,0.56734,8.62901,1.56943,1.84999,0.45349,2.98382,-3.2244
Principal Global Property Securities,PGI0002AU,14848,PGI0002AU,Hedged,G-REITS,G-REITS-Hedged,5.65405,0.22676,1.21041,-2.43657,-0.05728,-4.36176,4.67438,-6.0821,1.69638,5.64958,-1.26772,0.99218,-5.34555,-1.15154,8.31578,-1.39588,1.22998,2.80525,4.60034,-1.80076,-1.53991,-4.6084,-1.71464,3.76149,-0.66511,3.70738,-1.41081,1.28547,1.28113,0.50904,1.12927,1.20862,-0.40239,1.32934,2.58521,1.15735,-0.49807,-4.9806,2.79205,2.97245,0.97051,1.84621,1.04904,1.42589,-1.39351,-3.41421,3.5349,-5.62631,10.51442,0.76979,3.66436,-0.44905,0.89059,0.84443,1.07269,2.07745,1.74759,2.81552,-0.42292,-0.96194,2.33208,-7.82399,-22.50199,5.6601,1.04355,1.8762,3.33469,1.7316,-2.2695,-3.36456,9.89896,2.33371,-1.12072,2.53788,4.2773,5.2195,1.1498,2.40338,4.29144,1.45776,-5.66017,5.33056,-1.46785,5.803,-5.689,-3.08311,4.29922,-3.76837,-5.83372,-7.42329,7.99736,-6.00979,-11.10822,1.14269,5.05504,-4.08562,8.24445,-3.34221,-3.52666,2.28474,-4.04858,2.50895,2.76117,-2.64543,-5.39195,-4,9.53947,7.55598,-3.65236,-0.16602,3.1735,-4.99664,3.88802,0.2515,5.21301,4.47607,2.09262,-3.4809,2.13622,-6.13927
UBS CBRE Global Property Securities Fund,HML0016AU,14291,HML0016AU,Hedged,G-REITS,G-REITS-Hedged,6.81887,-0.88171,1.40194,-3.5792,-0.04367,-4.79996,5.22116,-5.30375,2.56607,5.67041,-1.46736,0.83453,-4.06678,-0.69166,8.14049,-1.33657,1.20025,3.37185,4.40703,-2.79743,-1.51505,-5.96534,-2.00743,4.43975,-1.17269,2.98065,-1.84499,0.26553,0.40421,0.82331,0.67053,0.38317,-0.39534,0.15055,2.79467,1.63341,-2.40168,-5.71697,2.24183,1.94905,1.75475,2.74038,0.6284,1.74968,-2.09514,-3.34455,2.86848,-5.80711,9.90156,0.62112,3.93112,0.13754,0.71799,0.84924,1.75794,3.14105,2.03221,1.68752,-0.12983,0.02261,2.1077,-7.73658,-21.02327,5.26316,2.51804,1.87909,2.57668,1.48832,-2.21632,-3.29126,10.13964,3.35117,-0.89385,3.72582,4.4615,7.17566,1.36047,2.5084,4.94134,2.587,-5.49117,7.70486,-0.95285,6.95973,-6.82073,-3.23188,4.91241,-3.17856,-5.98588,-8.33333,8.42653,-5.7872,-12.2218,3.46276,4.20809,-4.05689,9.4248,-3.5264,-3.74154,0.98553,-3.20753,2.76048,2.50072,-2.83512,-6.38753,-4.52435,10.7741,9.86191,-3.82713,0.12529,2.98999,-5.74242,3.46676,-0.19758,5.40752,5.62414,2.55608,-4.34582,2.71994,-6.13943
Resolution Capital Global Prpt Secs II,IOF0081AU,14268,IOF0081AU,Hedged,G-REITS,G-REITS-Hedged,6.26012,0.05079,1.70558,-2.58535,0.3279,-4.28373,5.54883,-5.36143,2.17128,5.18162,-2.10559,0.82887,-4.22477,-1.18427,8.11435,-0.90512,1.67282,2.78602,4.69964,-1.77481,-1.8738,-2.83515,-0.5916,3.37613,-1.04095,3.12593,-1.28945,2.10567,1.69945,0.51123,0.63992,1.04394,-0.30055,1.09279,1.8358,1.84846,1.11494,-5.83749,1.79329,3.21084,1.23887,1.24184,0.97492,1.17286,-1.64972,-3.58147,3.47,-5.98928,10.82753,0.96825,3.56803,-0.62563,0.41132,0.47249,0.98347,2.99723,1.47538,2.30541,-0.38474,-0.86219,3.30181,-8.03724,-16.45014,5.79564,-0.28631,2.34063,3.26015,0.38325,-2.72702,-2.60723,5.95855,1.57566,-0.72237,1.55952,4.03535,5.32116,1.40615,2.07191,4.46945,2.26807,-5.31553,5.58918,-0.7296,7.02715,-5.43259,-2.85842,5.94749,-2.52927,-6.3019,-8.25289,7.17229,-5.776,-11.24051,2.63805,4.17186,-4.54797,7.72137,-3.93021,-3.07995,2.09546,-4.32216,2.94527,3.17946,-2.66906,-6.59884,-2.30583,9.07049,6.5584,-3.02302,0.64824,3.23925,-4.26063,3.66699,-0.16934,4.65551,4.53774,2.69462,-2.45737,2.27935,-6.71917
Vanguard International Prpty Secs IdxHdg,VAN0019AU,13427,VAN0019AU,Hedged,G-REITS,G-REITS-Hedged,7.35897,-1.36265,1.00471,-3.54367,-0.73048,-4.29607,5.54048,-5.67817,2.43071,5.64427,-0.52482,0.79139,-2.93132,-0.17256,7.9516,-1.3711,1.94825,4.12063,4.62702,-2.46277,-1.49701,-5.24823,-1.81779,4.21477,-0.61657,3.28076,-1.90389,0.51658,0.32014,0.95734,1.07772,-0.20111,-0.15113,-0.47875,2.65923,0.90978,-2.56548,-6.19711,3.08119,2.237,2.88104,2.76165,0.8826,2.01189,-2.29472,-2.67868,3.40464,-6.88785,10.10289,0.24612,3.59686,-0.59249,0.1192,0.46434,1.31548,2.80735,2.83309,1.60434,-0.87117,-0.49434,1.41312,-8.11017,-23.08968,5.68392,0.56843,2.14493,2.11407,1.45894,-2.35552,-3.45889,11.13596,2.95104,-0.41707,3.37435,3.94265,6.48809,1.41202,1.91598,4.67542,1.41988,-5.95556,6.13185,-1.03529,6.35546,-6.03913,-2.88158,5.00695,-4.66887,-4.90911,-8.5596,8.17769,-5.92574,-12.39867,3.17051,5.01397,-3.94847,8.55685,-4.05532,-3.76487,1.70157,-3.9468,3.05196,3.23606,-2.96669,-5.82636,-4.60632,9.42181,8.60218,-4.0305,-0.39728,2.83476,-5.60712,3.66593,0.84129,5.65825,5.48444,2.63158,-4.00964,3.03109,-6.80556
Vanguard International Property Secs Idx,VAN0018AU,13426,VAN0018AU,Unhedged,G-REITS,G-REITS-Unhedged,11.09764,-2.00797,2.42243,-5.90753,1.42053,-4.33854,9.39615,-2.09159,3.11827,4.01431,-3.13988,0.41667,-0.68317,-0.69836,1.67768,0.0052,6.19224,1.42416,2.48292,-1.70831,-3.16738,-5.85805,0.07183,5.90399,-4.58185,1.58474,-0.99595,2.74289,1.17402,-1.83944,-2.28575,0.50218,0.8485,1.31784,4.05129,-1.84854,-4.86965,-3.09059,4.99302,3.15502,1.91664,4.81103,0.18679,4.61013,-2.49051,-1.15216,0.25021,-2.65299,7.0515,2.36873,3.46648,0.14177,1.67415,-0.19521,2.54158,5.01966,2.54919,0.22326,0.60847,-3.55121,6.13116,-4.71424,-18.29043,-0.39234,-0.71833,-1.21268,-0.52893,-1.22564,0.18029,-1.30588,7.19991,-0.8257,-0.20542,2.42853,4.67187,5.80386,1.91748,3.76282,6.93952,1.96253,-5.28116,2.38175,4.17876,4.10665,-3.18609,-5.76195,1.28271,-0.37142,-5.59507,-5.20077,6.67638,-4.92235,-6.82043,3.83303,1.56105,-4.20399,5.28746,-0.30528,-2.57222,3.07801,-2.36923,0.44122,2.39146,0.5559,-6.01966,-2.90304,5.89564,6.53468,-1.31009,0.88839,2.46964,-5.62258,1.73142,0.20756,8.39515,2.55843,0.81591,0.7819,3.30855,-2.23102
Mercer Global Listed Property Fund,MIN0023AU,12993,MIN0023AU,Hedged,G-REITS,G-REITS-Hedged,6.12398,-0.04254,1.21986,-2.3963,-0.1005,-4.49525,4.83461,-5.97694,1.32301,5.6051,-1.49276,0.68881,-4.74308,-0.62241,7.67625,-0.8352,1.24831,3.05166,4.83846,-1.65143,-1.34933,-4.72644,-1.12648,3.58156,-0.54776,3.18417,-1.23436,1.30046,0.48349,0.37124,1.01672,0.54589,-0.43319,1.13335,2.18009,1.29895,-0.89203,-5.68161,2.96223,3.18594,1.02919,2.06297,0.71901,0.81081,-2.19839,-2.8326,3.53583,-5.90372,10.23166,0.68301,3.77457,-0.83808,0.16903,1.01249,0.80187,2.05502,1.80253,2.39273,-0.79452,-0.62814,1.26422,-8.06804,-22.03361,5.1818,0.72449,1.62351,2.24469,1.89873,-2.48447,-3.46338,10.86598,2.4735,-0.58076,4.1621,3.75044,5.57432,1.36,1.84519,3.80228,1.13075,-5.44882,5.49634,-1.38933,6.19597,-5.63847,-2.8439,4.83473,-3.3098,-5.71058,-7.7166,7.46385,-5.69091,-11.06613,1.79926,4.53578,-4.176,7.86565,-3.50808,-3.26797,2.17483,-3.90577,2.62366,2.78709,-2.58919,-5.58811,-3.48038,9.20992,6.898,-3.52154,0.10196,3.46303,-4.68596,3.86284,0.11933,4.76758,4.19037,2.40218,-3.25218,2.07568,-6.38834
Pendal Global Property Securities,RFA0051AU,12549,RFA0051AU,Hedged,G-REITS,G-REITS-Hedged,7.02323,-1.59011,1.17979,-2.39966,-0.40689,-4.38978,4.54508,-5.88183,1.65839,5.55587,-1.12168,0.40839,-4.48301,-0.06624,7.94432,-1.14035,1.31322,2.43208,4.55735,-2.26998,-0.85666,-4.23125,-1.43242,3.57648,-0.54665,2.9956,-1.64547,0.94954,0.55541,1.23887,1.04733,0.32268,0.09747,0.15579,1.85689,1.25036,-1.17491,-6.30872,2.3946,2.9982,1.92121,2.32177,0.86014,1.45088,-1.76856,-3.26739,3.94072,-6.27832,9.85965,0.3328,3.55232,-0.74396,-0.21861,0.50978,0.94421,1.77509,2.65274,1.70923,-0.76023,-0.26207,1.20263,-7.84901,-22.42089,4.5118,0.45442,2.12546,2.36967,1.40336,-2.26851,-3.29927,9.42029,2.74558,-1.22197,4.18706,3.44468,6.00404,1.67777,2.42006,3.6302,1.61212,-5.17714,5.93785,-1.84064,6.25454,-5.65866,-2.71542,4.71406,-4.32413,-6.74839,-7.64032,7.79278,-5.44588,-10.77034,1.61368,5.46292,-3.41816,8.02931,-3.66575,-3.02622,2.39456,-3.75679,3.33908,2.80643,-2.81836,-5.63316,-3.7329,9.44342,8.15516,-3.53008,-0.43911,3.32255,-5.05122,3.20695,0.42108,5.74031,4.99111,2.68299,-4.12227,3.01627,-6.52369
Macquarie Global Listed Real Estate A,AMP0974AU,12353,AMP0974AU,Hedged,G-REITS,G-REITS-Hedged,5.59564,0.31445,2.12917,-2.8907,0.43036,-5.19565,5.71005,-5.48259,2.3006,4.9524,-0.40199,0.60883,-4.31374,-1.76837,7.62037,-2.05395,1.81075,1.98365,3.41102,-2.50228,-1.5378,-4.58242,-0.83805,4.31487,-1.65672,3.12631,-2.48379,0.93054,1.04114,1.03529,0.3914,0.66765,-0.01675,1.0997,2.59059,1.17574,-1.27898,-6.04205,2.52382,3.10035,1.16129,1.84671,0.85252,1.57107,-1.4819,-4.45237,3.10426,-6.07985,10.74428,1.21759,4.26048,-0.50598,0.03959,1.30431,0.91507,2.58954,1.96735,2.06627,-0.21881,-0.54824,2.85426,-7.45151,-20.4751,4.71552,1.35732,0.79009,3.59874,1.78059,-2.27173,-2.75157,8.62464,3.05745,-1.15765,3.44417,3.64339,6.41485,1.70993,1.91358,4.33331,1.88952,-5.52717,5.49648,-1.22184,6.7052,-6.26741,-3.40094,4.84614,-3.61465,-6.41151,-7.61483,8.28008,-5.57243,-12.14266,2.10239,5.62133,-4.35715,8.15328,-3.74105,-3.94518,1.8243,-3.67331,3.16906,2.91681,-2.25765,-5.74125,-4.02646,9.29013,6.13268,-2.99865,0.89493,2.71207,-5.65035,2.93461,-0.0064,4.89928,4.75063,2.95309,-2.75963,2.87043,-6.33952
Ironbark DWS Global (ex-Aus)PropertySecs,MGL0010AU,12113,MGL0010AU,Hedged,G-REITS,G-REITS-Hedged,7.47605,-0.63657,0.61538,-2.44328,-0.63208,-4.60166,4.50291,-6.0518,1.64906,5.91888,-0.92138,0.68841,-3.34653,-0.58327,7.14018,-1.72434,1.885,2.68792,4.41926,-2.48508,-1.03494,-4.16058,-1.83034,3.25087,-0.39356,3.27716,-2.02543,1.20593,1.12347,0.63988,0.8285,0.28831,-0.45334,0.26658,2.2045,1.59332,-0.53345,-6.28553,2.81561,2.93888,1.2112,1.51416,0.42216,1.69207,-1.53989,-2.80256,3.35853,-5.9137,10.08329,-0.05044,4.05733,-1.01843,0.26458,0.71003,0.96313,3.54596,2.33575,2.46431,-0.89634,-0.42088,1.8795,-8.07662,-20.10755,4.48317,1.74853,0.18225,2.53566,1.75535,-2.2567,-2.9193,10.27898,2.51104,-0.55696,4.95927,3.22111,5.66783,1.83241,2.33229,4.39279,1.54728,-5.60303,5.8502,-0.86332,6.97274,-6.23857,-3.42026,5.00505,-4.38196,-6.49296,-8.54825,7.71193,-6.25797,-12.28258,2.94672,4.8854,-3.46773,8.52019,-4.12826,-3.18093,2.22903,-3.65816,3.10361,2.55235,-2.32629,-5.25221,-3.67728,8.75214,7.52384,-3.42072,0.48436,2.83189,-6.12305,3.48486,1.36128,5.58815,5.51841,2.62383,-3.1394,3.0167,-7.2076
First Sentier Global Property Securities,FSF0454AU,11806,FSF0454AU,Hedged,G-REITS,G-REITS-Hedged,4.95614,0.85667,2.13901,-1.30318,0.63707,-3.98713,4.13294,-5.68311,1.42997,4.61149,-1.65115,-0.38563,-4.46871,-2.00475,7.19116,-0.16299,2.15388,1.01557,3.68143,-1.40528,-0.92315,-4.4796,-1.26487,3.76713,0.0213,2.7099,-1.75202,1.1607,0.26599,1.36281,0.75047,0.16431,-0.35542,0.40059,3.52536,1.28482,-0.34661,-6.13228,3.10683,2.81418,1.26909,1.12043,0.72504,0.69193,-0.92546,-5.25786,2.32023,-6.97673,10.38839,1.32011,3.32159,0.23272,-0.46976,1.30744,0.59436,3.12229,2.57044,3.6796,0.03954,-0.23438,3.05994,-6.7559,-17.79506,4.61011,1.54789,1.88894,3.1958,-0.13464,-2.66721,-2.6861,8.26216,2.62792,-0.76194,3.65125,3.36351,5.97197,1.54285,2.6491,4.44918,1.38504,-4.53655,4.89794,-2.32175,6.67777,-5.54724,-2.36611,5.22558,-3.16677,-5.5532,-7.61664,7.53067,-6.03835,-11.96151,1.53327,4.32081,-3.51999,8.10145,-3.6533,-4.57803,2.77798,-3.38394,2.43043,3.93013,-2.08683,-5.39265,-4.20321,7.84407,6.07422,-2.80523,-0.86658,3.38824,-5.33855,3.24795,0.50046,4.99028,4.16324,1.64614,-3.87381,2.23061,-5.89093
SGH LaSalle Global Listed Property Secs,ETL0005AU,11241,ETL0005AU,Hedged,G-REITS,G-REITS-Hedged,7.23408,-0.67313,1.10217,-2.40866,-0.20379,-4.4826,4.5418,-6.02845,0.81826,5.70571,-1.91186,0.62622,-5.25284,-0.7199,7.69295,-1.23055,0.58768,1.8696,5.02675,-1.73765,-1.18895,-3.89155,-0.67353,3.73402,-1.13152,3.53531,-1.75651,0.92478,-0.24435,0.59706,0.40179,-0.06926,0.18483,0.21524,2.69234,1.28473,-1.5899,-5.91877,2.35917,2.97115,2.02512,2.58936,1.42357,1.12287,-1.97167,-3.31833,4.13819,-6.37531,9.93659,0.29542,4.01851,-1.01133,-0.75603,0.98826,0.84555,0.43952,2.21489,1.85075,-0.78246,1.09496,1.68165,-8.20558,-22.59719,7.17995,0.75175,1.94827,1.06148,3.3126,-2.69805,-4.0508,13.41933,1.87592,-0.50204,4,4.21178,5.47871,1.22177,1.6178,3.79289,1.41844,-5.46403,4.08099,-1.92134,6.4112,-4.03403,-1.54997,4.61284,-3.08017,-3.78829,-6.43682,7.37423,-4.89212,-10.82828,2.51442,4.4438,-3.84031,8.55681,-3.1941,-3.56016,1.97738,-3.49445,3.91732,3.10892,-2.79933,-5.57252,-3.9465,9.93114,8.15702,-3.39125,-0.31306,4.32313,-3.93262,3.84692,0.12198,6.11093,4.69543,2.58009,-4.74904,1.96125,-6.41947
Quay Global Real Estate AUD Hedged,BFL3333AU,44554,BFL3333AU,Hedged,G-REITS,G-REITS-Hedged,,,,,,,,,,,,,,,,,,,,,,,,,,,,,,,,,,,,,,,,,,,,,,,,,,,,,,,,,,,,,,,,,,,,,,,,,,,,,,,,,,,,,,,3.98554,-4.60729,-4.40304,-8.10105,7.95053,-6.84537,-11.07015,2.9282,4.23487,-3.03527,10.1395,-3.8466,-5.92755,3.17646,-4.43579,3.45825,4.91164,-2.81223,-6.14102,-2.80022,10.12465,9.24223,-3.89249,-0.84378,3.63482,-5.06745,4.44829,-0.15379,4.70126,4.99771,2.04771,-3.92785,1.26653,-7.24081
iShares Global Listed Property Idx Hdg D,BLK0252AU,44292,BLK0252AU,Hedged,G-REITS,G-REITS-Hedged,,,,,,,,,,,,,,,,,,,,,,,,,,,,,,,,,,,,,,,,,,,,,,,,,,,,,,,,,,,,,,,,,,,,,,,,,,,4.00722,5.70827,1.39493,1.83265,3.89672,1.47873,-5.27989,5.50452,-1.40687,5.97044,-5.52344,-2.5037,4.70257,-4.03946,-4.68402,-7.74467,7.74614,-5.72002,-11.81736,3.16555,4.98049,-3.79359,8.0155,-3.70181,-3.8164,1.98334,-3.89631,2.9243,3.17023,-2.67861,-5.55815,-4.42388,9.09217,8.21885,-3.43963,-0.20616,3.63707,-5.25717,2.8449,0.69044,5.52831,5.02888,2.49142,-3.68285,2.62545,-6.35718
Quay Global Real Estate UnH-Daily Series,BFL0020AU,41112,BFL0020AU,Unhedged,G-REITS,G-REITS-Unhedged,,,,,,,,,,,,,,-2.42364,1.91933,-0.73515,7.85229,1.26046,0.60876,-2.27658,-2.75318,-4.95941,-0.86449,6.17903,-3.77622,3.07309,-0.13094,3.91326,1.86353,-1.96284,-1.37681,0.99746,1.169,1.86274,4.22453,-1.31197,-4.45526,-2.08687,4.7012,3.90572,1.71541,4.75431,-0.32924,4.35675,-2.10454,-0.76903,0.15852,-2.30959,6.92035,3.24471,3.34842,0.62092,1.70886,0.2668,1.60845,4.71017,0.87446,0.81546,1.08577,-3.24683,5.24381,-3.86343,-13.34619,-1.24069,-0.9877,-0.61253,-0.53897,0.11648,-0.36692,0.77248,6.54247,-0.50498,-0.34855,4.25695,2.5448,4.63613,2.73774,4.83967,6.98811,2.50811,-4.6417,2.13256,3.59936,3.72941,-3.46874,-4.88086,0.7138,-0.69537,-4.6795,-5.16352,6.78479,-6.38466,-6.44419,4.53465,0.78444,-3.7405,7.51062,-0.13683,-4.59009,4.93059,-2.87409,1.686,4.19459,0.45403,-6.56874,-1.27389,7.11311,7.10651,-0.84173,0.39179,3.57014,-4.97523,2.8712,-0.74952,7.41018,3.19967,0.75834,-0.91248,1.53257,-3.83317
Macquarie True Index Glbl Rel Est Secs,MAQ0832AU,40377,MAQ0832AU,Unhedged,G-REITS,G-REITS-Unhedged,10.14043,-1.12547,2.17889,-4.6718,1.52683,-4.39344,8.2437,-2.58249,2.0933,4.04235,-3.72874,0.41809,-1.55844,-0.55032,1.65451,0.70062,5.29663,0.81451,2.8812,-1.51665,-2.77247,-5.15685,0.17942,5.01493,-4.10581,1.81832,-0.77123,3.11242,1.31401,-2.21145,-2.18537,0.789,0.75367,1.83707,3.81337,-1.69449,-3.41566,-3.05456,3.886,3.72126,1.40064,3.87025,0.22979,4.01204,-2.33257,-1.70898,0.66373,-2.04119,7.0493,2.33709,4.2115,-0.92974,1.28834,0.27893,2.1725,4.21441,2.2461,0.34323,0.6121,-3.30042,5.88235,-4.72575,-18.63072,0.08425,-1.06367,-1.08425,-1.32456,-0.59293,-0.02346,-1.334,7.88406,-1.17077,-0.23956,2.76955,4.55647,4.92931,1.57542,3.91073,6.07131,1.88873,-4.69116,1.92155,3.56261,3.69743,-2.73374,-5.30902,0.95536,-0.10533,-5.2257,-4.74899,6.40021,-4.80361,-6.62448,3.54387,1.91664,-4,4.88263,-0.11944,-2.59585,3.26322,-2.45619,0.13456,2.50849,0.55719,-5.78286,-2.95011,5.65121,6.35924,-0.92797,0.9218,3.24114,-5.52558,0.96718,-0.08156,8.44985,2.26317,0.74881,0.5341,2.94919,-2.22982
Macquarie Hedged Index Glb Real Est Secs,MAQ0830AU,40375,MAQ0830AU,Hedged,G-REITS,G-REITS-Hedged,6.51764,-0.42141,0.77602,-2.40372,-0.35556,-4.43128,4.52988,-5.96322,1.34,5.62392,-1.23783,0.6435,-3.66405,-0.41196,7.54953,-0.75847,1.41934,2.96234,4.85848,-2.21998,-1.26613,-4.52995,-1.30988,3.51512,-0.52252,3.26028,-1.53411,1.02196,0.49694,0.48792,0.83474,0.22017,-0.12429,0.16839,2.38011,3.39642,-3.61919,-6.27005,2.27356,2.98535,2.17411,2.02286,0.90482,1.23509,-1.83003,-3.19203,3.59624,-6.0516,9.96477,0.32862,3.76679,-1.09691,-0.27128,0.87207,1.01692,1.94858,2.55381,1.7776,-0.9156,-0.24849,1.29223,-8.1079,-23.35034,6.07747,0.216,2.22012,1.21449,1.9929,-2.57164,-3.39928,11.72241,2.44504,-0.5291,3.77176,3.9115,5.68264,1.37196,1.74849,3.87475,1.46345,-5.32257,5.50588,-1.46747,5.85378,-5.49244,-2.52368,4.70443,-4.02098,-4.65309,-7.79785,7.69085,-5.70446,-11.8738,3.09928,4.96527,-3.84505,7.9938,-3.61965,-3.86163,1.96875,-3.84105,2.81399,3.20133,-2.70924,-5.59429,-4.4893,9.01952,8.22875,-3.45065,-0.19346,3.61958,-5.36246,2.82267,0.641,5.5221,4.98162,2.44079,-3.74932,2.61573,-6.3738
Resolution Capital Glbl Ppty Secs UH SII,IOF0184AU,19545,IOF0184AU,Unhedged,G-REITS,G-REITS-Unhedged,9.37952,-0.17401,2.90855,-4.69516,2.29187,-4.18134,9.55954,-2.09887,2.93646,3.86917,-4.167,0.59275,-2.33321,-1.80536,1.95827,0.30194,5.81152,0.09566,2.78589,-1.04682,-3.33771,-3.38509,1.18546,4.82409,-4.60565,1.71119,-0.59227,4.2138,2.29514,-2.1369,-2.26837,1.51037,0.68931,2.95542,3.20305,-0.91449,-2.59658,-3.10737,3.35049,4.14829,0.44692,3.24721,0.23952,3.65495,-1.84521,-2.0169,0.5748,-2.32783,7.52389,3.08775,3.42623,0.10417,1.78993,-0.214,2.29013,5.18436,1.27711,0.89978,1.12608,-3.86529,7.79256,-4.64825,-10.59063,-0.20575,-1.59782,-0.64352,0.7534,-2.00432,-0.51919,-0.60889,2.0288,-1.77792,-0.28808,0.87614,4.9004,4.41982,1.68589,4.34939,6.53464,2.63618,-4.66459,1.9729,4.01277,4.82245,-2.91814,-5.56857,2.32567,1.44371,-6.58389,-5.23026,5.92679,-4.72534,-5.95567,3.67466,1.18147,-5.01512,4.81564,-0.46622,-1.82252,3.42488,-2.71023,0.39851,2.31851,0.69592,-6.13274,-1.33961,5.44954,4.74752,-0.61749,1.84719,3.09151,-4.2705,1.93938,-0.90208,7.49729,1.69899,1.1351,1.69196,2.3726,-2.631
Dexus Asian REIT,APN0023AU,19914,APN0023AU,Unhedged,G-REITS,G-REITS-Unhedged,7.20489,0.33603,1.14826,-0.59235,1.1075,-2.19074,2.14081,-4.67461,1.64103,2.83224,-4.32453,-0.48196,1.96274,6.535,-2.69902,4.57528,0.90987,1.9125,2.06721,0.07331,-0.69662,-3.27937,-3.66581,1.00511,-0.37631,-0.18223,0.57275,3.12636,3.37772,-3.60919,-0.87697,0.54561,-0.47911,3.5503,4.15422,-1.22434,1.86916,0.28003,1.87437,1.81403,-0.50377,0.46115,1.42366,3.1955,-0.73239,-1.42214,0.54689,5.07795,4.06621,2.61797,3.64717,0.46087,2.65816,4.36728,1.12573,3.10677,1.66489,1.22563,0.35522,-3.44982,6.63589,-4.2256,-15.16815,-2.01287,2.13185,-2.24006,0.69497,-0.56108,2.11486,-2.83833,2.1763,1.3588,1.86958,0.10525,2.95216,2.58402,-0.02345,4.83698,4.65622,-0.62415,-2.7231,-3.72245,2.81619,0.10886,-2.63585,-4.20651,0.18268,0.33954,-0.62353,-1.1793,3.14088,-1.63072,-3.04217,-4.16694,4.07992,1.76399,0.30235,0.35661,1.32893,2.02361,-2.29142,-4.81331,1.76287,-0.94174,-3.4247,-3.89616,2.88336,3.55349,-1.78578,-3.30472,0.74658,-2.93903,-2.94209,-3.06128,9.59959,2.96823,-0.66458,-2.19488,-0.90884,1.34184
