,GREIT,GREIT_HEDGED,INFRA,INFRA_HEDGED,AREIT,RFRATE
29/08/2003,0.023332598,,-0.008332612,,-0.018013481,0.004000761
30/09/2003,-0.005327484,,-0.000857593,,-0.027316733,0.00396718
31/10/2003,-0.015378683,,-0.008601067,,0.02179362,0.004080674
28/11/2003,0.012271715,,-0.000895269,,0.024451397,0.003842478
31/12/2003,-0.000782923,,0.031358196,,0.032790092,0.004479946
30/01/2004,0.036867679,,-0.003517093,,0.003025622,0.004573578
27/02/2004,0.019361541,,0.018775693,,0.028506935,0.004410372
31/03/2004,0.053336072,,0.016619597,,0.034756322,0.004773109
30/04/2004,-0.063251596,,-0.000545486,,-0.009047063,0.004486162
31/05/2004,0.057330002,,0.025529402,,0.059279761,0.004727689
30/06/2004,0.047163706,,0.049505347,,0.011926263,0.004515064
30/07/2004,-0.006600654,,-0.000238327,,0.017741747,0.004628787
31/08/2004,0.050391603,,0.01632511,,0.015985373,0.004623113
30/09/2004,-0.024016244,,0.005845268,,0.009922626,0.004455386
29/10/2004,0.018080867,,0.004705271,,0.020375507,0.00456797
30/11/2004,0.027905207,,0.034611189,,0.0311534,0.004459056
31/12/2004,0.031585256,,0.018667247,,0.051992482,0.004566103
31/01/2005,-0.034202229,,0.037245507,,0.00648005,0.004553363
28/02/2005,-0.006376163,,-0.003698745,,-0.025397771,0.003984437
31/03/2005,-0.004042369,,-0.004965116,,-0.013021422,0.004696949
29/04/2005,0.022544145,,-0.012873333,,0.002058431,0.004963358
31/05/2005,0.052872299,,0.036484217,,-0.002753845,0.004847066
30/06/2005,0.031812554,,0.03496689,,0.048055484,0.004633782
29/07/2005,0.053494231,,0.014276087,,0.022461921,0.004796997
31/08/2005,0.001496062,,0.022761269,,0.017211165,0.004783798
30/09/2005,0.002002037,,0.028827529,,0.0003672,0.004560877
31/10/2005,-0.005396385,,-0.029888439,,-0.018670258,0.004774705
30/11/2005,0.045869772,,0.017677095,,0.033546119,0.004633756
30/12/2005,0.053185481,,0.029400584,,0.053010956,0.004726806
31/01/2006,0.032216661,,0.025775711,,-0.011853599,0.004789963
28/02/2006,0.039184476,,0.033394694,,0.035466768,0.004305198
31/03/2006,0.087873814,,0.028837544,,-0.00520036,0.004740061
28/04/2006,-0.062864438,,-0.016947115,,-0.002530953,0.004422017
31/05/2006,-0.027618094,,0.014045968,,-0.013985213,0.004836404
30/06/2006,0.051786919,,0.019164465,,0.063566933,0.004804743
31/07/2006,0.004121689,,-0.009562861,,0.026915509,0.004823342
31/08/2006,0.041839198,,0.035529953,,0.037647308,0.00522602
29/09/2006,0.046273531,,0.031517797,,0.038275581,0.005108747
31/10/2006,0.01679703,,-0.00317546,,0.008706873,0.005064791
30/11/2006,0.031785579,,0.043362902,,0.053026814,0.005157464
29/12/2006,0.028263123,,0.024087789,,0.072655507,0.005336192
31/01/2007,0.068615296,,0.025334596,,0.023735088,0.005483137
28/02/2007,-0.01266881,,-0.00500438,,-0.006244258,0.004920113
30/03/2007,-0.016556535,,0.016505507,,-0.04176325,0.005235233
30/04/2007,-0.021398069,,0.016349812,,0.035307201,0.005475045
31/05/2007,0.012645706,,0.038372895,,0.041713083,0.005401572
29/06/2007,-0.095899803,,-0.040375355,,-0.049497906,0.005184466
31/07/2007,-0.061236157,,-0.021736586,,-0.047798319,0.005251969
31/08/2007,0.082913076,,0.055725511,,0.084402947,0.005307213
28/09/2007,-0.0229702,,-0.025380204,,0.022634108,0.005726315
31/10/2007,-0.020019142,,0.016550899,,-0.005025631,0.005730106
30/11/2007,-0.030633682,,0.025334165,,-0.063451873,0.005570632
31/12/2007,-0.048774246,,0.004718941,,-0.067442206,0.006030314
31/01/2008,-0.058144471,,-0.09948372,-0.083536679,-0.139257302,0.0059688
29/02/2008,-0.063269704,,-0.027726528,7.65E-05,-0.04881736,0.005413615
31/03/2008,0.026878651,,0.004266866,-0.03146266,0.004219435,0.0066605
30/04/2008,0.031643175,,0.007849013,0.047168992,0.042618125,0.006532195
30/05/2008,-0.037372539,,0.010767636,0.024722881,-0.09028861,0.006559153
30/06/2008,-0.120272414,,-0.06737886,-0.068135476,-0.108946192,0.006289362
31/07/2008,0.025200553,,-0.023717546,-0.029243785,-0.049695165,0.006678441
29/08/2008,0.070801212,,0.056348161,-0.001489149,0.102953898,0.006678848
30/09/2008,-0.0091229,,-0.045363008,-0.102778185,-0.057972055,0.005861301
31/10/2008,-0.140437168,,-0.031968709,-0.14224598,-0.250324998,0.007143993
28/11/2008,-0.135671548,,-0.042168994,-0.050717962,0.002444008,0.00544674
31/12/2008,0.023225979,,-0.004458043,0.024078443,-0.104894485,0.004256974
30/01/2009,-0.040401605,,0.00353579,-0.054872934,-0.097075013,0.004005695
27/02/2009,-0.173302556,,-0.135226105,-0.112043381,-0.162061167,0.002910092
31/03/2009,-0.00826096,,-0.014609722,0.03277348,-0.000347111,0.002629034
30/04/2009,0.147333291,,0.023955608,0.063548618,0.060738508,0.002643301
29/05/2009,0.027073715,0.036899252,0.024593401,0.069523961,0.037758667,0.002514369
30/06/2009,-0.005766871,-0.011055225,-0.005268231,0.012457325,0.046274556,0.00267486
31/07/2009,0.071071822,0.094933083,0.039656774,0.056926007,0.02419671,0.002651018
31/08/2009,0.057090859,0.123672279,0.015301365,0.024361661,0.160315766,0.002530301
30/09/2009,0.009487696,4.40E-02,-1.66E-05,0.034214439,0.097706834,0.002829449
30/10/2009,-0.03058468,-0.020378378,-0.037858307,-0.024686425,-0.090349485,0.002557773
30/11/2009,0.002384016,0.026775368,0.033697304,0.037672123,0.010089557,0.00303544
31/12/2009,0.054568404,0.063144036,0.050031715,0.058679365,0.033859337,0.003226107
29/01/2010,-0.047122981,-0.036887266,-0.035058938,-0.029553155,-0.028703211,0.003468656
26/02/2010,0.021555696,0.031214737,-0.012237699,0.002169868,0.014597399,0.003452872
31/03/2010,0.045959267,0.078976499,0.013264979,0.04172746,-0.00049283,0.003267918
30/04/2010,0.013457385,0.038903302,-0.01543283,0.000444419,0.037229187,0.003463804
31/05/2010,0.010816138,-0.054904142,-0.021778911,-0.075643223,-0.040814212,0.003752432
30/06/2010,-0.024921858,-0.027023132,-0.008475965,-0.00575717,-0.008319248,0.003950814
30/07/2010,0.027626673,0.084505999,0.025838374,0.059931256,0.010187065,0.004221351
31/08/2010,0.007262623,-0.00096747,0.005104314,0.003800215,0.037366946,0.004059848
30/09/2010,0.000374939,0.053456074,-0.014466349,0.031906497,-0.009004533,0.003714872
29/10/2010,0.028555113,0.045692965,0.029935863,0.038026246,-0.004487301,0.004199227
30/11/2010,-0.019989363,-0.02710725,-0.030579428,-0.022050192,-0.020479358,0.003887162
31/12/2010,-0.007444359,0.050112152,-0.007716025,0.035518563,0.01214387,0.00424178
31/01/2011,0.041430475,0.024072968,0.060822268,0.035006748,0.024237558,0.004284288
28/02/2011,0.00879168,0.03765285,0.009337168,0.02367795,0.032940143,0.003709876
31/03/2011,-0.027748137,-0.005915976,-0.029761737,-0.017903702,-0.018213474,0.004187934
29/04/2011,-0.00689947,0.046133648,-0.003529251,0.02629621,0.002090875,0.004026488
31/05/2011,0.032580816,0.019860209,0.01406557,0.004100065,-7.43E-05,0.004164875
30/06/2011,-0.028585566,-0.022841796,-0.012701751,-0.007957549,-0.007098847,0.004041894
29/07/2011,-0.018334547,0.001783285,-0.050710122,-0.027420631,-0.065790687,0.004182315
31/08/2011,-0.038474394,-0.054843919,-0.031966031,-0.050065833,0.031080805,0.004262227
30/09/2011,-0.033439487,-0.097024416,0.041403744,-0.010959305,-0.045041818,0.003868318
31/10/2011,0.030640042,0.097741127,-0.014061802,0.046551304,0.038097273,0.004201323
30/11/2011,-0.024598714,-0.0353568,0.012935023,-0.000536463,0.026299159,0.003923502
30/12/2011,0.008616678,0.026773748,0.003757656,0.017870889,-0.026519686,0.004032169
31/01/2012,0.04258935,0.057767802,-0.005255289,0.020921391,0.054240388,0.003893638
29/02/2012,0.018460696,0.008591113,0.021791849,0.032100357,0.022165069,0.003324543
30/03/2012,0.053643601,0.047214756,0.039543489,0.011273835,-0.006960179,0.00390461
30/04/2012,0.016969084,0.0240211,-0.002911335,0.001216092,0.054993306,0.003783103
31/05/2012,0.003072947,-0.037684316,-0.011026156,-0.044745352,-0.012654297,0.003809699
29/06/2012,0.010034792,0.047881227,0.0043052,0.040046528,0.0441903,0.002837831
31/07/2012,0.011071979,0.030093684,-0.01098716,0.021581679,0.056336305,0.002924897
31/08/2012,0.018180554,0.004576469,0.020384147,-0.002914417,-0.000827712,0.002991146
28/09/2012,0.01396945,-0.004820674,0.021115018,0.020256098,0.013123341,0.003132102
31/10/2012,0.009046017,0.009504944,0.016313904,0.019360369,0.052979627,0.002965802
30/11/2012,0.004365418,0.007543903,-0.01769593,-0.012872927,-0.013442823,0.002543368
31/12/2012,0.044670708,0.031193486,0.027202278,0.021836702,0.028579495,0.002875154
31/01/2013,0.025966642,0.03365419,0.025788405,0.028429639,0.044236776,0.002684354
28/02/2013,0.026698994,0.017496046,0.017273158,0.01786999,0.03522136,0.002245654
29/03/2013,0.003345516,0.032617307,0.006885631,0.027351494,-0.026793418,0.002463143
30/04/2013,0.076692155,0.060149057,0.050000728,0.039127838,0.082494595,0.002613846
31/05/2013,-0.000173421,-0.056874259,0.025335787,-0.034918984,-0.037197196,0.002568745
28/06/2013,0.023604932,-0.027111956,0.029951666,-0.016685686,-0.00797803,0.002299354
31/07/2013,0.029181187,0.011402389,0.060553343,0.037286486,-0.007897569,0.002531603
30/08/2013,-0.035109325,-0.054846711,-0.02372259,-0.025191198,-0.001600015,0.002313747
30/09/2013,0.006794154,0.044254811,0.013862332,0.044481692,0.010007515,0.002110326
31/10/2013,0.015474538,0.038075172,0.024801079,0.039700058,0.026408789,0.002179664
29/11/2013,0.002181431,-0.033858867,0.032110795,-0.002913401,-0.027642301,0.002131805
31/12/2013,0.023816399,0.002205816,0.033869289,0.013851113,-0.013295332,0.002147706
31/01/2014,0.018668211,0.025857551,0.012772463,0.00581611,0.004656436,0.002242576
28/02/2014,0.018691038,0.047609318,0.026671033,0.036578675,0.044187771,0.001993163
31/03/2014,-0.03623887,0.002027084,-0.008357483,0.028133271,-0.01593943,0.002179805
30/04/2014,0.030580828,0.032951678,0.020027121,0.015951285,0.057097372,0.002214477
30/05/2014,0.029166636,0.032109135,0.022604365,0.029371854,0.000470514,0.002248628
30/06/2014,0.000528582,0.009037677,0.024710871,0.032318939,0.029721919,0.002202148
31/07/2014,0.017647328,0.003748126,-0.007158978,-0.007603576,0.050054323,0.002299183
29/08/2014,0.008119326,0.02823131,0.017604928,0.028516968,0.016946939,0.002266145
30/09/2014,0.004497884,-0.049195725,0.027114826,-0.015282947,-0.053505574,0.00207374
31/10/2014,0.060272365,0.075830414,0.010515329,0.022726674,0.067765205,0.002311461
28/11/2014,0.039679511,0.028316612,0.034471266,0.010649485,-0.00069358,0.002248759
31/12/2014,0.04947213,0.015244683,0.03606503,0.008800608,0.045059098,0.002318118
30/01/2015,0.104175891,0.074609801,0.05282527,0.034397333,0.077042002,0.002514267
27/02/2015,-0.013468645,-0.013607669,-0.006208785,-0.001050857,0.037653939,0.002089733
31/03/2015,0.023922552,0.009458749,0.016259227,0.009947157,-0.020763583,0.00205287
30/04/2015,-0.04853338,-0.035321516,0.007196272,0.024140921,-0.010883935,0.001797223
29/05/2015,0.017320411,-0.007162779,0.016036115,-0.002597022,0.029159778,0.002002633
30/06/2015,-0.045493271,-0.043715816,-0.051881276,-0.050631501,-0.041505574,0.001758949
31/07/2015,0.085014089,0.053880716,0.065237054,0.02392948,0.057066477,0.001803621
31/08/2015,-0.029368796,-0.055270134,-0.029303536,-0.053244146,-0.040895145,0.001809436
30/09/2015,0.029432721,0.024288384,-0.012473738,-0.02358431,-0.002725254,0.001761852
30/10/2015,0.033786525,0.057462498,0.029435401,0.045742907,0.049604128,0.001891078
30/11/2015,-0.031599966,-0.005619848,-0.054390883,-0.026978535,-0.029325738,0.001667044
31/12/2015,0.001894951,0.008123141,-0.033332717,-0.029580873,0.039936534,0.001915502
29/01/2016,-0.012421374,-0.029685053,0.021812132,0.002389218,0.010611241,0.002010061
29/02/2016,-0.006136083,-0.001596961,-0.000305152,0.00346864,0.028578684,0.001778832
31/03/2016,0.020120459,0.079387386,0.011105789,0.054549174,0.023929975,0.001980637
29/04/2016,0.00838139,-0.013871395,0.032277951,0.018485439,0.028047019,0.001989492
31/05/2016,0.053109169,0.019320664,0.045766507,0.013370638,0.026353366,0.001935106
30/06/2016,0.003880444,0.040873168,0.001435942,0.028182664,0.035516705,0.001648413
29/07/2016,0.032233152,0.04646622,0.008895817,0.025439584,0.05417945,0.001730152
31/08/2016,-0.012912533,-0.024705382,-0.009703393,-0.01423448,-0.027840429,0.001689272
30/09/2016,-0.030028269,-0.014819073,-0.000860069,0.014630274,-0.043249756,0.001415932
31/10/2016,-0.048824553,-0.052400429,-0.020954683,-0.014706359,-0.078534404,0.001461204
30/11/2016,0.00084681,-0.018310584,-0.012623912,-0.029847029,0.008439133,0.001445476
30/12/2016,0.056532189,0.042901488,0.053908789,0.033838419,0.068167241,0.001451317
31/01/2017,-0.043140963,-0.006352252,-0.033623381,-0.000627773,-0.048409075,0.001569961
28/02/2017,0.017711782,0.032225237,0.015294203,0.034378091,0.042083123,0.001344434
31/03/2017,-0.00824075,-0.01883263,0.038569482,0.034991672,0.006265676,0.001501519
28/04/2017,0.034675293,0.00533828,0.039356812,0.01594537,0.026094526,0.001485058
31/05/2017,0.013598842,0.003029123,0.048597571,0.032280241,-0.010949435,0.001487434
30/06/2017,-0.02157472,0.009019045,-0.03217026,-0.011390183,-0.04778487,0.001433035
31/07/2017,-0.018750914,0.009419534,-0.005778898,0.016089012,-0.000646305,0.001457462
31/08/2017,0.006104212,-0.000521769,0.022841221,0.016941967,0.012817776,0.001420817
29/09/2017,0.007854555,-0.001656477,-0.007095281,-0.017434256,0.005088068,0.001416115
31/10/2017,0.020321206,-0.004630747,0.033347984,0.021287748,0.022467664,0.001468039
30/11/2017,0.039051621,0.026075053,0.031005082,0.010909765,0.052678296,0.001332325
29/12/2017,-0.014280311,0.009589965,-0.040291633,-0.016144726,0.002849392,0.001433064
31/01/2018,-0.034113609,-0.025722046,-0.01855843,-0.007043825,-0.032814976,0.001558502
28/02/2018,-0.030746124,-0.063948309,-0.035706389,-0.053182824,-0.032274683,0.001337854
30/03/2018,0.040161483,0.032166823,0.014830026,8.71E-06,0.000694487,0.001382872
30/04/2018,0.038080199,0.022031589,0.043661512,0.03332934,0.044669584,0.001640619
31/05/2018,0.013223351,0.028044441,-0.020755856,-0.006424308,0.03078391,0.001726683
29/06/2018,0.03968297,0.026781444,0.043755964,0.02398812,0.021335645,0.001513912
31/07/2018,0.003181119,0.010011572,0.011764427,0.016003464,0.009557661,0.001902861
31/08/2018,0.044026108,0.017946792,0.008392073,-0.020465589,0.026843583,0.001674212
28/09/2018,-0.023520833,-0.022039146,-0.015006377,-0.010256122,-0.017652994,0.001578123
31/10/2018,-0.016557406,-0.026384909,-0.017205715,-0.029141753,-0.031175555,0.00168082
30/11/2018,0.007256326,0.033049663,-0.012320912,0.015647306,-0.004411034,0.001545546
31/12/2018,-0.017734727,-0.067749854,0.004173616,-0.028272146,0.017109406,0.001522343
31/01/2019,0.069929147,0.101347635,0.05329071,0.075055808,0.061659292,0.001803045
28/02/2019,0.025196964,0.002312214,0.048486541,0.028733602,0.018167525,0.00173009
29/03/2019,0.036650793,0.034464781,0.025024175,0.030149966,0.062231018,0.001653873
30/04/2019,-0.005019739,-0.005757918,0.018758803,0.014819696,-0.025590287,0.001636823
31/05/2019,0.015793137,0.00148931,0.003129015,-0.010487327,0.024756033,0.001509572
28/06/2019,0.001369042,0.003977532,0.042745166,0.041004822,0.042440795,0.001324375
31/07/2019,0.025057091,0.013031917,-0.001186944,-0.010625181,0.025683341,0.00119823
30/08/2019,0.040914454,0.027419703,0.026886812,0.01049153,0.011809974,0.000835895
30/09/2019,0.023793464,0.028342528,0.018561711,0.022971872,-0.027277021,0.000845517
31/10/2019,0.003542052,0.017215435,-0.005314092,0.003816856,0.012423896,0.000807386
29/11/2019,0.006440339,-0.009961849,0.010481441,-0.002938827,0.02307032,0.000822113
31/12/2019,-0.029787085,-0.003998344,0.004798747,0.027906617,-0.044040213,0.000721953
31/01/2020,0.057719959,0.014465952,0.065819824,0.027763813,0.063584175,0.000815497
28/02/2020,-0.051302427,-0.081985949,-0.066518341,-0.090485175,-0.048567879,0.000753946
31/03/2020,-0.178478408,-0.23214979,-0.18056654,-0.230632292,-0.351075709,0.000993448
30/04/2020,0.000630479,0.057410679,0.023430822,0.079236184,0.137377675,0.00047471
29/05/2020,-0.015673425,0.005545327,0.034826525,0.047399921,0.069683416,8.90348E-05
30/06/2020,-0.006839813,0.021725585,-0.048158256,-0.020835802,-0.013825484,7.49929E-05
31/07/2020,-0.012368405,0.021044298,-0.006822495,0.007404799,0.006449488,9.08702E-05
31/08/2020,-0.006528662,0.014412725,-0.016950645,0.005384447,0.078914934,9.29392E-05
30/09/2020,0.000581832,-0.02450626,-0.000293434,-0.018356816,-0.014941394,7.16699E-05
30/10/2020,-0.011760488,-0.034170024,0.010594281,-0.007476495,-0.003720357,0.00011136
30/11/2020,0.080115813,0.110494724,0.077224183,0.105258698,0.132487929,7.02276E-05
31/12/2020,-0.009225679,0.030022411,-0.015192947,0.014385441,0.004296082,2.565E-05
29/01/2021,-0.001723228,-0.004936165,-0.014519829,-0.018958967,-0.04061607,1.23602E-05
26/02/2021,0.024441134,0.033221919,-0.002599172,0.00481512,-0.026421097,-4.55976E-06
31/03/2021,0.048576042,0.038754125,0.058517122,0.055777391,0.065598702,2.02679E-05
30/04/2021,0.051144239,0.066085997,0.022820703,0.023330792,0.029164337,2.88946E-05
31/05/2021,0.015923194,0.012766602,0.001418966,-0.002911488,0.016961861,3.93576E-05
30/06/2021,0.040310595,0.018557309,0.014415847,-0.00217454,0.055682118,2.61468E-05
30/07/2021,0.06135391,0.047341383,0.030842922,0.012191574,0.002831576,2.99317E-05
31/08/2021,0.018230675,0.015069758,0.022723388,0.020894221,0.062597986,1.52558E-05
30/09/2021,-0.045971841,-0.059245954,0.000118456,-0.006335978,-0.021775139,5.50123E-06
29/10/2021,0.016639094,0.061479774,-0.004997652,0.026869268,0.004159683,-1.05823E-05
30/11/2021,0.042553,-0.009739636,0.001150681,-0.037477947,0.045134175,5.54682E-05
31/12/2021,0.03510204,0.063511101,0.040618418,0.056870706,0.049068499,3.62854E-05
31/01/2022,-0.028952265,-0.060736561,0.020146952,-0.001393038,-0.095183818,5.02106E-05
28/02/2022,-0.0528863,-0.029347881,-0.001741256,0.018809464,0.01463885,5.0883E-05
31/03/2022,0.010409182,0.050170531,0.024567821,0.054593618,0.012414594,3.38146E-05
29/04/2022,0.004499541,-0.045372245,0.023594712,-0.01054661,0.005743209,-0.000159749
31/05/2022,-0.05489379,-0.050228001,0.022108183,0.029291717,-0.087252857,0.000348551
30/06/2022,-0.048354372,-0.08508402,-0.040562275,-0.066405506,-0.102839001,0.000502503
29/07/2022,0.06718555,0.08125135,0.030246271,0.04256958,0.119254185,0.001227143
31/08/2022,-0.048022997,-0.059629499,0.002370876,-0.006160499,-0.035450635,0.001547813
30/09/2022,-0.065267775,-0.123906323,-0.059291604,-0.105581301,-0.13597833,0.001458813
31/10/2022,0.036701999,0.032307653,0.056039072,0.047731698,0.099086482,0.002424585
30/11/2022,0.019112189,0.049360877,0.030051927,0.058862502,0.057731176,0.002491075
30/12/2022,-0.040039258,-0.038895979,-0.037462954,-0.03408634,-0.040596131,0.002496584
31/01/2023,0.051260221,0.08564223,0.016079591,0.038377826,0.081220931,0.002658347
28/02/2023,-0.001832353,-0.040673077,0.008977983,-0.022060524,-0.001799363,0.002401906
31/03/2023,-0.022973156,-0.039766699,0.032145088,0.016660486,-0.067835788,0.002839437
28/04/2023,0.030705189,0.016968718,0.038860257,0.024295075,0.052955744,0.003044969
31/05/2023,-0.023041961,-0.038949271,-0.033151857,-0.047269395,-0.017477526,0.002948077
30/06/2023,0.003138166,0.029938359,-0.001152234,0.017723559,-5.64E-05,0.00301022
31/07/2023,0.026973063,0.03168158,0.011898005,0.013334524,0.038311058,0.00373297
31/08/2023,0.005467969,-0.029077118,-0.009201403,-0.037369054,0.022654779,0.003653523
29/09/2023,-0.054953306,-0.059429049,-0.042282879,-0.041417247,-0.085867881,0.003373869
31/10/2023,-0.030895106,-0.045453833,-0.0144652,-0.025739196,-0.058291847,0.003347433
30/11/2023,0.059665411,0.093846457,0.05296521,0.07488955,0.10997233,0.003499405
29/12/2023,0.063280022,0.085955011,0.007393409,0.029665938,0.115434929,0.003691046
31/01/2024,-0.007698101,-0.039419125,0.003803571,-0.023337377,0.013045781,0.003696219
29/02/2024,0.009183356,-0.003736283,0.015630492,0.004003319,0.050799551,0.00344664
29/03/2024,0.032893551,0.02691643,0.042107007,0.046203917,0.096989764,0.003670859
30/04/2024,-0.05454717,-0.05604103,-0.000244993,-0.000775282,-0.077884829,0.003523363
31/05/2024,0.011203052,0.036229725,0.038698818,0.052482991,0.019405397,0.003747055
28/06/2024,0.000851591,0.009173301,-0.03448783,-0.027720647,0.004386308,0.003501907
31/07/2024,0.082869883,0.05555107,0.066288485,0.044098931,0.068316448,0.003737101
30/08/2024,0.026809492,0.056019977,0.011268681,0.030765335,0.005429441,0.003778699
30/09/2024,0.005188592,0.025746556,0.011274899,0.031593561,0.065804257,0.003587837
31/10/2024,0.005244095,-0.039704429,0.043145184,0.004215269,-0.025160978,0.003743651
29/11/2024,0.031381395,0.030121759,0.040668459,0.040347007,0.024811278,0.00360743
31/12/2024,-0.019695033,-0.068605427,0.007290469,-0.033706507,-0.059232735,0.003766007
