,,coef,coef,coef,coef,coef,coef,tstats,tstats,tstats,tstats,tstats,tstats
,,const,Market,Value,Size,Momentum,Quality,const,Market,Value,Size,Momentum,Quality
apir_ticker,,,,,,,,,,,,,
TYN0038AU,Tyndall Australian Share Income,0.001,0.9148,0.1723,0.0681,-0.0177,-0.1218,1.1206,38.1852,5.2099,1.6899,-0.8781,-2.1527
BFL0002AU,Bennelong Concentrated Australian Eq,0.0025,1.0563,-0.1546,0.3061,0.1066,0.2443,1.4943,23.0687,-2.4104,3.9111,2.7208,2.2595
BFL0001AU,Bennelong Australian Equities,0.0018,1.0697,-0.1855,0.1888,0.0759,0.1638,1.3747,29.7588,-3.6859,3.0731,2.4685,1.9301
WHT0009AU,Solaris Core Australian Equity Inst,0.0026,1.0079,-0.0632,-0.0534,0.005,-0.0836,5.5232,83.1194,-4.1796,-2.8219,0.4739,-2.9225
ECL0005AU,Ellerston Australian Share Fund,0.0017,0.8537,0.0342,0.2844,-0.0715,0.02,1.0971,21.1955,0.5969,4.0221,-1.9304,0.2019
UGF0001AU,U Ethical Australian Equities Tr - Retl,0.0016,0.8606,-0.0339,0.1077,0.0186,-0.0696,1.9943,39.9164,-1.2729,3.2969,0.9817,-1.3406
PER0546AU,Perpetual WFIA-Vanguard Australian Idx,-0.0001,0.9559,-0.0034,-0.0088,-0.0026,0.014,-0.2833,200.602,-0.4969,-1.0563,-0.5901,1.185
BFL0004AU,Bennelong ex-20 Australian Equities,0.0024,1.005,-0.1804,0.5286,0.1209,0.1263,1.4156,22.2182,-2.7775,6.6732,2.8454,1.1207
MPL0544AU,Maple-Brown Abbott Australian Sust Fut,0.0012,0.9265,0.1271,-0.0501,-0.0074,-0.2397,1.6607,47.4026,4.5433,-1.4665,-0.4004,-4.9214
RFA0064AU,Pendal Australian Long/Short,0.0026,0.9548,-0.0141,-0.0802,-0.0175,-0.0185,5.2386,75.4868,-0.869,-3.9621,-1.5596,-0.6046
OPS0004AU,OC Micro-Cap,0.0071,0.8854,-0.1052,0.6136,-0.097,-0.178,3.1245,14.6119,-1.4052,6.6813,-1.8208,-1.2199
AAP0007AU,Ausbil MicroCap,0.0111,1.0158,-0.0428,1.0471,0.2124,-0.351,4.3371,14.837,-0.4402,8.8047,3.3529,-2.085
PCL0005AU,Pengana Australian Equities Class A,0.003,0.6699,0.0641,0.1472,0.027,-0.0382,2.7164,23.4095,1.6938,3.2058,1.0672,-0.548
AUG0008AU,Australian Ethical High Growth,0.0023,0.8178,-0.0537,0.1186,0.0285,-0.0255,2.105,28.0867,-1.3005,2.3451,1.0598,-0.3557
UGF2230AU,U Ethical Australian Equities Tr Wholsl,0.0023,0.9234,-0.0216,0.094,0.0208,0.0129,2.6327,39.1601,-0.7408,2.6318,1.0014,0.2277
AAP0003AU,Ausbil 130/30 Focus - Institutional,0.0011,0.969,-0.0796,-0.1215,0.0118,0.0171,1.4265,44.5668,-2.5876,-3.2325,0.5974,0.3246
JBW0052AU,Yarra Ex-20 Australian Equities Fund,-0.0005,1.1155,-0.0349,0.1946,0.0521,-0.0971,-0.4459,34.7842,-0.7697,3.5108,1.7908,-1.2533
WHT0025AU,Spheria Opportunities,0.0041,0.981,-0.0016,0.2882,-0.0011,-0.1434,2.6972,23.7426,-0.0277,4.0366,-0.0294,-1.4439
ETL0052AU,Tribeca Australian Smaller Coms,0.0026,0.97,0.0382,0.7752,0.0373,-0.1532,2.0961,28.6358,0.7854,13.0039,1.2176,-1.8712
IML0010AU,Investors Mutual Concentrated Aus Share,0.0021,0.6673,-0.1345,-0.0466,0.0246,-0.0416,1.7885,20.5676,-2.8909,-0.8155,0.8396,-0.5308
SSB0026AU,Martin Currie Real Income A,0.004,0.7797,-0.0881,0.0837,0.1225,-0.3548,2.0955,15.0825,-1.1826,0.9201,2.6025,-2.7887
AMR0006AU,Regal Long Short Australian Equity,0.0021,1.1019,0.0916,0.3928,0.2283,-0.1038,1.0942,21.6112,1.2414,4.3369,4.8163,-0.8109
RIM0046AU,Russell After-Tax Aus Shr (SuperInvs) A,0.0004,1.0147,0.0169,0.0125,0.0104,-0.0533,1.1328,105.3802,1.2166,0.7349,1.1582,-2.2172
RGL0002AU,Regal Australian Long Short Equity,0.0033,1.0985,0.0786,0.3705,0.2313,-0.1491,1.8458,23.0538,1.1478,4.4347,5.1377,-1.2528
TGP0014AU,Third Link Growth,0.0035,0.7948,-0.0665,0.2882,0.0769,-0.0546,3.7193,32.9124,-2.1318,7.4708,3.5961,-0.9261
WHT0039AU,Plato Australian Shares Income,-0.0008,0.9883,0.0665,-0.0153,0.0221,0.1611,-1.678,81.4894,3.821,-0.7142,1.9993,5.3
NRM0028AU,CFML Schroder Equity Opportunities,0.0028,0.8684,0.085,0.0489,-0.0659,-0.1801,2.7283,32.1347,2.203,1.0301,-2.6665,-2.6937
MIC0001AU,Microequities Deep Value,0.0075,0.7928,0.0936,0.6585,0.0377,-0.2059,2.8885,11.4147,0.9511,5.4417,0.6252,-1.244
FID0021AU,Fidelity Australian High Conviction,0.001,0.9738,-0.044,0.1023,0.0475,0.0084,1.4592,55.1703,-1.7245,3.2697,2.9934,0.1926
SST0048AU,State Street Australian Equity,-0.0005,0.7806,-0.0429,0.1095,0.0937,0.222,-0.5286,28.2302,-1.0838,2.2633,3.5992,3.2221
ETL0324AU,Lincoln Wholesale Australian Income,-0.0015,0.8496,0.0159,0.1524,0.0433,0.1618,-1.1299,24.2722,0.311,2.4409,1.356,1.8478
FHT0030AU,The Montgomery Fund,0.0013,0.7967,-0.1006,0.1402,0.0473,-0.0321,0.9342,21.1961,-1.8511,2.1059,1.3939,-0.3437
ASC0003AU,Smallco Broadcap,0.0085,0.9729,0.0931,0.4217,0.0385,-0.0419,4.9473,21.4382,1.5396,5.8051,0.9692,-0.3811
ETL0375AU,EQT SGH W Emerging Companies,0.0047,0.9009,-0.1238,0.6698,-0.0354,-0.4916,1.6722,12.0724,-1.3431,5.9224,-0.5401,-2.7363
LAZ0022AU,Lazard Defensive Australian Equity,0.0039,0.6135,0.0736,0.0939,0.0323,-0.2397,2.939,17.0813,1.4172,1.4758,1.0017,-2.69
MIN0087AU,Mercer Australian Shrs for Tax Exmpt Inv,0.0007,0.9672,0.0433,0.0113,0.0041,0.0808,1.0641,55.3055,1.6866,0.3663,0.2496,1.8335
PVA0005AU,Prime Value Opportunities,0.0008,0.8769,-0.0613,0.2009,0.093,0.0272,0.8944,37.9777,-1.8364,4.9153,4.424,0.4731
FID0026AU,Fidelity Future Leaders,0.0011,1.0147,-0.2214,0.5639,0.162,0.1497,0.9383,30.7872,-4.5273,9.7396,4.8819,1.7868
OPH0001AU,Ophir Opportunities,0.0093,0.9065,-0.0148,0.9382,0.1598,0.0859,4.0614,14.8792,-0.1671,8.6608,2.9079,0.5653
PER0704AU,Perpetual Pure Microcap Fund,0.0081,0.7984,0.1108,0.7246,0.0723,-0.5177,2.9578,10.7036,0.999,5.5139,0.9301,-2.7255
PER0708AU,Implemented Australian Share Portfolio,0.0007,0.8604,-0.0302,0.1406,-0.012,-0.0639,1.3317,60.2714,-1.4275,5.5705,-0.7829,-1.7482
MIC0002AU,Microequities High Income Value Microcap,0.0047,0.7803,0.311,0.7814,0.0398,-0.1037,2.1114,13.2813,3.6413,7.4538,0.7429,-0.7074
DFA0036AU,Dimensional Australian Core Imptn Trust,0.0001,0.9984,0.1884,0.0632,-0.0375,0.0782,0.288,77.4677,9.9658,2.8151,-2.6829,2.3683
BEG0006AU,Australian Equities Extension Fund,-0.0,1.0922,0.079,-0.015,0.1002,0.145,-0.0087,29.8722,1.4992,-0.2385,2.5565,1.5696
BTA0476AU,Pendal Wholesale Plus Australian Share,0.0008,0.9519,0.0265,0.008,-0.0041,0.0154,1.2656,53.1264,1.0194,0.2582,-0.2053,0.3402
BTA0477AU,Ironbark Renaissance WS Plus AU Small Co,-0.0014,0.8671,-0.037,0.636,0.0215,0.0898,-0.925,21.0743,-0.6198,8.9557,0.4719,0.8656
BTA0480AU,Bennelong WS Plus ex-20 Aus Equities,0.0011,1.0187,-0.313,0.457,0.0395,0.0537,0.5027,16.6214,-3.5201,4.3202,0.5809,0.3475
BTA0481AU,Fidelity WS Plus Australian Equities,0.0001,0.9796,-0.01,0.0682,0.0551,0.0003,0.1978,50.2124,-0.3531,2.0246,2.5455,0.0065
BTA0482AU,Perpetual WS Plus Australian Share,0.0005,0.8803,0.0848,0.0968,-0.0419,-0.0595,0.4115,28.2605,1.8765,1.8,-1.212,-0.757
BTA0483AU,Schroder WS Plus Australian Equity,0.0015,0.9166,0.0397,-0.0553,-0.0756,-0.1673,1.9341,43.9585,1.3124,-1.5355,-3.2715,-3.1815
BTA0537AU,Tyndall WS Plus Australian Share Fund,0.0003,0.9748,0.1523,0.0509,-0.0243,-0.1808,0.2482,28.1909,3.0264,0.8489,-0.6333,-2.0612
DSC0001AU,DS Capital Growth Fund,0.0047,0.7014,-0.0258,0.4923,0.0923,-0.0365,3.2019,18.1803,-0.463,7.1868,2.6213,-0.3771
CRM0028AU,Cromwell Phoenix Opportunities Fund,0.0077,0.5366,0.2572,0.4957,0.1305,0.0415,3.1765,8.3066,2.8004,4.3755,2.2259,0.2592
UBS0057AU,UBS Microcap Fund,0.0053,0.7769,0.067,0.7678,0.1083,-0.2533,2.1075,11.6666,0.6857,6.613,1.5002,-1.4839
RGL0004AU,Regal Australian Small Companies Fund,0.0119,1.2266,0.1322,1.1861,0.4303,-0.3144,2.4864,9.356,0.7018,5.2987,2.9159,-0.9592
PIM0028AU,DNR Capital Aus Eq High Conviction R,0.0044,1.0063,0.0354,0.0479,0.0091,-0.1593,4.7612,40.619,1.0103,1.1122,0.4253,-2.7085
AUG0027AU,Australian Ethical Emerging Companies WS,0.0052,0.8358,-0.0297,0.5702,-0.0184,-0.2536,2.1732,12.7591,-0.3151,5.133,-0.2508,-1.5636
UBS0063AU,UBS Australian Small Companies SIV Fund,0.0014,0.859,0.2068,0.9964,0.1385,-0.1137,0.5223,11.5513,1.9672,7.8566,1.7066,-0.6311
CIM0001AU,Cyan C3G,0.0004,0.6423,0.0496,0.9415,0.1671,-0.5476,0.0887,6.0182,0.3162,5.0379,1.4444,-1.9908
SSB0064AU,Martin Currie Eth Val WithInc,-0.0005,0.886,0.0456,0.1711,0.0338,-0.252,-0.4574,27.2549,0.9981,3.0733,0.9436,-3.2164
ETL0444AU,Flinders Emerging Companies A,0.0001,1.0339,0.1692,0.815,0.0888,0.0762,0.0428,20.5063,2.3741,9.4777,1.6133,0.6234
KTA0002AU,Katana Australian Equity Fund,0.0037,0.8154,0.0934,0.4011,-0.0614,0.0132,3.0175,24.7663,1.9671,6.8818,-2.0066,0.1601
BFL0017AU,Bennelong Twenty20 Australian Equities,0.0003,1.0155,-0.0824,0.1413,-0.0024,0.0092,0.2365,27.5802,-1.593,2.2404,-0.0598,0.1031
BLK0012AU,BlackRock High Conviction Australian Eq,-0.0024,0.9724,-0.1434,0.5513,0.0619,0.0091,-1.1399,16.7331,-1.7803,5.5553,0.9726,0.0655
WHT0066AU,Spheria Australian Microcap,0.0066,0.8318,0.2505,0.8227,-0.1023,-0.0977,2.2487,10.2027,2.2458,5.9971,-1.1056,-0.5126
BFL0021AU,Touchstone Index Unaware,0.0009,0.9294,-0.0488,0.0637,-0.0566,-0.2003,0.7762,28.8044,-1.1023,1.1684,-1.5409,-2.6409
CLN6300AU,Collins St Value Fund,0.006,0.6263,0.3196,0.4411,-0.2119,0.1822,1.5013,5.6086,2.0826,2.3255,-1.682,0.6915
MIN0045AU,Mercer Sustainable Plus Australian Shs,0.0006,0.9663,0.0015,0.0384,0.0101,0.0401,1.1244,68.2286,0.0727,1.5344,0.7739,1.1329
WPC3982AU,Perennial Value Microcap Opportunities,0.0036,0.7591,-0.0159,0.9102,-0.1636,-0.1362,0.9568,7.3502,-0.1136,5.1867,-1.4049,-0.5642
FSF8777AU,First Sentier Australian MidCap Fd,0.0021,0.9924,-0.0648,0.4752,-0.0719,0.2077,1.574,27.5081,-1.3214,7.7751,-1.7645,2.4636
OMF6696AU,Lakehouse Small Companies Fund,0.0043,1.0759,-0.1099,1.1893,-0.1016,0.3442,1.088,9.8566,-0.7453,6.4436,-0.8245,1.3557
PIM5346AU,Eley Griffiths Group Emerging Companies,0.0063,0.9467,0.0627,0.806,0.1321,-0.0873,2.4673,13.5691,0.6602,6.8194,1.6767,-0.5351
ECL0984AU,Ellerston Australian MicroCap Fund,0.0071,0.8951,-0.0983,0.7747,-0.087,-0.3176,2.298,10.7406,-0.8668,5.4868,-0.9241,-1.6303
OPS7755AU,Chester High Conviction,0.005,0.7857,0.0595,0.3495,-0.0059,-0.0434,3.1328,18.3252,1.0203,4.8106,-0.122,-0.4334
HOW3590AU,Lennox Australian Small Companies,0.0039,0.911,-0.0179,0.846,-0.0136,-0.2714,1.4747,12.6313,-0.1829,6.9236,-0.1673,-1.6099
WPC6780AU,Perennial Concentrated Australian Shares,0.0003,0.9591,0.1519,-0.0141,-0.0285,-0.1732,0.2014,25.3693,2.953,-0.2197,-0.6729,-1.9723
SSB4946AU,Martin Currie Sustainable Income Fund,-0.0009,0.897,0.0289,0.1162,0.0321,-0.3112,-0.6997,25.718,0.6041,1.9586,0.8098,-3.7271
WHT3859AU,Solaris Australian Equity Long Short Fd,0.0019,1.0284,-0.0754,0.028,0.0325,-0.2242,1.2957,25.1084,-1.3542,0.403,0.7018,-2.3415
FHT1810AU,EGP Concentrated Value Fund,-0.0027,0.7394,-0.1698,0.1378,-0.0872,-0.4293,-0.6787,7.0468,-1.1806,0.7672,-0.7197,-1.7041
QVG9204AU,QVG Opportunities Fund,0.005,1.0971,-0.0079,1.0404,0.3219,-0.2365,1.4896,12.4608,-0.065,6.8989,3.1693,-1.1192
OPS1827AU,Vertium Equity Income Fund,0.0004,0.6063,-0.0204,0.0173,-0.0794,-0.0372,0.3203,19.8548,-0.4922,0.3349,-2.3022,-0.5209
ACM0005AU,AB Concentrated Australian Equities Fund,0.0015,0.8685,-0.0174,-0.0252,-0.0543,-0.2536,0.8735,19.2302,-0.2816,-0.3282,-1.0591,-2.3493
ETL8155AU,Milford Australian Abs Gr W,0.0039,0.4972,0.0267,0.1053,-0.0059,0.0263,2.7615,13.4175,0.5249,1.6586,-0.1379,0.2962
ETL8772AU,Paradice Australian Mid Cap Fund B,-0.0001,1.001,-0.0188,0.4646,0.1335,0.066,-0.0861,30.1995,-0.4166,8.2795,3.5947,0.857
ETL0739AU,Paradice Australian Small Cap Fund B,0.0024,0.9338,0.1343,0.5314,0.0784,-0.0349,0.9003,13.1939,1.3941,4.4345,0.9885,-0.2124
INT0023AU,Morningstar Australian Shares Fund B,-0.0005,0.9334,0.0657,0.2705,-0.0118,0.1595,-0.5535,41.7465,2.1133,7.1024,-0.5806,2.8982
ETL8084AU,Paradice Australian Equities Fund,0.0011,0.9824,0.0897,0.0169,0.103,-0.0967,0.7766,27.1823,1.8113,0.2733,2.4697,-1.114
INT0002AU,Morningstar Australian Shares Fund Z,-0.0004,0.9051,0.0587,0.3579,-0.0666,0.1793,-0.3272,25.4842,1.2084,5.9887,-1.652,2.1579
WFS8168AU,Tyndall Wholesale Plus Aus Shr Inc Fd,-0.0002,0.9115,0.1292,0.0371,-0.0674,-0.1975,-0.161,26.0113,2.6589,0.6145,-1.653,-2.3128
WFS8908AU,Spheria Wholesale Plus Aus Smllr Coms Fd,0.0019,0.9095,0.0811,0.6884,-0.1668,0.0265,0.8146,14.6352,0.9444,6.4617,-2.309,0.1765
BFL3779AU,Bennelong Emerging Companies Fund,0.0108,1.0754,-0.1139,1.0839,-0.0782,-0.3758,2.309,8.7727,-0.6734,5.1568,-0.5492,-1.2693
CIP0005AU,CI Australian Equities Fund,0.0031,0.8909,-0.0667,-0.0023,0.0373,0.035,4.2984,46.6581,-2.8277,-0.0807,2.2216,0.7607
HOW1289AU,Lennox Australian Microcap Fund,0.0049,0.8547,-0.0777,0.8932,-0.083,-0.2635,1.0651,7.114,-0.4684,4.3364,-0.5945,-0.9083
PVA0013AU,Prime Value Emerging Opportunities Fund,0.0039,0.6905,0.0356,0.6679,0.0922,-0.1041,1.8326,11.5581,0.4221,6.4916,1.3987,-0.7216
WHT3810AU,Firetrail Australian High Conviction,-0.0008,0.913,0.0697,0.2103,-0.1544,-0.0291,-0.4696,19.9419,1.1163,2.6977,-2.9167,-0.2667
ETL6826AU,NorthStar Impact Australian Equities fd,0.0002,0.9555,0.0309,0.3186,-0.1633,-0.0362,0.0721,10.6901,0.2545,2.0975,-1.6201,-0.1735
AAP3940AU,Ausbil Active Sustainable Equity,0.002,1.0287,-0.1476,0.214,0.0765,-0.2073,1.6353,32.0609,-3.3322,3.8896,2.0512,-2.6756
AAP9227AU,Ausbil Australian Concentrated Equity,0.0017,1.0466,0.0236,0.0473,0.0779,-0.104,1.6869,39.8238,0.6506,1.0502,2.5518,-1.6382
MIC5676AU,Microequities Pure Microcap Value,0.0035,0.9864,0.0428,0.6115,-0.1592,-0.0654,0.8369,9.0672,0.286,3.262,-1.261,-0.2488
MGE9705AU,Airlie Australian Share,0.0025,0.9656,-0.059,0.0889,-0.0094,0.0172,2.1251,31.6488,-1.3981,1.7115,-0.2676,0.2375
OMF8185AU,Saville Capital Emerging Companies,0.0032,0.8374,0.0722,1.4674,0.0659,-0.2624,0.4868,4.7468,0.2998,4.8873,0.3317,-0.6302
WRA7701AU,Warakirri Ethical Australian Equities,-0.0006,0.9932,-0.0836,-0.0613,-0.1048,-0.0258,-0.6023,37.4759,-2.3355,-1.3825,-3.5021,-0.4167
EQB7664AU,Equitable Investors Dragonfly,-0.0094,0.6181,0.3898,0.7083,0.0579,-0.2829,-1.5853,3.9329,1.802,2.618,0.3188,-0.7434
SEL0461AU,Selector High Conviction Equity A,0.0033,0.9864,-0.0535,0.5241,0.0263,0.2495,1.93,21.9168,-0.9521,7.4975,0.6583,2.2948
WFS5839AU,Fidelity Australian Opportunities MPS,-0.0005,0.9432,-0.0163,0.1705,-0.0073,0.0212,-0.6023,40.5394,-0.5113,4.2973,-0.2765,0.3962
WFS2157AU,Realindex Australian Shares MPS,0.0009,0.9731,0.1337,-0.0731,-0.0183,-0.0153,1.4175,60.225,6.0351,-2.6535,-0.9957,-0.4109
WFS4487AU,Solaris Core Australian Equity MPS,-0.0005,1.0049,-0.0526,-0.0066,0.0078,-0.098,-0.6327,54.2287,-2.0692,-0.2104,0.37,-2.3027
DFA2068AU,Dimensional Australian Sustainability,0.0014,1.0454,-0.0094,0.2394,-0.0127,0.0473,1.4602,42.6754,-0.2771,5.6439,-0.4618,0.8505
SCH0100AU,Schroder Australian Equity Pool - IC,0.0039,0.9213,0.0867,-0.0245,-0.0595,-0.1088,6.8027,60.5994,4.6171,-1.0647,-4.4537,-2.9721
AAP3656AU,Ausbil Active Dividend Income - Wholsl,0.0003,0.9563,0.0624,0.0013,0.0635,0.0104,0.4121,45.1967,2.1273,0.0354,2.6377,0.2097
ECL0012AU,Ellerston Overlay Australian Share,0.0001,0.7543,0.0164,0.2782,-0.092,-0.0564,0.0317,13.4585,0.2059,2.7984,-1.7869,-0.4051
PIM4357AU,DNR Capital Australian Emerging Coms,0.0054,0.9624,0.25,1.0023,0.0062,0.1863,1.5202,10.5714,1.9752,6.3599,0.0597,0.8696
PIM9091AU,Microequities Value Income,0.0054,0.8394,0.1935,0.6945,0.0207,-0.2219,1.7238,10.4637,1.7403,4.9901,0.2288,-1.2193
CLA1557AU,Clime Smaller Companies,0.0009,0.9955,0.0232,0.6305,0.0552,-0.0971,0.3042,11.8663,0.2036,4.4355,0.5822,-0.4952
SSB0044AU,Martin Currie Equity Income X,-0.0006,0.8835,0.0995,0.1441,0.0633,-0.0821,-0.5677,34.517,2.6659,3.1696,2.6622,-1.2754
CIP0002AU,CI Brunswick,0.0048,0.7419,-0.0082,0.1583,0.0488,-0.0038,4.9607,29.134,-0.2599,4.0799,2.1762,-0.0619
ETL7541AU,Elston Australian Large Companies A,0.0019,0.8604,0.067,0.1793,-0.0535,-0.5024,0.9678,17.1664,0.9601,2.0419,-0.9546,-4.4755
AFX0240AU,Affluence Small Company Ordinary,0.0039,0.4606,0.1523,0.4835,-0.041,-0.1776,2.5248,10.7175,2.5748,6.6224,-0.8376,-1.7456
WPC5600AU,Perennial Better Future Trust,0.0016,0.9032,-0.1517,0.4077,-0.1258,-0.1903,0.7311,16.0789,-1.957,4.2385,-1.9122,-1.4044
MAQ7203AU,Macquarie Australian Emerging Companies,0.0031,1.0096,0.1197,1.0035,-0.034,-0.0778,1.0916,12.6617,1.1092,7.5258,-0.378,-0.4194
BIM8414AU,Bombora Special Investments Growth,0.0059,0.486,0.1027,0.4138,0.0696,-0.2173,1.3341,4.2781,0.6589,2.1241,0.5472,-0.8177
ACM3950AU,AB Managed Volatility Equities-Carb Ofst,-0.0007,0.7038,-0.2105,-0.0706,0.086,0.1688,-0.405,16.5048,-3.5667,-0.9566,1.7946,1.7426
ALR2783AU,Australian Eagle Trust,0.0035,0.9374,0.0777,0.2574,0.3589,0.35,2.0606,19.7159,1.2033,3.2273,6.6602,3.1439
ETL8096AU,Paradice Equity Alpha Plus,0.0055,0.8294,0.1612,0.0372,0.0745,-0.0083,3.6309,21.3701,3.0757,0.5585,1.7092,-0.0974
CHN8862AU,CC Sage Capital Equity Plus,0.0042,0.8693,0.0095,0.0406,0.035,-0.0355,3.7903,31.1659,0.248,0.8488,1.0998,-0.5703
ETL6978AU,Milford Dynamic Small Companies Fund,0.0045,0.817,0.0055,0.6068,0.0373,-0.0505,2.5535,18.743,0.0913,8.0989,0.7423,-0.5186
FHT3726AU,Montgomery Small Companies,0.0042,0.8881,-0.024,0.9112,0.0984,-0.029,1.3688,11.5476,-0.2279,6.8931,1.1085,-0.1687
WPC7408AU,Perennial Value Emerging Companies Trust,-0.0041,0.9129,0.079,0.8917,-0.054,-0.225,-0.8457,7.443,0.4698,4.2393,-0.3859,-0.8216
RGL2432AU,Regal Emerging Companies III,0.0156,0.627,0.0087,0.3288,0.5974,-0.9567,2.0622,3.2845,0.0333,1.0044,2.7443,-2.245
WHT9368AU,Longwave Australian Small Companies A,0.0002,0.9584,0.1241,0.6469,0.0266,0.2059,0.1324,24.394,2.27,9.537,0.5862,2.3487
HOW2967AU,Eiger Australian Small Companies,0.003,0.9316,0.0133,0.8268,0.1353,-0.0872,1.1045,13.3642,0.1389,6.9138,1.7138,-0.557
PIM5565AU,1851 Emerging Companies,0.0061,0.9325,0.0384,0.7608,0.0092,-0.2824,2.0859,12.4835,0.3692,5.8777,0.1114,-1.7756
ETL3064AU,Armytage Micro Cap Activist,0.0098,0.4914,0.094,0.4076,0.0695,-0.0328,1.5831,3.1611,0.4382,1.5177,0.3943,-0.093
STE0001AU,Sterling Units,0.0063,0.633,0.2609,0.5286,0.0465,0.0771,2.8739,10.8768,3.1215,5.1873,0.8513,0.5316
WPC1770AU,Perennial Value Future Leaders Trust,-0.0065,0.9063,0.1178,0.9551,-0.0485,-0.2035,-1.3045,7.3624,0.6876,4.4942,-0.3411,-0.7409
TOT3036AU,Equanimity High Conviction Ordinary,,,,,,,,,,,,
ACI0632AU,Anacacia Wattle Fund,0.0077,0.5923,0.0402,0.7228,0.064,0.0262,2.9902,8.4232,0.398,6.0206,0.8092,0.1492
BEG4601AU,Australian Small and Mid-Cap Fund,0.0018,1.0253,-0.3973,0.4097,0.0025,-0.0831,0.7027,13.5098,-4.5524,3.493,0.0312,-0.5734
BLK6723AU,BlackRock Australian Alpha Tilts S,-0.0001,0.9867,-0.0024,0.0285,0.0046,0.0588,-0.2459,75.8421,-0.134,1.266,0.3163,2.1239
OPS2991AU,ECP Growth Companies,0.0045,0.9379,-0.3641,0.3931,-0.1108,-0.007,1.2437,10.0808,-2.8759,2.4922,-1.0967,-0.0356
PIM4806AU,Melior Australian Impact,0.0008,0.905,-0.0714,0.0799,-0.0114,0.276,0.4994,22.7844,-1.3312,1.1775,-0.2545,3.1621
PIM8302AU,DNR Capital Australian Equities Income,0.0039,0.7893,-0.0505,0.1348,-0.098,-0.3857,1.641,11.2759,-0.6282,1.3449,-1.4863,-2.9999
FHT0010AU,Sandon Capital Activist,0.0048,0.5489,0.107,0.4094,0.0816,-0.3749,2.0938,9.0218,1.2258,3.8324,1.4254,-2.4624
ECL7259AU,Ellerston Equity Income KIS Fund,0.002,0.8732,-0.0579,0.0856,-0.0105,0.0105,1.0243,17.7391,-0.8589,1.0069,-0.1897,0.0955
FHT3495AU,Maven Smaller Companies,0.0025,0.6084,0.1464,0.985,0.1648,0.3598,0.4701,3.8774,0.712,3.1231,0.9717,1.1625
PDL0422AU,Pendal Focus Australian Equities,0.0011,0.9081,0.0712,0.0577,-0.0196,-0.0683,1.0268,28.2367,1.7147,0.9103,-0.5654,-1.0951
VIL2854AU,Spatium Small Companies,0.0044,1.0887,-0.1111,0.8626,-0.1448,0.4876,0.7807,6.7195,-0.5924,3.6835,-0.9482,1.6224
AAP5529AU,Ausbil Australian SmallCap,0.0096,0.9824,0.1365,0.9244,0.2109,-0.1512,3.119,11.0151,1.3313,6.7068,2.2227,-0.8873
WHT2589AU,Solaris Australian Equity Income,-0.0003,0.9773,-0.0418,-0.0256,-0.0011,-0.031,-0.6091,62.6975,-1.9869,-0.9729,-0.0619,-0.8539
EPF3813AU,Ethical Partners Australian Share B,-0.0025,0.9459,0.0101,0.1505,-0.0181,-0.103,-1.1961,17.9179,0.1368,1.6444,-0.3018,-0.8322
EVO4741AU,Contact Australian Ex-50,-0.0016,0.8804,-0.1205,0.2452,0.1612,0.0922,-0.6746,12.5361,-1.4942,2.4379,2.4381,0.7151
PIM1925AU,First Sentier ex-20 Australian Share W,0.0044,1.0723,-0.1431,0.8474,0.055,0.1919,1.4861,14.4121,-1.4022,6.6255,0.6401,1.1553
HOW2217AU,Merlon Concentrated Australian Share A,0.0026,0.9201,0.148,0.1932,-0.1024,-0.4063,1.1803,16.2024,1.8889,1.9863,-1.5398,-2.9663
RGL8372AU,Regal Emerging Companies Opports Gen,0.0055,0.3307,0.4396,0.6404,0.4039,-0.659,1.1311,2.3605,2.3556,2.1259,2.6518,-2.3742
ARG3633AU,Argonaut Natural Resources,0.0152,0.6777,0.8034,0.843,-0.0462,0.8391,2.5453,4.496,3.8054,3.2008,-0.2767,2.5922
WRA3342AU,Warakirri Concentrated Australian Eqs,0.0018,0.9454,-0.1861,-0.0502,-0.1202,-0.0364,1.1903,21.3849,-3.6602,-0.7343,-2.5549,-0.4306
ACQ3509AU,Acorn Capital NextGen Resources Ordinary,0.0032,0.9376,0.6933,1.1853,0.1931,0.108,0.3835,3.9292,2.257,2.41,0.7509,0.2379
VAN4509AU,Vanguard Ethically Cons Aust Shrs Whlsl,0.001,1.0811,-0.1598,0.0992,-0.002,-0.0718,1.1123,42.1283,-4.7482,1.8348,-0.0735,-1.4369
ACQ4764AU,Acorn Capital Micro Opportunities Ord,0.0034,0.8274,0.257,0.9413,0.0331,-0.1057,0.5948,5.0387,1.2071,2.9685,0.1884,-0.3334
NCL0002AU,Mercer Passive Australian Share,-0.0006,1.0265,0.0025,0.0103,0.0279,0.0315,-1.0124,64.3444,0.1189,0.4063,1.9992,0.8241
GTU0133AU,Invesco Wholesale Australian Share M,-0.0003,1.0328,0.1121,0.0049,0.009,0.1082,-0.2488,32.4048,2.7468,0.0754,0.2404,1.7608
PIM2087AU,Wheelhouse Australian Enhanced Income,-0.0018,1.0172,0.0016,0.124,0.0496,0.0194,-1.6375,33.4655,0.0365,1.9465,1.365,0.3065
WWM0001AU,Wentworth Williamson,0.0019,0.4606,0.0714,0.3858,-0.0892,-0.3052,0.6349,5.5695,0.5795,2.6376,-1.0353,-1.4415
ECL5380AU,Ellerston Micro Cap Client,0.0019,0.6972,-0.1587,0.6869,0.0507,-0.4162,0.4881,6.143,-1.0919,2.9843,0.3807,-1.9028
LYN3596AU,Lanyon Investment Fund,0.0096,0.4367,0.2286,0.2841,-0.1274,0.6317,2.9774,5.4918,2.0828,2.0631,-1.3869,3.5234
HAY1035AU,Hayborough Opportunities,0.0064,0.6858,-0.0333,0.606,0.2788,0.0034,1.6438,6.2716,-0.2121,2.5874,2.1344,0.0147
ECL6748AU,Ellerston Australian Emerging Leaders,0.0005,0.9298,-0.1769,0.5567,0.1882,-0.3579,0.1003,7.5126,-0.998,2.0978,1.2349,-1.3362
MCM3327AU,Meme Private Investment Trust Ordinary,-0.0098,0.7863,0.04,0.5822,0.0937,-0.6411,-1.2528,3.4915,0.1344,1.2715,0.3825,-1.4333
JBW4991AU,Yarra Australian Smaller Companies,0.0005,0.9903,-0.0837,0.5284,-0.1525,0.0354,0.2065,13.0937,-0.7907,3.2526,-1.6468,0.2292
MPL1039AU,Maple-Brown Abbott Australian Value Opps,0.0053,0.7475,0.1871,0.1367,0.0312,-0.5317,2.1955,10.8343,1.9071,0.9446,0.3644,-3.7085
CTS9748AU,The TAMIM Australia All Cap,0.0051,0.9573,0.1797,1.0186,0.2774,-0.5662,0.9071,6.9367,0.9261,4.2223,1.744,-1.833
CTS8008AU,The TAMIM Australia Small Cap Income,0.0048,1.0693,0.1964,0.6893,0.0543,-0.4038,1.019,8.9893,1.1851,3.3187,0.4042,-1.4831
ETL2825AU,SGH Medical Technology,-0.0053,0.7432,-0.278,0.3512,-0.3514,-0.0963,-1.1396,5.6135,-1.5,1.2349,-2.1679,-0.3564
ETL1293AU,L1 Capital Catalyst Daily,0.0075,0.88,0.2704,0.4963,0.2207,-0.476,2.1817,9.146,2.0096,2.4025,1.8735,-2.4108
TIM4706AU,TRUE Infrastructure Fund,0.0018,0.0741,-0.0464,-0.1068,0.0495,0.0668,0.7823,1.1487,-0.5547,-0.8003,0.6542,0.5281
WHT2716AU,Firetrail Australian Small Companies M,0.008,1.0085,0.0797,0.917,-0.0496,-0.0784,2.148,10.5981,0.6157,5.6848,-0.4805,-0.3892
ETL7964AU,Elston Australian Emerging Leaders A,0.0056,1.1065,-0.3983,0.9663,-0.3852,0.1314,0.8634,6.0039,-1.5441,2.4409,-1.707,0.3494
MIC1962AU,Microequities Takeovers and Oppos,0.005,0.7677,-0.0983,0.7228,0.0592,-0.0481,0.9232,4.9385,-0.4788,2.2868,0.3502,-0.1558
CIP0006AU,CI Endowment,-0.0005,0.82,-0.1613,0.0134,0.0807,-0.0162,-0.4954,30.647,-4.0911,0.2871,2.7927,-0.2389
ETL1574AU,Dynamic Australian Equities,0.0006,0.9935,0.0282,0.0586,0.0023,0.0417,0.841,49.2682,0.9769,1.3555,0.0917,0.955
WPC0911AU,Perennial Microcap Resources Trust,0.0058,0.7451,0.6958,1.4457,-0.0425,-0.0598,0.7475,3.4771,2.2675,3.1461,-0.1612,-0.129
SPC2070AU,Surrey Australian Equities Fund,-0.0016,0.8964,0.067,0.7995,0.0565,-0.0927,-0.6126,13.539,0.7263,6.9827,0.7498,-0.5898
WPC1345AU,Perennial Value Emerging Industrial Tr,-0.0008,0.8071,-0.1392,0.9605,-0.3783,-0.0617,-0.1258,4.7755,-0.5056,2.4166,-1.7438,-0.1222
PIM5119AU,Tanarra LTV II Foundation,-0.0042,0.7503,0.1335,0.4693,-0.3156,0.2388,-0.7817,5.4363,0.6714,1.5649,-1.7883,0.6437
BSC0951AU,BetaShares Australian Faith-Based Ldrs,0.0025,0.9126,-0.4662,0.3322,-0.0862,0.1999,1.4941,21.6309,-6.7831,3.3481,-1.5907,1.5865
ETL7425AU,Quest X20 Australian Equities,0.0046,0.9367,-0.1941,0.4267,0.0181,-0.4855,2.2033,17.4239,-2.5419,3.7301,0.2649,-3.4822
BGL0005AU,iShares Wholesale Australian Eq Idx E,0.0025,0.9051,0.0603,-0.0738,0.0094,-0.1663,0.4916,6.648,0.313,-0.3138,0.0762,-0.5056
ALP1778AU,Aliwa Alpha,0.0161,0.5962,0.6982,1.6572,-0.0729,0.2724,1.7415,2.5296,2.1491,4.0685,-0.2753,0.5099
AAP5633AU,Ausbil Australian Emerging Leaders IC,0.0044,0.982,0.1552,0.4926,0.1278,-0.1644,0.4637,3.6045,0.4265,0.8644,0.3982,-0.3012
ETL8439AU,EQT Tax Aware Australian Equity,0.001,0.9531,-0.0147,-0.0235,-0.0489,-0.1096,1.1067,40.3508,-0.4607,-0.5809,-1.8417,-2.1135
WFS8899AU,Platypus Australian Equity MPS,0.0041,1.1649,-0.3712,0.1186,-0.1152,0.8415,1.2449,12.1468,-2.6069,0.6191,-1.0423,3.1085
LSP6493AU,LSN Emerging Companies,0.0078,1.0008,-0.0288,0.6185,0.0039,-0.0412,2.2097,11.3096,-0.1956,2.8819,0.0341,-0.149
PER9955AU,Perpetual Australia Share S,0.0008,0.7882,0.0684,0.1692,0.0695,0.0817,0.3065,10.5948,0.5685,1.0644,0.7898,0.3711
PER8590AU,Perpetual SHARE-PLUS Long-Short S,0.0042,0.9043,0.2759,0.4164,0.2776,0.1096,1.4644,11.6685,2.2009,2.5137,3.0284,0.4776
FHT0540AU,The Elvest Fund,0.0119,0.7873,-0.6441,-0.2279,-0.0595,-0.3024,3.1375,7.2251,-3.9811,-1.0003,-0.4734,-0.9687
NCP0003AU,Northcape Capital Core Australian Shares,0.0048,0.9522,-0.0746,-0.0027,-0.0602,-0.1689,2.4677,18.9552,-1.1858,-0.035,-1.3587,-1.404
ECL5651AU,Ellerston 2050 Wholesale,,,,,,,,,,,,
SSB0007AU,Martin Currie Select Opps X,0.0041,0.9474,0.252,0.2749,-0.0965,-0.2274,2.8008,24.743,5.256,4.575,-2.8551,-2.4852
TOI6244AU,Baza High Conviction Fund A,-0.0045,0.916,0.3581,0.8397,-0.3683,0.0977,-0.8189,5.8679,1.6213,2.4477,-1.9293,0.3006
VPC9697AU,VP Capital Fund I,0.01,0.6378,0.0206,0.122,0.4025,-0.2294,1.5419,3.9676,0.0902,0.4223,2.1474,-0.612
ELM9093AU,ELMRI ANZ Conviction Fund,0.0026,0.9652,-0.5161,0.2169,0.0005,0.2383,0.6738,10.0876,-3.8505,1.3027,0.0042,1.105
MAA3828AU,MA Equity Opportunities,0.001,0.9219,-0.3435,0.6534,0.0229,-0.1354,0.2165,6.8949,-1.929,2.2729,0.1578,-0.5112
FSF0453AU,CFS FC-Acadian Geared Australian Equity,-0.0008,1.8838,0.0949,0.0028,-0.0231,0.284,-0.5327,48.4064,1.9671,0.047,-0.6745,3.0274
SBC0817AU,UBS Australian Share Fund,0.0021,0.983,0.0679,-0.0134,-0.0237,-0.1383,3.2071,57.3205,3.2053,-0.5145,-1.5712,-3.349
PER0039AU,Perpetual WFIA-Perpetual Small Coms,0.0036,0.8585,0.0842,0.651,-0.03,-0.0569,3.1878,28.5983,2.2713,14.3087,-1.1351,-0.7871
AMP0018AU,AMP FLI-AMP Equity,0.001,0.9821,-0.0498,-0.0887,0.0017,-0.0317,2.143,79.2184,-3.2513,-4.7219,0.1578,-1.0621
ASC0001AU,Smallco Investment,0.0064,0.88,0.0563,0.6107,0.0252,-0.0052,3.2957,17.0546,0.883,7.8094,0.5561,-0.0415
BNT0101AU,Hyperion Small Growth Companies,0.0058,0.9149,0.0299,0.5542,-0.0016,0.4548,2.6335,15.7256,0.4157,6.2849,-0.0311,3.2466
MAQ0213AU,Macquarie Wholesale Australian Equities,0.0029,1.0064,-0.0637,0.0022,-0.0075,0.0284,6.4009,83.9923,-4.2994,0.1199,-0.7074,0.9827
ADV0045AU,Advance Australia Shr Multi-Blend W,0.0015,0.9689,-0.0039,0.0294,0.0001,-0.0072,4.374,104.8523,-0.3449,2.0999,0.0164,-0.3231
ADV0013AU,Maple-Brown Abbott Aus Shr Retail,0.0012,0.8922,0.1365,-0.0765,-0.0229,-0.2023,1.9298,53.7675,6.6574,-3.0408,-1.5692,-5.0649
BAR0814AU,BlackRock Advantage Australian Equity,0.0014,1.0145,-0.0323,-0.008,0.0204,0.0618,5.0088,132.8969,-3.4298,-0.689,3.0398,3.362
BGL0034AU,iShares Australian Equity Index,0.0016,0.9928,-0.0037,-0.0017,0.004,-0.0151,11.443,264.3605,-0.8004,-0.304,1.2067,-1.6728
AAP0104AU,Ausbil Australian Emerging Leaders,0.0021,1.0369,-0.0401,0.5927,0.1394,-0.0706,1.8508,35.1489,-1.1005,13.2579,5.3751,-0.9939
HOW0019AU,Alphinity Australian Equity,0.0019,0.9673,0.0132,0.0074,0.0091,0.0405,4.6665,87.5065,0.9702,0.4412,0.932,1.5231
HOW0020AU,WaveStone Australian Share,0.0021,0.996,-0.0813,0.0551,0.0174,0.0003,3.9987,71.8769,-4.7484,2.6225,1.4247,0.0104
FAM0101AU,Celeste Australian Small Companies,0.0027,0.8562,0.1832,0.6097,-0.0874,0.0869,1.6892,20.0974,3.4813,9.4441,-2.3329,0.8473
PER0029AU,Perpetual WFIA-Perpetual Aus Shr,0.0017,0.9208,0.0156,0.0296,-0.0125,-0.0643,2.4108,47.9939,0.6584,1.0197,-0.7411,-1.3912
PER0049AU,Perpetual Australian Share,0.0025,0.9247,0.0123,0.0282,-0.0124,-0.067,3.4888,47.6775,0.5145,0.9593,-0.7299,-1.435
LAZ0006AU,Lazard Australian Equity I,0.0023,0.8128,0.2625,0.106,-0.0114,-0.1386,2.4701,32.5542,8.5114,2.8004,-0.5176,-2.3049
LAZ0005AU,Lazard Select Australian Equity I Cl,0.0034,0.7546,0.2935,0.2224,-0.0013,-0.2586,2.5457,21.1058,6.6461,4.1039,-0.0399,-3.0037
MAQ0288AU,Macquarie True Index Australian Shares,0.0018,0.9934,-0.0062,-0.0019,0.0025,-0.0133,11.1592,233.6018,-1.1794,-0.2983,0.673,-1.2959
SST0004AU,State Street Australian Equities Idx Tr,0.0017,0.99,-0.0046,-0.0192,0.0014,-0.0072,11.1965,239.9042,-0.8958,-3.0727,0.3841,-0.7238
FSF0418AU,CFS FC Inv-Lazard Select Aus Equity,0.0019,0.8363,0.1354,0.0015,-0.0547,-0.2436,1.7715,29.2961,3.8392,0.0349,-2.179,-3.5441
RFA0818AU,Pendal Australian Share,0.0024,0.9471,-0.0227,-0.0201,0.0033,-0.0264,5.4268,81.9269,-1.5871,-1.148,0.3267,-0.9493
RFA0025AU,Pendal Horizon Sustainable Aus Shr,0.0017,0.9657,-0.0567,0.0133,0.0196,-0.0326,3.1843,68.1427,-3.2389,0.6212,1.5749,-0.9543
AMP0828AU,Macquarie Australian Enhanced Idx Shr B,0.0001,0.9768,0.0056,-0.052,-0.0022,0.0277,0.1618,75.4902,0.3519,-2.6515,-0.1954,0.8874
INT0022AU,Morningstar Australian Shares Fund A,0.0016,0.9224,0.004,0.1331,-0.025,0.0575,2.4897,53.4965,0.1872,5.0938,-1.6502,1.3851
IML0001AU,Investors Mutual WS Aus Smaller Co,0.0033,0.6941,0.1076,0.4614,-0.006,-0.0848,2.5701,20.1155,2.5234,8.8237,-0.1985,-1.0205
AMP0257AU,Macquarie Australian Enhanced Idx ShareA,0.0015,0.987,-0.008,-0.0232,0.0034,-0.0004,8.932,214.5137,-1.4147,-3.3209,0.8503,-0.0374
STL0101AU,Sandhurst IML Industrial Share,0.0013,0.755,0.2121,0.0311,0.0149,0.0062,1.5088,32.1443,7.3091,0.8735,0.72,0.1098
PER0048AU,Perpetual Smaller Companies,0.0042,0.8586,0.0842,0.6519,-0.0294,-0.0579,3.7243,28.609,2.2702,14.3333,-1.115,-0.8011
PER0116AU,Perpetual ESG Australia Share,0.0039,0.8924,0.2505,0.248,-0.0334,0.1074,3.5276,30.0278,6.8234,5.5071,-1.2774,1.5013
MAQ0088AU,Macquarie Small Companies,0.0056,0.9545,-0.0843,0.8198,0.0293,-0.0155,4.0842,25.3263,-1.6198,12.9382,0.9224,-0.1744
JBW0007AU,Yarra Emerging Leaders Fund (Direct),0.0008,0.9592,-0.0564,0.536,0.1092,-0.1635,0.6804,30.5609,-1.4547,11.2691,3.9568,-2.1639
JBW0011AU,Yarra Leaders Fund,0.0018,1.0172,-0.0444,-0.1252,0.0035,-0.1314,2.4882,53.4962,-1.8917,-4.3462,0.2065,-2.8713
JBW0009AU,Yarra Australian Equities Fund,0.0022,1.0088,-0.0377,-0.073,0.0114,-0.1447,3.0099,52.4662,-1.5859,-2.507,0.6764,-3.1266
FSF0485AU,CFS Australian Share,0.0017,0.9532,0.0145,-0.0176,-0.0218,-0.0636,4.871,102.4164,1.2634,-1.2491,-2.668,-2.8375
FSF0502AU,CFS Australian Small Companies,0.0026,0.918,0.0027,0.6145,0.0146,-0.1304,2.8686,37.9626,0.0914,16.6809,0.6859,-2.2325
MPL0002AU,Maple-Brown Abbott Australian Equity,0.0027,0.9123,0.1518,-0.0637,-0.0408,-0.1374,3.7213,48.0656,6.4741,-2.2135,-2.4437,-3.0074
SCH0101AU,Schroder WS Australian Equity Fund - WC,0.0032,0.9206,0.0861,-0.0257,-0.0588,-0.1118,5.6802,60.6748,4.5917,-1.1187,-4.4045,-3.0609
SCH0002AU,Schroder Australian Equity Fund - PC,0.0035,0.9206,0.0862,-0.0252,-0.0588,-0.1106,6.0274,60.4059,4.58,-1.09,-4.3884,-3.0145
NRM0007AU,Aggressive 95,,,,,,,,,,,,
SSB0125AU,Martin Currie Sust Eq A,0.0016,0.9954,0.0542,-0.0277,-0.0039,-0.0137,3.0557,72.6759,3.2033,-1.3332,-0.3221,-0.4143
FPS0006AU,Fiducian Australian Shares,0.0018,0.9691,-0.0554,0.0291,-0.0021,-0.0538,4.4364,88.3721,-4.0931,1.7486,-0.2133,-2.0376
FPS0008AU,Fiducian Australian Smaller Co Shares,0.0029,0.9237,-0.0285,0.6732,0.0723,-0.0935,2.6927,32.2583,-0.8046,15.5133,2.8718,-1.3569
FSF0014AU,CFS MIF-Australian Share,0.0013,0.996,-0.0895,0.0421,0.012,0.0837,1.7036,47.5069,-3.4552,1.3236,0.6533,1.658
WFS0022AU,BT Investor Choice Australian Growth Shr,0.0019,0.9555,-0.0136,-0.0542,-0.0004,-0.0161,4.175,80.2311,-0.9266,-3.0013,-0.0366,-0.5616
PER0011AU,WealthFocus Perpetual Industrial Share,0.0012,0.8908,0.159,0.0216,0.0138,-0.0468,1.3759,39.2359,5.6687,0.628,0.6937,-0.8556
PER0046AU,Perpetual Industrial,0.0019,0.8912,0.1587,0.0218,0.0147,-0.0464,2.1834,39.2208,5.6551,0.6329,0.7337,-0.8473
FSF0035AU,CFS Developing Companies,0.0039,0.7771,0.0977,0.6833,-0.0155,-0.152,2.3491,17.7181,1.8039,10.2804,-0.4023,-1.4396
CNA0811AU,Invesco WS Aus Share,0.0006,1.0174,0.061,0.0155,-0.001,0.2227,0.9063,59.1228,2.4368,0.5101,-0.0633,5.2634
FSF0076AU,First Sentier Aus Share Growth Fund,0.0014,0.9713,0.1872,0.0573,0.002,0.2696,1.5599,42.0931,6.566,1.6396,0.0968,4.8529
AAP0103AU,Ausbil Australian Active Equity,0.0027,1.0467,-0.0645,-0.0364,0.0319,-0.0779,4.8326,69.7469,-3.4776,-1.601,2.4167,-2.1557
BTA0021AU,BT Aus Share Retail,0.0017,0.9469,-0.0214,-0.0181,0.0031,-0.0249,3.8529,82.1108,-1.5039,-1.034,0.305,-0.8971
BTA0055AU,Pendal Australian Equity,0.0024,0.9491,-0.0208,-0.0217,0.0014,-0.0199,5.4993,83.3794,-1.4799,-1.2569,0.14,-0.7269
PER0028AU,Perpetual WFIA-Perpetual Indl Shr,0.0011,0.8895,0.1584,0.0206,0.0142,-0.044,1.2999,39.4845,5.6912,0.6044,0.7164,-0.8121
CRS0003AU,SGH Ex-20 Australian Equities A,0.0011,0.8806,-0.0783,0.1644,0.0092,0.1694,1.3107,39.9991,-2.8802,4.9265,0.4756,3.1956
IML0003AU,Investors Mutual WS Future Leaders,0.003,0.6927,0.1207,0.4193,0.0029,-0.1291,2.4682,21.7191,3.0637,8.6743,0.1034,-1.6807
IML0004AU,Investors Mutual All Industrials Share,0.0014,0.7583,0.21,0.0304,0.0114,0.005,1.5546,32.4543,7.2756,0.8596,0.5546,0.0882
PMC0101AU,PM Capital Australian Companies,0.0027,0.847,0.3165,0.1416,-0.0762,0.0334,1.8493,21.6056,6.5351,2.3835,-2.2115,0.354
BNT0003AU,Hyperion Australian Growth Companies,0.0037,0.9924,-0.1377,0.2194,-0.0382,0.4016,2.2091,22.2584,-2.5004,3.2477,-0.9752,3.7416
PWA0001AU,BlackRock Equity,-0.0,0.996,-0.1707,0.1473,0.0537,0.0307,-0.0392,33.2816,-4.6183,3.247,2.0424,0.4263
PWA0015AU,BlackRock Australian Share Plus,-0.0,0.9938,-0.1697,0.1497,0.0544,0.0288,-0.0257,33.2402,-4.5943,3.3035,2.0689,0.4008
HOW0018AU,NovaPort Smaller Companies Class I,0.0032,0.8552,0.0754,0.503,0.0214,0.0399,2.3724,24.0206,1.7141,9.3228,0.6833,0.4654
PWA0014AU,BlackRock Australian Share,-0.0006,0.9823,-0.1704,0.1193,0.0452,0.0305,-0.5765,33.0383,-4.6379,2.6472,1.7289,0.4258
CSA0131AU,SGH Australian Small Companies,0.001,0.8251,0.0362,0.5551,0.0613,0.2107,0.8027,24.6284,0.8747,10.9335,2.0814,2.6129
RIM0029AU,Russell Aust Opportunities Class A,0.0018,0.9464,0.0364,0.0579,-0.0118,-0.0755,4.7364,92.5308,2.8733,3.7355,-1.313,-3.059
TYN0028AU,Tyndall Australian Share Wholesale,0.0022,0.9819,0.0669,-0.0125,-0.03,-0.1983,2.8255,46.5371,2.5672,-0.3905,-1.6168,-3.9038
PPL0108AU,Antares Pers High Growth Shares,0.0027,0.9561,-0.0457,-0.0305,-0.0064,-0.1797,3.8611,51.1806,-1.9786,-1.0767,-0.3915,-3.9959
WFS0021AU,BT Investor Choice Australian Share,0.0016,0.9491,0.005,-0.1177,0.0009,-0.0273,3.8394,84.9948,0.3612,-6.9534,0.0872,-1.0168
COM0022AU,Commonwealth Australian Equity Fund,0.0016,0.9118,-0.0675,-0.0041,0.0397,-0.1818,0.8754,18.5974,-1.115,-0.0555,0.9212,-1.5402
COM0012AU,Commonwealth Imputation Share Fund,0.0013,0.9421,-0.0579,0.0061,0.0441,-0.1669,0.8414,22.8332,-1.1367,0.0968,1.2145,-1.6802
VAN0002AU,Vanguard Australian Shares Index,0.0017,0.9902,-0.0037,-0.0019,0.0013,-0.0127,11.7568,264.1907,-0.7954,-0.3267,0.3821,-1.409
VAN0104AU,Vanguard Australian Shares High Yield,0.0017,0.9825,0.1462,-0.0522,0.0162,-0.0418,2.9209,62.8389,7.5667,-2.2035,1.1811,-1.1108
PER0102AU,Perpetual Concentrated Equity,0.0031,0.9148,0.0274,-0.0191,-0.028,-0.0947,4.0257,45.2891,1.098,-0.6248,-1.5782,-1.9475
CNA0812AU,Invesco WS Aus Smaller Companies-Class A,0.0012,0.9345,0.0266,0.6557,0.0059,0.0549,1.1069,31.6189,0.7273,14.6391,0.2253,0.7709
AUG0002AU,Australian Ethical Australian Shr,0.0039,0.7465,0.0069,0.2742,0.0158,-0.2395,2.8142,20.4231,0.1531,4.9508,0.493,-2.7215
RFA0819AU,Pendal Smaller Companies,0.0028,0.9379,-0.0197,0.6593,0.0896,0.0049,2.8936,36.0192,-0.6128,16.7075,3.915,0.0775
RFA0103AU,Pendal Imputation,0.0021,0.9603,0.0165,-0.0708,0.0073,-0.082,4.6228,80.2445,1.1144,-3.9022,0.6973,-2.8449
PAM0001AU,Alphinity Australian Share,0.0013,1.0038,0.0171,0.0002,0.0084,0.0736,2.464,74.1702,1.0238,0.0106,0.7033,2.258
GLO0015AU,Alphinity Sustainable Share B,0.0002,1.003,0.0528,0.0638,0.0186,0.0977,0.2456,61.3396,2.6127,2.5759,1.2939,2.4817
RFA0019AU,BT Imp Shr Retail,0.0014,0.9573,0.0172,-0.0708,0.0063,-0.081,3.2342,80.6067,1.1743,-3.9331,0.5992,-2.8318
EQI0001AU,Alphinity Concentrated Aus Share B,0.0002,1.0207,0.0196,0.0514,-0.0021,0.1256,0.2251,49.4465,0.7701,1.6419,-0.113,2.5266
RFA0011AU,BT Class Inv Core Aus Shr,0.0015,0.9485,-0.0213,-0.0191,0.0036,-0.0257,3.3911,81.9402,-1.4917,-1.0875,0.3509,-0.9215
RFA0013AU,BT Class Inv Natural Resources,0.0054,0.9408,-0.5032,0.3492,-0.1007,-0.5322,1.886,12.4799,-5.403,3.0561,-1.5198,-2.9323
RFA0012AU,BT Smaller Companies Retail,0.0023,0.9424,-0.0217,0.6595,0.0894,0.0047,2.3569,36.0902,-0.672,16.6636,3.8945,0.0741
MAQ0178AU,Macquarie Australian Enhanced Plus Eqs,0.0018,0.9942,-0.0133,0.0168,0.0087,0.0193,6.6197,137.3711,-1.4814,1.5327,1.3724,1.1025
WFS0285AU,Pendal Sustainable Australian Share,0.0011,0.9819,-0.014,-0.0117,0.0257,0.0053,2.1273,74.8655,-0.8629,-0.5884,2.2328,0.1666
IOF0214AU,Perennial Value Smaller Companies Trust,0.0037,0.8919,0.0332,0.6326,-0.0629,-0.2398,2.4011,21.7307,0.6551,10.1706,-1.7415,-2.4267
IML0002AU,Investors Mutual WS Australian Share,0.0018,0.7657,0.0573,-0.0084,-0.0141,-0.0084,2.5551,41.3765,2.5064,-0.299,-0.8694,-0.1892
EGG0001AU,Eley Griffiths Group Small Companies,0.0028,0.9487,-0.072,0.6174,0.0544,-0.0188,2.451,31.122,-1.9125,13.3643,2.0286,-0.2558
WAR0002AU,Merlon Australian Equity Income (CNA),0.0007,0.7058,0.1409,0.0883,-0.0287,-0.0897,0.86,33.4254,5.4001,2.76,-1.5434,-1.7653
UBS0004AU,UBS Australian Small Companies Fund,0.0051,0.9366,-0.0541,0.5166,0.006,-0.2127,4.0791,28.2128,-1.3179,10.278,0.2062,-2.6618
PER0281AU,Perpetual's - Australian Share Fund,0.0016,0.8936,0.0715,0.0626,-0.0114,-0.0805,1.8301,38.2777,2.173,1.528,-0.5223,-1.3915
DFA0101AU,Dimensional Australian Value Trust,0.0034,0.9597,0.2298,0.1761,-0.0417,-0.2663,4.4578,46.9699,9.1051,5.6864,-2.3186,-5.4126
DFA0103AU,Dimensional Aust Large Company Trust,0.0019,0.9824,0.0079,-0.0725,-0.0025,-0.0023,10.5998,202.7018,1.3171,-9.8703,-0.5816,-0.1935
DFA0104AU,Dimensional Aust Small Company Trust,0.0025,0.962,-0.0293,0.6787,-0.0545,-0.1062,3.4552,49.1867,-1.2107,22.898,-3.1702,-2.2546
PER0071AU,Perpetual Geared Australian,0.004,2.1085,0.0413,0.0542,-0.0255,-0.1557,2.3945,47.651,0.7558,0.8079,-0.6549,-1.4613
PER0072AU,Perpetual SHARE-PLUS Long-Short,0.0041,0.8486,0.0261,0.0081,0.0094,-0.1674,4.2408,33.2852,0.8298,0.2095,0.4211,-2.7268
OPS0002AU,OC Premium Small Companies,0.002,0.9827,0.1167,0.6569,-0.0065,0.1598,1.2889,23.7681,2.2844,10.484,-0.1778,1.6057
OPS0001AU,OC Dynamic Equity,0.0031,0.9968,0.1117,0.685,0.0029,0.1306,1.7682,21.7231,1.9701,9.8501,0.0721,1.1824
IOF0200AU,Perennial Value Australian Shares Trust,0.0021,0.9806,0.0533,0.0302,-0.0195,-0.1803,3.6096,63.4366,2.7903,1.2879,-1.4368,-4.8434
MAQ0278AU,Macquarie Australian Equities,0.003,1.0045,-0.0677,-0.0002,-0.0077,0.0224,6.8364,87.5437,-4.7771,-0.0131,-0.7618,0.8093
STL0100AU,Sandhurst BMF-Sandhurst Ind Share,0.0006,0.7598,0.2133,0.0306,0.0143,0.0048,0.6568,32.286,7.3375,0.8575,0.6911,0.0843
RIM0006AU,Russell Australian Share A,0.0019,0.9944,0.0086,0.0004,-0.0135,-0.0671,5.7641,113.2113,0.7906,0.0287,-1.7507,-3.1711
MIN0006AU,Mercer Australian Shares,0.0008,0.958,-0.0132,0.0107,0.0225,-0.075,1.3438,62.6963,-0.6941,0.4519,1.6618,-2.0395
MIN0007AU,Mercer Australian Small Companies,0.0023,0.9268,0.0363,0.6311,-0.0216,-0.0691,2.2485,33.9633,1.0646,14.8821,-0.894,-1.0519
ETL0043AU,Lincoln Wholesale Australian Growth,0.0003,0.9248,-0.2514,0.4479,0.0653,0.2197,0.1934,21.0455,-4.5821,6.5546,1.6755,2.0735
PER0270AU,Pengana Emerging Companies,0.0044,0.9832,0.0556,0.5683,0.1102,-0.0024,2.8872,24.7053,1.1203,9.193,3.122,-0.0252
IML0005AU,Investors Mutual Equity Income,0.0018,0.6281,0.1167,0.0908,0.0093,-0.1259,2.1784,29.1236,4.3674,2.7782,0.4868,-2.4186
FID0008AU,Fidelity Australian Equities,0.0028,0.9822,-0.0403,-0.0114,0.0309,0.0286,5.2746,70.3301,-2.3342,-0.538,2.5183,0.8492
NET0001AU,BlackRock GSS Australian Equities Index,0.0015,0.987,0.0046,-0.0087,-0.0208,-0.0158,5.0984,127.2566,0.4826,-0.7354,-3.0529,-0.8434
HOW0027AU,NovaPort Microcap,0.0046,0.6991,0.0616,0.5083,0.0099,-0.4069,2.5568,14.7936,1.0402,6.8353,0.2372,-3.5833
RFA0059AU,Pendal Focus Australian Share,0.0029,0.9672,-0.0289,-0.0084,-0.0029,-0.0294,4.7961,61.6149,-1.4714,-0.3408,-0.2077,-0.7744
DDH0002AU,Selector Australian Equities,0.0029,0.9616,-0.0523,0.5259,0.0349,0.2431,1.6966,21.4089,-0.933,7.5325,0.878,2.2483
MIN0020AU,Mercer Australian Shares Plus,0.0015,0.988,-0.0095,0.0327,-0.0073,-0.0165,3.4441,87.9764,-0.6754,1.8615,-0.732,-0.6074
FPS0011AU,Fiducian Geared Australian Shares,0.0014,1.572,0.1009,0.0603,0.0551,-0.2555,1.08,46.1588,2.3993,1.168,1.8385,-3.1158
WPC0005AU,Specialist Australian Shares,0.0023,0.7874,0.0296,0.3385,-0.1549,0.0772,1.9058,24.7134,0.7439,6.8151,-5.5039,1.0073
TGP0005AU,Armytage Strategic Opportunities Ret,-0.0008,0.9336,0.1154,0.1138,0.0225,-0.013,-0.875,39.6478,3.9217,3.0861,1.0793,-0.2294
MAQ0177AU,Macquarie Aus Pure Indexed Equities,0.0018,0.992,-0.0059,-0.0013,0.0021,-0.0136,11.09,230.8472,-1.1065,-0.2045,0.5615,-1.3164
ETL0042AU,SGH High Conviction Fund,0.0031,0.9335,-0.2324,0.2432,0.0608,-0.1126,2.9029,33.2395,-6.6298,5.5744,2.4427,-1.6597
PVA0022AU,Prime Value Equity Income B,0.0006,0.9324,0.1732,0.2149,0.0212,0.0398,0.8967,50.1746,7.5442,7.6296,1.296,0.8892
PVA0011AU,Prime Value Growth B,0.0012,0.9108,-0.1228,0.1368,0.0646,-0.0682,1.4522,42.9603,-4.687,4.2567,3.4646,-1.3368
PER0259AU,Perpetual Smaller Companies No. 2,0.0048,0.8533,0.1032,0.6625,-0.0103,-0.1022,4.1346,28.2541,2.7345,14.0737,-0.3874,-1.4064
GCM0001AU,Ganes Focused Value,0.0034,0.7349,0.0942,0.5195,0.0684,0.1001,2.2294,17.9348,1.8601,8.3665,1.8974,1.0152
PAT0002AU,Ironbark Renaissance Australian Sm Comp,0.004,0.8708,-0.0684,0.5801,0.0779,-0.0786,2.7532,22.942,-1.4429,9.7628,2.3208,-0.857
QIN0002AU,DDH Australian Shares,0.0007,0.9829,-0.0234,-0.0142,-0.007,-0.0142,1.9111,104.642,-2.018,-0.9952,-0.8455,-0.6259
IOF0078AU,Perennial Value Shares for Income Trust,0.0009,0.9129,0.2395,0.0618,0.0016,0.0224,1.2269,47.7554,10.032,2.0746,0.0965,0.4879
DFA0003AU,Dimensional Australian Core Equity Trust,0.002,0.9849,0.102,0.212,-0.0158,-0.062,5.5452,105.4925,8.7316,14.5685,-1.9194,-2.7717
RFA0061AU,Pendal MicroCap Opportunities,0.0101,0.9126,-0.0208,0.7345,0.0783,-0.1577,5.7056,19.8112,-0.3594,10.2149,1.9147,-1.4201
MAQ0443AU,Macquarie Australian Shares,0.0048,0.9997,-0.1387,0.0315,-0.0409,-0.0378,5.9509,47.0218,-5.2236,0.95,-2.1789,-0.7382
AUS0030AU,Platypus Australian Equities - Wholesale,0.0026,1.0445,-0.1927,0.1962,0.0202,0.2548,2.3482,36.0417,-5.2849,4.3368,0.7843,3.6501
MAQ0459AU,Macquarie Yield Enhanced Aus Eq Fd,0.0012,0.9909,-0.0312,-0.0075,0.004,-0.0079,4.2299,129.5918,-3.2645,-0.6277,0.5948,-0.4331
ETL0062AU,ICE Fund,0.0044,0.8339,0.0742,0.5116,0.0729,-0.0924,2.8008,20.5292,1.4555,8.0743,2.0261,-0.9423
HOW0035AU,Greencape High Conviction,0.0039,0.9426,-0.0429,-0.0224,-0.0282,-0.0311,5.918,54.4821,-1.9798,-0.8261,-1.8503,-0.7512
HOW0034AU,Greencape Broadcap,0.0038,0.9381,-0.039,0.0593,-0.0033,-0.0119,6.2459,60.0206,-1.9932,2.4236,-0.2377,-0.3174
ETL0068AU,EQT Flagship Common No 2,0.0023,0.9495,-0.0008,-0.1131,-0.02,-0.0241,3.4047,53.108,-0.0351,-4.1726,-1.2749,-0.559
ETL5146AU,EQT Flagship Fund - Wholesale Class,0.0019,0.957,-0.0121,-0.1502,-0.0278,-0.0121,3.4662,68.0476,-0.6862,-6.8267,-2.2426,-0.3593
IML0006AU,Investors Mutual Small Cap,0.0054,0.709,0.0886,0.455,-0.025,-0.1247,3.8488,19.6634,1.9637,8.0488,-0.7855,-1.4369
ADV0062AU,Mercer Indexed Australian Shares,0.0012,0.9933,-0.0212,0.0089,0.0283,-0.0813,2.8462,92.2234,-1.562,0.5251,2.9591,-3.1319
AAP0002AU,Ausbil Australian Geared Equity,0.0027,2.1528,-0.0782,-0.1017,0.0756,-0.2242,2.0421,63.2209,-1.8219,-1.8896,2.5024,-2.7316
PER0255AU,Perpetual Select Investments Aus Share,-0.0005,0.8427,-0.0062,0.0502,0.0108,-0.0997,-0.4772,29.5089,-0.1677,1.1375,0.401,-1.3646
ETL0069AU,Tribeca Alpha Plus Class A,0.0042,0.9668,-0.1285,0.053,0.0077,-0.1139,3.8413,33.9109,-3.5969,1.189,0.3047,-1.6691
WHT0008AU,Spheria Australian Smaller Companies,0.0079,0.8907,-0.1495,0.5188,-0.0104,-0.431,3.4957,15.008,-2.0158,5.5803,-0.1971,-3.0019
ETL0060AU,Allan Gray Australia Equity A,0.0056,0.8623,0.2291,0.3617,-0.1137,-0.3779,4.0345,23.6116,5.0065,6.337,-3.521,-4.3091
ETL0148AU,Armytage Australian Equity Income,0.0009,0.9181,0.072,-0.0977,-0.0052,0.0794,1.1844,47.4976,2.96,-3.1805,-0.3023,1.7011
IOF0092AU,MLC MultiActive Australian Shares,0.0017,0.9148,-0.013,0.1085,-0.0103,-0.0085,3.1696,66.4708,-0.7389,4.9452,-0.8626,-0.2631
WFS0409AU,BT WE Fidelity Australian Equities,0.001,0.96,-0.0068,0.0031,0.0285,0.0313,1.6542,58.3022,-0.3123,0.1167,1.96,0.7795
FSF0961AU,First Sentier Equity Income,0.0011,0.7744,-0.0406,-0.1085,0.0022,0.0091,2.1703,56.5623,-2.3532,-5.0013,0.1832,0.2829
BTA0313AU,Pendal MidCap,0.0037,0.9321,-0.0436,0.4363,0.038,0.1155,4.0588,39.7034,-1.403,11.585,1.835,2.0187
PER0439AU,Perpetual Pure Value Share,0.0075,0.6433,0.217,0.2918,-0.0414,-0.049,5.0334,16.6186,4.3439,4.7274,-1.2072,-0.52
SCH0035AU,Schroder Equity Opportunities Fund - WC,0.0035,0.8304,0.1864,0.1809,-0.0743,-0.1226,3.6553,33.5945,5.9118,4.5847,-3.3936,-2.0586
DFA0008AU,Strategic Australian Equity,0.0016,0.9949,0.1134,0.1179,-0.0408,-0.1301,3.5126,77.821,6.4409,5.4618,-3.7775,-4.2922
PER0495AU,Perpetual WFIA-Perpetual Share Plus L/S,0.0033,0.788,0.1295,0.0759,0.013,-0.1958,3.1238,27.1389,3.2297,1.5539,0.5314,-2.8565
PER0470AU,Perpetual WFIA-Fidelity Australian Eq,0.0003,0.9745,-0.0075,0.0162,0.0432,0.048,0.6225,64.2016,-0.3574,0.6363,3.3803,1.3381
PER0482AU,Perpetual WFIA-Investor Mutual Aus Sha,0.0008,0.7717,-0.0209,-0.0596,0.0115,-0.0875,0.992,37.223,-0.7299,-1.7112,0.6588,-1.7867
PER0488AU,Perpetual WFIA-Perpetual Concntr Eq,0.0017,0.8926,0.0854,-0.0047,-0.0258,-0.1192,1.9929,38.7288,2.684,-0.1218,-1.329,-2.1907
PER0491AU,Perpetual WFIA-Perpetual ESG AU Share,0.0034,0.8821,0.1886,0.2502,-0.0074,0.0241,2.6819,25.6747,3.9752,4.3305,-0.2565,0.2976
PER0492AU,Perpetual WFIA-Perpetual Geared Aus,0.0019,2.0752,0.1239,0.0425,-0.0281,-0.2002,0.992,40.1189,1.7355,0.4891,-0.6464,-1.6397
PER0450AU,Perpetual WFIA-Ausbil Aust Actv Eq,0.0005,1.0441,-0.021,-0.0366,0.0349,-0.0559,0.8764,61.3461,-0.8955,-1.2789,2.4335,-1.3915
VAS,Vanguard Australian Shares ETF,0.0009,1.0,-0.0003,-0.0049,-0.0019,0.0001,6.6299,286.6695,-0.0606,-0.7963,-0.587,0.0126
RDV,Russell Inv High Dividend Aus Shrs ETF,-0.0003,1.023,0.1683,-0.0684,0.0179,-0.1274,-0.5097,58.1214,6.762,-2.2497,1.1208,-3.0135
SYI,SPDR速 MSCI Australia Sel Hi Div Yld ETF,-0.0009,0.9697,0.3122,-0.0142,-0.0349,0.2526,-0.9423,36.6672,8.2315,-0.3038,-1.4514,3.9406
IOZ,iShares Core S&P/ASX 200 ETF,0.0006,1.0036,-0.0002,-0.0361,-0.0048,0.0174,3.7968,244.3659,-0.0408,-4.9727,-1.2741,1.6905
ILC,iShares S&P/ASX 20 ETF,-0.0002,1.0139,0.05,-0.2847,-0.0219,0.074,-0.4846,104.7048,3.5776,-16.6365,-2.454,3.0583
IHD,iShares S&P/ASX Div Opps ESG Scrnd ETF,-0.0021,0.9634,0.1405,0.0547,-0.0651,0.3689,-1.6489,28.7292,2.9027,0.9231,-2.1027,4.4019
ISO,iShares S&P/ASX Small Ordinaries ETF,-0.0,0.9745,-0.0079,0.7294,-0.0743,-0.0527,-0.0533,44.5389,-0.2516,18.8622,-3.6782,-0.9638
QFN,BetaShares Australian Fincls Sect ETF,0.0,1.1401,0.262,-0.2294,0.118,-0.3672,0.0182,28.1844,4.4882,-3.2087,3.1602,-3.6319
QRE,BetaShares Australian Res Sect ETF,0.002,0.8886,0.1927,0.1854,-0.3489,0.1978,0.6062,10.1004,1.5184,1.1922,-4.2968,0.8995
SSO,SPDR速 S&P/ASX Small Ordinaries ETF,0.0003,0.9654,-0.016,0.72,-0.073,-0.0551,0.3205,43.9155,-0.504,18.5019,-3.5715,-1.0019
OZR,SPDR速 S&P/ASX 200 Resources ETF,0.002,0.8861,0.2027,0.1765,-0.3629,0.1972,0.6032,10.0865,1.5996,1.1348,-4.4451,0.8976
OZF,SPDR速 S&P/ASX 200 Fincls EX A-REIT ETF,-0.0002,1.1455,0.256,-0.2287,0.1191,-0.3653,-0.1096,27.9604,4.3321,-3.1534,3.1279,-3.5658
VHY,Vanguard Australian Shares High Yld ETF,0.0006,0.9593,0.2701,-0.035,-0.0112,0.0747,0.7677,50.0062,9.7754,-1.0272,-0.6291,1.5583
VLC,Vanguard MSCI Australian Large Coms ETF,0.0,1.0093,0.0497,-0.2435,-0.0252,0.0675,0.0899,121.8173,4.1611,-16.5539,-3.2764,3.2602
VSO,Vanguard MSCI Australian Small Coms ETF,0.0009,1.0069,0.0572,0.7497,-0.0345,0.046,2.6611,107.8642,4.2555,45.2475,-3.98,1.974
YMAX,BetaShares Aus Top 20 Eq Yld Mxmsr ETF,-0.0013,0.8562,0.0502,-0.203,-0.0157,0.0103,-2.113,53.9102,2.1881,-7.2208,-1.0874,0.2605
QOZ,BetaShares FTSE RAFI Australia 200 ETF,0.0013,0.9713,0.1217,-0.058,-0.0019,-0.1682,2.8366,77.6633,6.5584,-2.6389,-0.1507,-5.294
MVB,VanEck Australian Banks ETF,0.0004,1.1829,0.2152,-0.2224,0.2094,-0.6678,0.2234,21.7187,2.6695,-2.3211,3.7075,-4.8361
MVE,VanEck S&P/ASX MidCap ETF,0.0016,0.9422,-0.1415,0.6301,-0.3378,-0.0665,0.5938,12.633,-1.2818,4.8022,-4.3668,-0.3516
MVR,VanEck Australian Resources ETF,0.0041,0.8941,0.3017,0.3563,-0.2577,0.2954,1.4169,11.4923,2.6202,2.6034,-3.1937,1.4974
MVW,VanEck Australian Equal Wt ETF,0.0021,0.9753,-0.046,0.2581,-0.0509,-0.0512,3.1468,53.6221,-1.7144,8.115,-2.592,-1.1081
GEAR,BetaShares Geared Australian Equity ETF,-0.0008,2.2994,-0.0567,-0.0902,-0.0126,-0.0243,-1.0889,121.4776,-2.0276,-2.7121,-0.6155,-0.5038
HVST,BetaShares Australian Div Harvester ETF,-0.0034,0.6689,-0.0271,-0.1426,-0.0165,0.1395,-2.4038,17.2949,-0.4863,-2.1486,-0.399,1.4273
RARI,Russell Inv Australian Rspnb Inv ETF,-0.0004,1.0449,-0.0979,0.0082,0.0068,-0.2327,-0.5402,46.5339,-2.9954,0.2156,0.2667,-4.1214
MVS,VanEck Small Coms Masters ETF,-0.0016,1.005,-0.0306,0.6341,-0.0404,0.064,-1.1977,28.4011,-0.5942,10.5169,-1.0067,0.7196
AUST,BetaShares Managed Risk AUS Shr ETF,-0.0016,0.6676,-0.037,-0.0968,0.0062,0.0968,-2.1739,33.5847,-1.317,-2.8284,0.28,2.0172
GRNV,VanEck MSCI AUS Sust Eq ETF,-0.0022,1.0323,-0.1166,0.072,-0.0514,0.1451,-1.6161,27.8826,-2.295,1.1504,-1.2208,1.6674
EX20,BetaShares Aus Ex-20 Port Divrs ETF,0.0006,0.9785,-0.1273,0.3286,-0.0361,-0.1095,0.9037,55.0875,-5.2944,11.0645,-1.7992,-2.6493
MVOL,iShares Edge MSCI Australia Mini Vol ETF,-0.0009,0.9269,-0.1129,-0.0157,0.0058,0.0874,-0.857,32.0347,-2.8814,-0.324,0.1777,1.298
AUMF,iShares Edge MSCI Australia Mltfctr ETF,-0.0009,0.9754,0.1372,0.2341,0.0238,0.3524,-1.0376,39.8581,4.1399,5.7216,0.8603,6.1865
SWTZ,Switzer Dividend Growth ETF,-0.0011,0.8984,-0.0445,0.0014,-0.0095,-0.1989,-0.9818,30.8397,-1.1197,0.0283,-0.2912,-2.8937
SMLL,BetaShares Australian Small Coms Sel ETF,-0.0007,0.9879,0.0783,0.6157,-0.0227,0.1511,-0.5218,27.2819,1.5894,10.0359,-0.5545,1.7847
FAIR,BetaShares Australian Sustnby Ldrs ETF,0.0002,0.9014,-0.3757,0.0874,0.0035,-0.0749,0.14,20.8259,-6.2886,1.1772,0.0691,-0.7162
EINC,BetaShares Martin Currie Equity Inc ETF,-0.0011,0.8649,-0.0071,0.0418,0.0146,-0.2763,-0.8409,26.4006,-0.1569,0.7458,0.3793,-3.4961
RINC,BetaShares Martin Currie Real Income ETF,0.0001,0.889,-0.3202,0.0042,-0.0169,-0.5674,0.0544,12.8952,-3.3659,0.0355,-0.2088,-3.412
EIGA,Perennial Income Generator Fund,-0.0016,0.9175,0.2059,0.0018,-0.0364,0.0246,-1.5452,33.6995,5.4632,0.0379,-1.167,0.3803
INIF,Intelligent Investor AUS Eq Inc ETF,0.0012,0.8277,0.1735,0.2558,-0.0644,-0.1349,0.5531,14.9387,2.2589,2.6856,-1.0215,-1.0349
A200,BetaShares Australia 200 ETF,0.0004,1.0025,-0.0127,-0.0429,-0.0071,0.0034,1.7008,166.5409,-1.5236,-4.1881,-1.0221,0.2379
IMPQ,Perennial Better Future Fund,0.0008,0.9375,-0.1554,0.4886,-0.1043,-0.2237,0.3077,14.5764,-1.7878,4.4444,-1.4436,-1.5827
INES,Intelligent Investor Ethical Share ETF,0.0056,0.6924,-0.2306,0.4469,-0.1013,-0.0302,2.1124,10.185,-2.511,3.8466,-1.3269,-0.2022
ATEC,BetaShares S&P/ASX Australian Tech ETF,0.0081,1.1891,-0.4976,1.0054,0.0654,-0.1221,1.3217,6.5893,-2.4007,3.8895,0.3851,-0.3683
E200,SPDR速 S&P/ASX 200 ESG ETF,0.0005,0.9543,-0.022,-0.1297,-0.0408,0.0586,0.8028,49.376,-0.8745,-3.3669,-1.9474,1.5523
DVDY,VanEck Mrnngstr Aust Mt Inc ETF,0.0007,0.8714,-0.4993,-0.2363,-0.0176,-0.224,0.2262,10.269,-4.5703,-1.351,-0.1923,-1.3873
IIGF,Intelligent Investor Aust Eq Gr ETF,0.0048,0.8161,0.0072,0.3693,0.1042,-0.359,1.4194,8.4168,0.0572,1.8474,0.9976,-1.9415
VETH,Vanguard Ethically Cnscs Aust Shrs ETF,0.0009,1.0806,-0.1621,0.0958,-0.0013,-0.0764,0.9223,40.6628,-4.7298,1.7488,-0.0453,-1.5079
AMVE,AB Managed Volatility Equities ETF MVE,0.0007,0.6949,-0.1516,0.0186,0.1257,0.1586,0.6534,22.6628,-3.3538,0.3477,3.7955,2.0381
AASF,Airlie Australian Share ETF,0.0028,0.9555,-0.0284,0.1395,-0.0248,0.0821,2.2367,29.8422,-0.6405,2.5593,-0.6747,1.0819
IESG,iShares Core MSCI Australia ESG ETF,0.0021,1.086,-0.2247,0.0961,-0.0338,0.1883,1.6431,29.5042,-4.3627,1.2156,-0.749,2.507
GIVE,Perpetual ESG Australia ShareETF E,0.0055,0.7151,-0.0373,0.5706,-0.0143,0.236,2.169,11.0603,-0.3953,4.1454,-0.1736,1.3163
AQLT,BetaShares Australian Quality ETF,0.0054,1.1223,-0.1437,0.1263,-0.0364,0.1411,2.7066,19.2028,-1.6557,1.0814,-0.5409,0.8552
AEAE,Australian Ethical High Conviction ETF,-0.0018,0.7309,-0.1058,-0.0007,-0.0509,-0.1332,-0.3966,6.786,-0.6969,-0.003,-0.3757,-0.4586
AYLD,Global X S&P/ASX 200 Covered Call ETF,,,,,,,,,,,,
GMVW,VanEck Geared Australian Equal Weight H,,,,,,,,,,,,
OZXX,Global X Australia ex Fincls & Res ETF,,,,,,,,,,,,
IMLC,IML Concntr AUS Shr Fd (Quoted Mngd Fd),,,,,,,,,,,,
DACE,Dimensional AustralianCoreEquityTrustETF,0.002,0.9848,0.102,0.2119,-0.016,-0.0619,5.5475,105.5757,8.7358,14.5762,-1.9477,-2.772
G200,BetasharesWthBdrAUS200Grd30-40%LVRCpxETF,,,,,,,,,,,,
SFY,SPDR速 S&P/ASX 50 ETF,0.0017,0.9872,0.0052,-0.1658,-0.0094,-0.0091,8.5015,184.8057,0.7931,-20.4849,-2.0014,-0.7058
STW,SPDR速 S&P/ASX 200 ETF,0.0016,0.9903,-0.003,-0.0205,0.0006,-0.0041,11.1752,256.7878,-0.6198,-3.5136,0.1704,-0.4397
EllerstonSMID,Ellerston Australian Small-Mid Cap Opportunities,0.0205,0.621,-0.1813,0.7945,0.2035,-0.2504,6.4474,7.7983,-1.6607,5.8046,2.2144,-1.4088
aussie pws,aussie pws,0.0034,0.554,0.0396,0.2045,0.0386,-0.0943,2.7592,17.2487,0.893,3.7132,1.0356,-1.2149
aussie pws without allan,aussie pws without allan,0.0002,0.6368,0.0667,0.2435,0.0613,-0.0424,0.1194,15.8045,1.1986,3.5245,1.3107,-0.4361
pws_with_invesco_instead_of_milford,pws_with_invesco_instead_of_milford,0.0022,0.8282,0.0405,0.2936,0.0307,-0.0492,2.0657,30.4215,1.0853,6.286,0.9965,-0.8036
