name,Ausbond Bank Bill,Ausbond Composite,Ausbond Credit,Ausbond Government,Ausbond Credit FRN,Global Agg Hedged,Global Agg Credit Hedged,Global Agg Treasury Unhedged,Global Agg Treasury Hedged,Global Agg Unhedged,Global Agg Credit Unhedged,Global High Yield Unhedged,Global High Yield Hedged,JPM EMBI ,S&P 500,S&P 500 AUD Hedged
bbg_ticker,BAUBIL Index,BACM0 Index,BACR0 Index,BAGV0 Index,BAFRN0 Index,LEGATRUH Index,LGDRTRUH Index,LGTRTRUU Index,H03432US Index,LEGATRUU Index,LGDRTRUU Index,LG30TRUU Index,LG30TRUH Index,JPEIGLBL Index,SPX Index,SPXHAUDN Index
30/04/2004,4901.4309,4193.269,4138.786,1381.504,1348.454,288.1824,131.0405,135.5252,123.3625,288.3665,140.2283,439.2023,153.2894,383.3,1570.705,884.88
31/05/2004,4924.6033,4231.345,4174.72,1394.325,1355.126,287.3902,130.3331,136.548,123.1561,289.7796,140.657,433.4916,150.856,381.85,1610.1013,900.08
30/06/2004,4946.8382,4247.926,4192.405,1399.564,1361.612,287.9019,130.6958,136.7886,123.0897,290.6265,140.9939,440.2384,153.2747,397.88,1685.5941,920.84
31/07/2004,4969.7361,4266.158,4210.211,1405.759,1367.926,289.8834,131.8663,136.0841,123.7498,290.5662,141.6397,447.4801,155.9571,405.96,1614.9274,893.49
31/08/2004,4992.7117,4326.309,4260.189,1427.182,1375.052,294.5143,134.3111,139.3449,125.6641,296.9259,144.7719,459.1279,159.8628,419.36,1608.5933,899.86
30/09/2004,5014.9562,4358.364,4289.132,1438.239,1382.505,295.7661,135.03,141.2742,126.2855,300.4347,146.5605,467.3577,162.3157,414.28,1579.9608,911.98
31/10/2004,5037.8644,4389.614,4317.56,1448.951,1389.098,297.948,136.16,145.4437,127.1212,307.6313,149.5659,476.8122,165.1222,410.49,1564.3078,927.89
30/11/2004,5060.3285,4437.954,4363.826,1465.146,1396.976,298.567,136.1633,150.7145,127.6589,315.7826,152.7148,485.9381,167.3236,399.7,1573.7917,965.26
31/12/2004,5083.4345,4437.091,4364.792,1464.557,1403.757,300.6734,137.3386,153.2649,128.5217,320.621,155.1963,495.619,170.185,403.64,1603.1842,1000
31/01/2005,5106.5812,4440.023,4372.028,1464.757,1410.477,302.949,138.3581,151.137,129.6203,317.2467,153.9665,493.802,170.4447,410.2,1579.6433,977.73
28/02/2005,5126.928,4428.391,4368.095,1459.63,1417.316,301.6801,137.8996,151.4553,129.0214,317.8506,154.523,501.9318,172.8206,404.08,1578.274,999.3
31/03/2005,5151.009,4435.616,4379.496,1461.17,1424.261,302.1499,137.1756,149.394,129.6713,314.0052,152.0754,487.4488,168.3263,403.41,1588.2173,983.28
30/04/2005,5176.5753,4505.358,4437.223,1486.132,1431.274,305.9009,138.8219,151.6392,131.3614,318.1145,153.9647,485.2175,167.6706,405.06,1540.1711,966.83
31/05/2005,5201.6665,4552.217,4475.964,1503.011,1439.228,308.8826,140.4391,148.5788,132.6041,313.8526,152.6226,491.4556,170.8097,431.18,1642.5063,1000.02
30/06/2005,5225.7699,4578.8,4500.737,1512.079,1446.192,311.5135,141.7785,147.3023,133.8463,312.4451,152.5866,499.8776,174.2134,435.96,1634.044,1003.22
31/07/2005,5250.8379,4599.721,4525.118,1518.089,1453.549,309.8037,140.963,145.9207,133.087,309.9434,151.3713,506.5793,176.5424,436.78,1702.1827,1042.18
31/08/2005,5275.9568,4637.387,4559.965,1530.831,1461.204,312.8909,142.6647,148.4384,134.3396,315.0448,154.1403,510.5307,177.6036,448.39,1698.523,1033.86
30/09/2005,5300.0198,4608.864,4546.697,1518.629,1468.651,311.4003,141.63,145.6538,133.8424,310.0292,151.6389,509.544,177.7875,449.75,1688.9617,1043.43
31/10/2005,5325.3258,4617.065,4560.605,1520.094,1476.028,309.4429,140.51,143.0207,133.087,305.4141,149.6976,505.054,176.3919,452.95,1697.708,1026.9
30/11/2005,5350.0021,4651.639,4591.84,1532.068,1484.277,310.9145,141.2947,141.4406,133.768,303.2463,149.1103,507.376,177.642,464.79,1780.7486,1066.51
31/12/2005,5375.2905,4694.56,4628.612,1547.317,1491.589,313.5422,142.4903,143.062,134.9214,306.2398,150.3159,513.4046,179.7968,476.99,1794.8868,1067.63
31/01/2006,5401.0379,4702.321,4644.408,1548.132,1499.278,313.2902,142.3678,145.195,134.6746,310.1028,152.0459,524.2842,182.9162,467.66,1784.9884,1095.85
28/02/2006,5424.2905,4729.175,4669.858,1557.108,1505.99,314.1947,142.7834,144.5078,135.0244,309.003,151.4595,529.0764,185.1047,486.98,1823.2971,1098.94
31/03/2006,5450.002,4734.555,4681.194,1557.713,1513.393,311.4466,141.2276,142.8733,133.8614,305.9398,149.8387,530.399,185.2747,495.68,1915.2804,1113.55
30/04/2006,5474.102,4708.122,4664.69,1547.312,1520.249,310.3418,140.7457,146.2801,133.2036,311.7309,152.2537,536.337,186.2862,466.66,1828.9244,1127.86
31/05/2006,5500.5769,4726.884,4684.308,1553.249,1527.729,311.3302,141.0185,148.7379,133.8534,315.7516,153.9692,534.871,185.2439,461.85,1794.6975,1095.04
30/06/2006,5527.0058,4735.084,4693.514,1555.745,1534.5,311.2952,140.8718,147.0438,133.8225,313.2429,152.962,532.671,184.6775,468.17,1821.7765,1096.72
31/07/2006,5553.6644,4738.934,4699.636,1556.83,1542.152,314.9611,142.6918,148.2593,135.2627,316.3634,154.8665,541.5756,187.8352,468.46,1776.0689,1103.42
31/08/2006,5582.688,4788.997,4744.351,1574.019,1550.549,319.6735,144.823,149.5858,137.3767,320.019,157.2577,551.6685,191.2545,482.99,1827.1515,1129.56
30/09/2006,5611.2085,4829.235,4779.986,1588.043,1558.938,321.9735,145.99,149.256,138.3346,319.9951,157.4521,556.885,193.431,496.04,1914.1107,1159.6
31/10/2006,5639.6281,4820.291,4777.363,1584.065,1567.193,323.6987,146.99,150.7428,138.9557,323.0906,159.2743,566.3649,196.52,486.59,1903.5554,1196.47
30/11/2006,5668.7143,4856.764,4812.614,1596.137,1575.694,326.4998,148.4323,154.8566,140.0117,330.9593,163.1973,577.7066,199.4885,484.2,1906.0675,1218.82
31/12/2006,5698.9637,4842.023,4811.059,1588.429,1584.379,324.9404,147.4468,152.2683,139.3992,326.572,161.2784,583.7115,201.7409,487.74,1933.8613,1236.38
31/01/2007,5730.2119,4864.677,4838.377,1594.875,1593.686,324.8106,147.356,150.1971,139.2997,323.3623,160.1762,587.2771,203.3852,495.3,1999.6345,1256.09
28/02/2007,5758.4051,4922.897,4886.879,1615.589,1601.784,328.888,149.6871,153.5618,140.909,330.0166,163.6165,596.2442,206.0947,494.16,1923.0059,1232.01
31/03/2007,5788.5517,4909.825,4882.496,1609.878,1610.359,328.7614,149.2102,154.0141,140.8735,330.7967,163.4801,598.5802,206.733,485.74,1892.9107,1246.01
30/04/2007,5820.2443,4943.79,4916.845,1620.785,1618.901,329.7818,149.7908,155.6187,141.2236,334.5356,165.6563,607.4644,209.1074,477.23,1925.4434,1300.29
31/05/2007,5851.6828,4946.197,4925.195,1620.516,1627.935,327.5593,148.6693,152.6368,140.2948,329.3193,163.3224,609.0874,210.1133,478.56,2005.8762,1346.08
30/06/2007,5882.0206,4923.917,4912.509,1612.11,1636.061,326.3423,147.9567,151.7503,139.825,327.8588,162.8507,598.8344,206.4651,456.53,1918.0022,1324.85
31/07/2007,5912.9128,4956.857,4931.429,1626.235,1640.35,329.6444,148.7,156.073,141.7564,334.517,164.8362,580.9306,199.918,447.83,1839.7069,1284.84
31/08/2007,5944.2939,4999.391,4963.644,1641.862,1645.23,333.4186,149.8981,158.4531,143.5421,338.6358,165.9253,585.9123,201.7862,476.97,1964.9842,1305.53
30/09/2007,5978.3328,4996.968,4970.587,1638.728,1654.019,334.8964,150.62,162.309,143.9845,346.236,169.2983,604.4478,207.0757,449.43,1878.0533,1350.91
31/10/2007,6012.5893,4995.002,4965.31,1639.699,1662.126,337.7143,152.1,164.9715,145.1282,351.8794,172.3977,612.0971,209.1903,440.07,1824.7045,1372.8
30/11/2007,6046.0832,5017.784,4953.889,1655.759,1662.301,341.5072,152.6753,169.2372,146.9916,358.604,173.6331,600.4924,204.8784,459.67,1834.6205,1314.03
31/12/2007,6082.543,5009.694,4963.018,1648.292,1671.463,342.2525,152.9791,168.3652,147.2566,357.5349,172.9862,602.182,205.6798,466.08,1835.7356,1305.73
31/01/2008,6118.8485,5070.92,5004.762,1672.298,1674.744,347.9026,154.6446,174.4575,149.9852,367.4668,175.8628,595.7022,203.182,459.83,1688.2663,1230.47
29/02/2008,6151.9736,5039.682,4953.061,1667.252,1673.01,348.915,154.4873,178.6569,150.9068,373.6136,177.4635,590.1013,200.9055,439.36,1563.2912,1195.31
31/03/2008,6192.9488,5120.473,5007.742,1696.834,1676.837,348.7035,152.8804,184.0002,151.0259,381.2352,178.1626,589.3929,199.8366,450.08,1595.2075,1193.88
30/04/2008,6233.4023,5121.254,5034.511,1692.387,1693.786,346.8099,153.5048,178.231,149.4355,373.9583,177.604,610.1169,206.9427,440.37,1620.4004,1254.29
31/05/2008,6274.2882,5126.835,5054.522,1689.667,1706.382,343.6195,152.3107,175.6194,147.778,369.8232,176.1517,613.6378,207.9191,435.19,1620.0897,1274.47
30/06/2008,6313.7494,5141.582,5053.673,1698.338,1710.136,342.5287,151.1452,176.2194,147.6198,370.1382,175.624,596.6557,201.8874,426.23,1481.4861,1172.1
31/07/2008,6355.9154,5233.488,5139.285,1727.664,1716.86,345.0679,151.5934,176.8484,149.372,370.648,175.4053,589.8398,200.021,438.02,1493.0611,1166.76
31/08/2008,6398.3656,5346.663,5236.925,1767.263,1726.358,348.5007,152.8291,173.2196,151.0323,364.5218,171.9921,587.4026,200.8891,485.16,1664.1968,1189.16
30/09/2008,6435.8684,5415.367,5212.911,1805.552,1702.569,345.345,145.52,170.8922,151.411,355.9454,161.1052,538.9048,185.4068,490.1,1643.8502,1077.21
31/10/2008,6481.8462,5524.108,5330.465,1838.471,1711.635,343.0783,140.06,167.5071,152.5737,342.8245,148.4736,438.4342,153.5329,496.03,1626.502,861.29
30/11/2008,6517.1511,5687.633,5447.497,1901.894,1708.001,352.3845,143.6197,173.085,156.9738,352.7373,151.7777,408.8937,144.0447,515.07,1529.8223,800.46
31/12/2008,6544.8945,5758.614,5494.789,1934.482,1703.621,361.3454,148.4467,185.5902,160.7203,374.6532,160.8092,440.3368,153.7551,516.55,1438.8057,808.94
31/01/2009,6571.1113,5839.621,5587.194,1956.293,1716.031,358.2395,148.0043,177.7264,158.3735,362.4016,156.616,461.6491,162.43,575.33,1455.0481,736.64
28/02/2009,6590.2338,5767.907,5541.803,1923.809,1715.034,358.1948,146.4876,171.9102,158.7539,354.3056,153.4672,448.7954,158.0657,562.56,1286.6084,659.43
31/03/2009,6607.5598,5774.555,5488.031,1937.668,1710.472,361.3271,146.4551,176.3566,160.3101,362.4595,155.6131,465.457,163.1009,543.24,1302.5428,713.62
30/04/2009,6625.0256,5774.759,5527.803,1931.433,1723.808,362.8407,149.8634,176.8759,159.785,365.72,159.8717,516.1372,180.7134,544.14,1356.4906,779.46
31/05/2009,6641.6833,5733.211,5580.507,1904.03,1745.765,363.4259,153.8643,182.6995,158.3715,378.7724,169.3384,559.4819,193.9334,514.67,1305.336,820.53
30/06/2009,6659.4489,5697.995,5580.642,1890.143,1762.78,366.7583,157.0894,182.9261,159.5411,380.3394,172.4077,576.8791,200.009,516.42,1295.2914,823.5
31/07/2009,6677.1032,5715.866,5628.331,1892.285,1779.24,371.6417,161.9898,186.1146,160.5739,388.7619,178.9337,611.7507,211.7644,516.8,1352.541,885.71
31/08/2009,6693.9983,5756.818,5672.257,1906.34,1794.519,375.4544,164.8266,189.6794,161.9098,395.5908,182.7183,628.6606,217.3848,519.82,1383.2203,918.77
30/09/2009,6712.9386,5798.471,5728.641,1919.227,1811.272,378.6264,167.37,194.1407,162.7468,404.0448,186.856,667.6555,230.3983,520.02,1368.1103,953.25
31/10/2009,6730.1088,5794.096,5751.128,1914.527,1820.355,379.4246,168.42,194.2697,162.5533,405.9431,188.9868,680.4897,234.2362,511.99,1319.9746,937.95
30/11/2009,6750.5376,5880.904,5817.911,1946.564,1826.671,383.2469,170.3545,200.4433,164.0593,416.2799,192.7645,688.0744,236.1653,509.79,1378.7052,995.4
31/12/2009,6772.3156,5858.484,5830.298,1933.705,1835.181,379.7301,169.3569,190.4796,162.3809,400.6166,187.8988,701.881,242.474,519.7,1428.0324,1017.67
31/01/2010,6795.8064,5937.381,5894.855,1962.254,1845.576,383.6198,171.9702,190.9851,163.4555,402.2715,189.0084,709.5719,246.0413,527.01,1390.913,983.53
28/02/2010,6819.2715,5966.833,5932.625,1970.736,1854.292,385.4317,172.6639,191.4753,164.3236,402.5709,188.1999,709.0745,246.651,531.3,1425.4728,1015.94
31/03/2010,6841.5563,5932.029,5931.282,1954.221,1863.344,386.1751,173.7773,188.5217,164.3559,399.5282,188.7104,733.4012,255.2659,529.48,1471.9726,1078.98
30/04/2010,6865.2541,5964.712,5971.073,1965.013,1873.988,388.327,175.5342,188.0702,165.0049,399.5925,189.7065,748.3005,260.4255,528.51,1481.1597,1098.97
31/05/2010,6891.0155,6062.85,6029.8,2003.062,1878.958,391.3333,175.0192,185.9364,166.9671,393.3464,183.8978,712.7242,251.123,569.65,1492.5571,1005.69
30/06/2010,6918.2406,6145.613,6086.739,2033.355,1888.364,394.9049,177.1362,189.2026,168.2947,399.3711,186.8465,722.9571,254.5865,580.67,1413.4168,955.93
31/07/2010,6947.4449,6162.375,6125.935,2035.289,1899.454,398.1171,179.8547,196.1274,169.2926,412.9417,194.1067,757.8289,264.3988,566.32,1416.7263,1021.6
31/08/2010,6975.6505,6280.731,6206.963,2079.141,1910.873,404.7254,183.4634,199.9613,172.5366,418.6888,196.6518,759.8002,265.8213,588.74,1374.3549,978.03
30/09/2010,7001.5642,6224.05,6176.843,2058.484,1921.423,403.8215,183.92,204.9613,171.9485,428.5144,201.9769,790.3424,273.4401,551.56,1379.3384,1061.62
31/10/2010,7030.9653,6224.079,6214.556,2053.186,1933.772,403.4599,184.13,207.8658,171.202,433.8954,203.9029,812.892,280.1747,551.89,1408.4775,1105.13
30/11/2010,7058.2958,6210.399,6222.556,2047.045,1942.359,399.12,181.9741,198.1867,168.9913,417.3784,197.0227,790.2238,275.0105,546.12,1439.7479,1108.41
31/12/2010,7088.2356,6212.049,6242.089,2045.288,1952.825,397.2487,180.9248,201.7201,168.2429,422.8288,198.4528,805.9224,279.0002,510.95,1441.8375,1181.75
31/01/2011,7118.6036,6269.21,6308.31,2063.08,1965.792,396.0181,180.8709,201.6531,167.4169,423.5898,199.6585,822.7107,283.7767,520.85,1512.8299,1215
28/02/2011,7145.0127,6295.802,6342.746,2071.834,1975.271,396.7396,181.9607,202.4045,167.3742,426.0836,201.7609,833.8089,287.1984,512.32,1534.5181,1259.16
31/03/2011,7174.9356,6338.792,6390.388,2084.985,1985.251,396.4389,181.7851,203.1104,167.1726,428.0903,202.8748,841.0331,288.5886,509.76,1508.3062,1264.23
30/04/2011,7203.8254,6369.151,6423.589,2095.308,1996.313,400.0332,184.1789,209.8926,168.4109,441.3591,209.4702,860.9316,293.1228,489.13,1469.6872,1303.9
31/05/2011,7233.8284,6450.926,6490.299,2123.685,2006.641,403.9173,186.0344,209.5041,170.0111,441.0128,209.4712,860.802,294.5568,509.86,1492.7254,1292.97
30/06/2011,7263.0668,6486.497,6524.228,2135.441,2015.596,403.1152,185.0049,209.9323,169.7867,441.3473,208.6094,855.1193,292.3487,512.93,1460.3053,1276.34
31/07/2011,7293.4432,6595.058,6600.957,2174.989,2025.35,407.6459,188.3366,214.9518,171.3173,450.4575,213.0896,863.2513,295.3264,509.59,1394.1575,1255.65
31/08/2011,7324.5295,6726.384,6669.863,2223.583,2027.036,412.621,188.0309,219.2547,174.471,456.1867,212.5561,829.8456,283.8393,525.6,1352.6297,1190.15
30/09/2011,7352.8631,6786.933,6699.379,2245.895,2029.71,415.0849,187.56,214.4509,176.263,445.6455,206.2593,788.1234,272.8415,554.68,1385.3121,1102.24
31/10/2011,7383.7549,6748.142,6698.89,2229.376,2038.065,414.6773,190.16,215.8691,174.9999,451.5775,212.3879,841.2463,289.4138,531.79,1409.7145,1216.7
30/11/2011,7412.7251,6865.1,6784.794,2284.789,2044.594,412.4269,186.5949,212.7281,174.6347,443.6969,205.7392,815.0065,282.0403,546.57,1454.1936,1217.3
31/12/2011,7442.6144,6918.604,6813.467,2303.268,2053.097,418.6998,190.1014,214.4933,177.5009,446.6889,207.5586,831.0871,289.1168,552.9,1468.7493,1233.7
31/01/2012,7471.5933,6928.001,6857.319,2299.346,2062.701,422.8371,193.9725,217.8945,178.7736,454.1653,212.8039,862.0333,299.4476,544.28,1484.4872,1291.22
29/02/2012,7496.4329,6913.308,6861.316,2289.667,2080.046,424.3657,195.86,215.7969,179.0542,453.8564,215.9312,891.2932,308.5365,551.29,1523.6746,1349.32
31/03/2012,7525.7035,6972.867,6936.62,2306.155,2094.108,423.7516,195.7227,213.4598,178.5035,450.5883,215.1652,891.9522,308.9902,572.98,1634.0855,1399.74
30/04/2012,7554.1741,7084.014,7016.518,2349.872,2103.831,426.3925,197.2042,216.7447,179.5903,455.9054,217.0532,899.2007,311.7074,580.58,1616.9674,1395.23
31/05/2012,7582.9532,7303.375,7167.568,2432.039,2111.642,430.8311,198.4588,215.3898,182.0889,451.2251,213.501,870.7376,305.4609,604.26,1626.8804,1308.99
30/06/2012,7604.4723,7291.467,7172.504,2422.436,2120.251,430.1245,199.0583,215.6597,181.4206,453.3819,215.972,894.8694,312.5459,595.25,1611.1639,1363.18
31/07/2012,7626.7146,7318.56,7216.8,2428.101,2133.013,435.9534,203.9301,218.0315,183.3883,458.6267,220.0357,910.9633,319.6725,602.71,1590.3458,1385.12
31/08/2012,7649.5272,7364.488,7280.75,2443.005,2147.054,436.9889,205.0349,219.558,183.5334,462.5869,222.7115,930.2816,325.1641,620.75,1655.6202,1419.93
30/09/2012,7673.4863,7436.145,7368.247,2465.141,2162.434,438.7212,206.4,222.3805,184.0826,468.2265,225.6936,950.3466,330.9656,626.25,1688.5922,1459.69
31/10/2012,7696.2444,7437.495,7419.499,2459.484,2177.416,439.9594,208.45,220.9621,184.2437,467.5689,227.9831,962.2079,334.7371,631.72,1658.3723,1436.34
30/11/2012,7715.8188,7438.073,7437.636,2457.542,2185.739,442.1774,209.2113,220.5164,185.5167,467.5198,228.7333,974.124,338.7384,638.7,1660.614,1446.78
31/12/2012,7738.0029,7451.604,7483.231,2458.02,2194.039,442.6318,209.7838,218.4275,185.4772,465.98,230.0021,994.0162,344.7596,647.31,1682.6054,1462.62
31/01/2013,7758.7745,7434.771,7496.992,2449.248,2203.236,440.205,208.0566,215.2758,184.608,461.7416,228.965,1008.623,348.3517,634.8,1760.592,1540.91
28/02/2013,7776.198,7478.948,7539.083,2465.256,2211.978,442.8742,209.6409,212.6893,185.6571,457.3666,227.5238,1004.91,349.7541,646.15,1818.9886,1564.32
31/03/2013,7795.3519,7463.785,7543.331,2458.419,2222.533,445.1631,210.2476,212.0129,187.011,456.2051,227.1618,1007.764,351.8305,630.52,1855.4962,1624.94
30/04/2013,7815.7277,7578.881,7635.235,2499.236,2232.745,450.048,213.6023,214.1983,188.9243,462.5508,232.5165,1032.946,358.8464,651.26,1899.6327,1659.45
31/05/2013,7835.8043,7573.234,7661.051,2493.288,2241.365,443.6341,210.276,206.6856,186.1184,448.7991,226.6712,1022.45,356.5105,676.84,2100.4279,1704.06
30/06/2013,7853.8216,7493.993,7614.125,2464.063,2241.706,437.4596,205.104,205.3709,184.167,443.4867,221.1211,993.2147,346.1352,676.27,2180.1438,1683.06
31/07/2013,7873.7044,7558.104,7694.319,2483.057,2250.581,439.1923,206.8138,208.1171,184.752,449.0582,224.3408,1016.202,352.8913,694.72,2331.465,1773.51
31/08/2013,7891.9222,7533.868,7694.32,2472.337,2257.835,437.5248,205.4489,207.3334,184.215,446.7028,222.6076,1009.586,350.7947,680.59,2278.9001,1724.37
30/09/2013,7908.5767,7571.593,7741.328,2484.034,2266.282,441.0758,207.2,211.622,185.5015,455.886,227.1506,1027.545,354.9137,666.35,2241.3739,1778.48
31/10/2013,7925.8147,7567.338,7753.548,2480.566,2274.512,445.0392,209.9238,213.5865,186.9918,460.3658,230.2166,1053.1424,363.5945,675.03,2313.1783,1862.35
30/11/2013,7942.711,7559.867,7771.633,2475.381,2280.194,444.4295,209.6131,211.0397,186.8362,456.5973,229.8392,1056.95,364.5839,688.07,2478.9903,1923.42
31/12/2013,7959.7696,7599.57,7806.364,2489.429,2286.167,442.0281,208.8811,209.0349,185.6171,453.871,229.7496,1066.835,367.0537,703.33,2590.5494,1975.96
31/01/2014,7977.62,7682.214,7873.274,2518.13,2295.121,448.3776,211.8678,211.8451,188.2845,458.6699,231.4006,1064.586,367.7831,710.4,2552.1577,1909.32
28/02/2014,7993.5207,7708.435,7913.199,2525.279,2302.411,450.5812,213.6877,214.8115,189.0394,465.0965,235.366,1092.263,375.4909,718.74,2615.3422,1996.61
31/03/2014,8010.945,7709.897,7924.914,2524.499,2310.171,451.0242,214.0277,214.5366,189.3182,464.7806,235.6252,1098.524,377.8549,700.79,2539.4738,2016.12
30/04/2014,8028.6851,7779.804,7988.733,2548.295,2317.772,454.1452,216.0775,217.0074,190.3919,470.0404,238.5701,1109.502,381.0369,711.26,2556.5844,2034.47
31/05/2014,8046.7386,7886.606,8068.121,2586.482,2325.101,458.526,218.8673,217.9691,191.9181,472.8242,240.6331,1118.876,385.4803,732.02,2609.522,2084.86
30/06/2014,8064.4587,7950.057,8122.906,2609.45,2332.228,460.0841,219.3852,219.7937,192.6451,476.265,241.9763,1131.474,389.3064,726.84,2628.9504,2130.7
31/07/2014,8083.0004,7973.208,8156.888,2615.991,2340.513,461.0745,219.694,217.6719,193.3936,471.9721,240.3418,1116.554,385.965,737.71,2628.3908,2105.21
31/08/2014,8101.3176,8054.07,8214.588,2645.169,2349.619,466.693,222.6651,218.6058,195.8549,474.5599,242.3496,1123.035,389.4911,739.16,2720.9214,2191.94
30/09/2014,8118.1177,8027.25,8214.546,2633.851,2359.427,465.3177,220.9413,211.154,195.5391,461.3169,236.7418,1094.4261,382.7106,770.97,2867.2926,2162.62
31/10/2014,8136.8824,8104.043,8266.896,2662.488,2364.938,468.7089,222.7454,210.487,196.8803,461.3809,237.81,1101.094,385.8068,778.77,2918.94,2219.35
30/11/2014,8155.1803,8206.773,8333.948,2700.842,2370.193,473.1102,224.3526,208.6842,199.1254,459.6965,238.4569,1093.019,383.6173,799.11,3097.7843,2283.83
31/12/2014,8174.0849,8345.069,8436.255,2749.755,2376.19,475.5595,224.5323,207.3789,200.7332,456.5313,236.496,1066.947,376.5174,811.48,3219.6115,2281.57
31/01/2015,8194.6368,8479.455,8525.009,2797.762,2382.651,484.4286,229.538,207.2904,204.734,455.8092,236.9669,1056.825,377.8529,856.43,3284.6841,2213.94
28/02/2015,8211.7614,8503.182,8573.17,2802.668,2388.955,481.5664,228.3891,204.8146,203.0509,452.1183,235.874,1083.098,387.2622,862.1,3453.4031,2342.84
31/03/2015,8228.6191,8567.781,8622.859,2826.342,2395.919,484.3258,229.2456,202.7175,204.586,447.7604,233.5659,1073.836,387.2378,887.66,3483.5684,2308.28
30/04/2015,8243.4077,8472.851,8583.599,2789.374,2402.323,481.6179,228.0441,204.9885,203.1156,452.5223,235.6145,1100.538,393.7197,873.18,3392.6896,2333.93
31/05/2015,8259.9162,8475.916,8611.308,2788.201,2408.489,479.6215,227.1404,200.0731,201.9931,444.4316,232.9334,1099.962,395.0087,896.19,3545.8838,2365.03
30/06/2015,8274.445,8397.457,8562.584,2759.92,2410.96,473.6929,223.373,199.6997,199.552,442.485,230.4647,1087.602,389.1532,874.73,3452.4302,2322.17
31/07/2015,8289.369,8506.625,8634.632,2799.646,2418.736,478.3845,225.1475,200.1591,201.9091,443.4764,231.2341,1084.254,388.6394,925.76,3715.1588,2377.14
31/08/2015,8304.368,8560.819,8681.495,2817.863,2423.217,477.0913,223.8071,200.9395,201.5021,443.9924,230.1641,1070.713,383.1159,940.76,3586.0926,2231.88
30/09/2015,8318.9991,8582.223,8692.239,2825.792,2423.794,479.9209,224.096,202.6594,203.253,446.2552,229.9649,1046.9512,375.0839,941.66,3549.7307,2178.12
31/10/2015,8334.731,8607.899,8719.631,2834.385,2429.596,481.4774,225.5254,202.8709,203.7777,447.1977,231.3195,1078.4776,386.791,953.99,3780.1731,2361
30/11/2015,8348.6254,8532.5,8679.212,2806.375,2434.812,481.6991,225.7299,198.6844,203.8708,439.7938,228.6133,1058.473,382.7614,941.44,3743.6811,2369.78
31/12/2015,8364.6172,8560.899,8690.7,2817.331,2440.174,480.3956,224.2322,200.5569,203.5407,442.1315,228.0977,1037.933,373.9273,920.04,3655.4902,2335.36
31/01/2016,8381.4305,8665.531,8771.824,2853.71,2444.889,487.4231,225.6668,202.9241,207.5015,445.963,228.5397,1022.48,369.1499,945.45,3577.1294,2218.16
29/02/2016,8396.3397,8755.162,8812.79,2888.549,2446.156,492.1081,227.1522,209.5318,210.1522,455.8935,230.5158,1029.126,371.5303,955.12,3537.2951,2215.88
31/03/2016,8412.9698,8736.497,8814.4,2880.594,2455.438,496.1594,231.6231,215.1692,211.2732,468.2131,238.5504,1080.621,386.9328,919.95,3520.7058,2359.32
30/04/2016,8429.7074,8759.1,8861.638,2886.049,2464.24,497.0019,233.5621,218.7318,211.0823,474.4409,241.4041,1117.801,399.765,945.94,3565.9738,2370.92
31/05/2016,8446.0197,8869.119,8954.82,2924.676,2474.002,499.1028,234.0269,214.9337,212.2675,468.0762,239.5423,1118.168,401.8691,991.23,3815.1217,2416.29
30/06/2016,8459.9423,8986.799,9020.012,2969.583,2476.209,508.6037,238.3386,223.8795,217.1116,481.7451,243.0601,1128.529,406.7329,998.81,3715.6196,2423.64
31/07/2016,8474.5793,9052.886,9071.788,2992.887,2485.279,511.6424,241.8314,224.9542,217.7473,485.3764,246.8958,1157.269,416.8184,995.62,3781.5037,2512.31
31/08/2016,8488.8951,9091.074,9137.6152,3003.23,2496.5,511.3816,242.9004,222.9298,217.0407,483.0188,247.3532,1179.15,425.2026,1022.42,3820.0562,2516.88
30/09/2016,8500.9148,9070.636,9148.148,2994.031,2503.023,511.3205,242.4609,224.7003,216.9673,485.6783,247.3695,1188.365,428.1123,1006.88,3749.9301,2518.39
31/10/2016,8513.3364,8954.859,9096.48,2949.341,2508.016,506.3627,240.4643,216.5012,214.3051,472.1983,242.68,1184.4944,429.0765,999.31,3708.1394,2473.18
30/11/2016,8525.6422,8825.914,9034.955,2899.744,2511.017,497.9996,235.5259,205.7465,210.9787,453.4371,235.6844,1165.7,424.2526,985.53,3957.3075,2567.55
31/12/2016,8538.0156,8810.772,9019.835,2895.322,2515.873,499.3642,236.991,203.8733,211.4045,451.3539,236.4742,1186.09,432.2626,1024.08,4133.6309,2619.52
31/01/2017,8551.42,8864.686,9092.457,2911.872,2525.372,497.5453,237.3064,206.5531,209.9355,456.4424,238.6866,1208.062,438.6317,990.35,4015.6176,2668.33
28/02/2017,8562.9168,8879.933,9122.293,2916.075,2535.639,501.8046,239.9866,207.6745,211.7016,458.5996,240.2098,1223.051,445.3504,996.68,4116.3318,2772.62
31/03/2017,8575.7742,8919.104,9173.688,2928.241,2545.115,501.5731,239.8472,208.129,211.5456,459.3044,240.3338,1223.759,445.2417,1004.33,4138.3433,2776.55
30/04/2017,8588.5097,8986.125,9230.284,2951.292,2548.539,504.9745,241.8838,210.5317,212.8506,464.4815,243.5515,1244.939,451.5066,1043.36,4273.632,2805.64
31/05/2017,8601.2845,9090.844,9325.799,2987.411,2555.668,507.9219,243.9919,213.8568,213.8038,471.6692,247.522,1260.633,455.1636,1058.24,4359.4143,2844.79
30/06/2017,8613.6105,9009.23,9275.671,2957.511,2563.346,506.5003,243.9223,213.0219,213.0652,471.2553,248.5191,1262.754,455.0178,1022.26,4248.3228,2862.42
31/07/2017,8626.1645,9031.5653,9326.7257,2962.4989,2572.6899,508.1654,245.5679,216.9466,213.5218,479.1785,252.6499,1281.756,459.5158,990.04,4171.5956,2919.11
31/08/2017,8638.4207,9031.0328,9343.1757,2961.2929,2579.1146,512.7964,247.7038,219.2423,215.5865,483.9256,254.9016,1289.776,462.1748,1013.75,4211.8108,2927.04
30/09/2017,8650.6537,9002.9105,9339.2302,2949.4339,2584.7087,510.4292,247.0195,216.3899,214.293,479.5665,254.169,1298.5914,465.4187,1024.86,4346.3532,2988.22
31/10/2017,8663.3532,9101.4642,9430.8133,2983.8272,2592.241,512.582,248.4647,215.1929,215.1173,477.752,254.143,1303.4085,468.4224,1050.69,4551.6789,3060.02
30/11/2017,8674.8956,9180.604,9498.2759,3012.2403,2597.4164,513.3761,248.4207,218.5036,215.7134,483.0576,255.7519,1303.8109,466.8118,1061.6,4752.6941,3153.44
31/12/2017,8687.3273,9132.8454,9478.684,2993.572,2602.6716,514.5237,249.6958,218.7396,215.9308,484.7313,257.5914,1309.8409,468.6428,1034.25,4651.9997,3185.81
31/01/2018,8700.8665,9108.3998,9481.4424,2983.1227,2609.4181,510.8506,247.9472,222.6864,214.5378,490.5078,259.1706,1325.4897,471.0993,1001.33,4771.0568,3361.05
28/02/2018,8712.507,9135.1056,9516.0342,2991.3772,2613.6234,509.6988,245.8308,221.8403,214.7446,486.1554,254.6472,1307.0181,466.5836,1014.72,4749.7266,3230.74
31/03/2018,8724.5553,9212.0506,9555.3085,3020.9885,2614.21,513.9247,246.6038,225.0615,217.1628,491.33,255.9514,1305.1303,465.3102,1033.93,4698.9552,3145.09
30/04/2018,8738.8689,9180.1125,9545.3583,3007.5917,2620.5058,512.0125,245.4211,220.5443,216.4674,483.4603,252.9643,1302.1558,465.9485,1036.09,4796.9811,3156.95
31/05/2018,8753.9582,9243.0869,9592.1908,3030.479,2625.2387,513.9254,246.2844,218.436,217.0585,479.7931,250.9838,1282.5434,462.0116,1022.29,4900.1432,3230.38
30/06/2018,8767.2109,9287.1947,9624.8765,3046.1193,2629.8028,514.8833,245.8431,217.139,217.8149,477.6598,250.023,1276.7616,460.1918,1035.56,5044.9559,3248.42
31/07/2018,8783.8937,9302.0087,9647.9787,3050.2755,2637.5859,515.0244,247.2229,216.0133,217.4618,476.8624,251.3588,1297.8874,467.8846,1050.79,5202.4512,3366.93
31/08/2018,8798.5998,9377.4593,9720.9145,3076.1038,2644.9155,516.6072,248.3898,215.9332,217.7288,477.3626,251.8506,1284.472,463.7327,1066.44,5558.8274,3477.52
30/09/2018,8812.485,9337.6151,9707.6461,3060.3408,2650.6798,514.631,247.6617,213.3933,216.9067,473.2476,250.8706,1302.0689,470.3493,1078.09,5553.3367,3495.95
31/10/2018,8827.2973,9382.845,9754.4657,3075.5215,2656.661,513.6254,245.8611,211.4854,217.1151,467.9611,246.8347,1278.3626,463.9534,1078.33,5293.0015,3250.28
30/11/2018,8840.9402,9405.6313,9762.4477,3084.1243,2658.9472,516.1384,245.5853,212.4117,218.5793,469.4245,246.3147,1266.1663,459.7701,1040.98,5234.3156,3310.38
31/12/2018,8854.3992,9547.0307,9850.7292,3136.7849,2662.213,523.5938,248.5302,217.9141,222.0263,478.9153,249.4231,1256.6684,455.8972,1094.28,4933.1725,2997.87
31/01/2019,8870.3641,9608.1301,9902.1478,3158.2229,2669.7932,529.1397,252.9712,220.9748,223.8593,486.2068,254.7052,1311.829,475.5625,1106.65,5160.6916,3225.62
28/02/2019,8885.7106,9698.2028,9988.0059,3189.6468,2681.3518,529.7755,254.0063,218.7624,223.8619,483.4082,255.0622,1330.043,482.7956,1140.67,5456.193,3329.58
31/03/2019,8900.4064,9874.8648,10131.7187,3252.3788,2691.9634,539.264,259.3307,221.4048,227.8069,489.4602,258.9447,1336.199,486.4486,1157.56,5563.7488,3391.05
30/04/2019,8914.9748,9902.9428,10189.3643,3259.6368,2701.2685,539.5853,260.7766,220.0047,227.4426,488.0109,259.9339,1347.475,490.9004,1166.51,5826.7879,3526.75
31/05/2019,8928.4326,10071.3883,10310.3512,3321.253,2705.9467,547.3496,263.7403,223.8505,231.1724,494.6193,261.8545,1333.475,486.7639,1193.33,5550.1726,3293.82
30/06/2019,8940.2572,10176.1793,10402.1799,3357.9271,2712.6137,555.0245,268.9627,228.9185,234.2758,505.5858,268.7458,1375.872,500.7311,1215.81,5874.3471,3518.68
31/07/2019,8950.9697,10272.7721,10508.4828,3390.7311,2725.0128,559.3918,271.3756,227.8868,236.2179,504.1809,268.7635,1381.765,505.0982,1253.02,6071.3542,3565.48
31/08/2019,8958.4518,10428.0767,10599.886,3449.0305,2723.7941,572.0779,277.8194,233.7936,242.4453,514.4333,274.0114,1360.27,498.2785,1288.73,6111.9723,3500.46
30/09/2019,8966.0263,10377.2452,10585.5961,3429.204,2727.0306,569.427,276.3829,230.6781,241.1157,509.2007,271.8498,1366.718,501.4491,1280.09,6206.9176,3561.01
31/10/2019,8973.2653,10326.3964,10559.7633,3409.6634,2730.7271,568.444,277.1415,231.7815,240.0175,512.5915,274.7811,1377.749,503.5583,1258.73,6212.4536,3631.02
30/11/2019,8980.6424,10411.2755,10636.1523,3439.0997,2735.2713,567.7772,277.4735,229.0741,239.244,508.7047,273.9729,1378.84,505.0087,1279.69,6555.9881,3759.72
31/12/2019,8987.126,10240.2059,10545.975,3374.0266,2739.4184,566.6131,277.9766,230.0931,238.1246,511.6712,276.2056,1414.563,516.6972,1255.45,6503.401,3864.69
31/01/2020,8994.4549,10478.5936,10719.6292,3461.2015,2744.8676,576.8384,283.6831,233.3239,242.8079,518.2026,280.4755,1416.367,518.5737,1339.67,6817.9511,3860.08
29/02/2020,9001.2363,10568.6774,10782.1933,3494.2394,2747.0007,583.8984,286.2055,235.344,246.3965,521.688,281.5281,1390.434,510.2308,1371.16,6456.2464,3522.85
31/03/2020,9010.1785,10546.0791,10624.9104,3494.3563,2721.3174,574.811,268.9158,233.2666,246.2054,509.9988,263.2764,1202.082,441.6207,1275.26,6018.598,3054.17
30/04/2020,9014.4557,10538.7742,10637.2941,3487.7499,2743.8607,584.1165,279.3136,236.3295,248.3067,520.0118,273.8236,1254.603,460.9933,1219,6350.9301,3423.18
31/05/2020,9015.2583,10568.8501,10715.1428,3494.989,2752.6563,585.772,282.94,236.3371,248.1003,522.2931,278.1665,1318.625,483.5853,1266.21,6536.2055,3581.57
30/06/2020,9015.9344,10601.5495,10792.5699,3503.4754,2759.0758,588.6954,287.5208,237.513,248.366,526.9333,283.4922,1348.645,493.8946,1255.99,6425.244,3648.36
31/07/2020,9016.7537,10640.9946,10890.6259,3513.3774,2770.6493,595.1285,294.4503,245.4586,250.3537,543.739,295.1383,1410.006,511.7643,1255.74,6544.354,3841.1
31/08/2020,9017.5917,10596.0866,10903.1591,3494.5559,2773.3535,590.816,292.3914,244.5188,247.9782,542.91,294.4702,1433.082,519.0447,1217.89,6783.168,4104.84
30/09/2020,9018.238,10710.0464,10954.9849,3536.8962,2773.8952,592.9743,292.4084,244.1585,249.555,540.9572,292.1573,1406.305,511.4287,1234.31,6724.6784,3942.41
31/10/2020,9019.2423,10739.8829,11015.8948,3545.4267,2782.6926,593.0175,292.7014,244.4729,249.4214,541.4746,291.9039,1407.332,512.4263,1259.53,6687.5971,3835.12
30/11/2020,9019.8757,10728.2049,11102.4914,3537.0363,2788.614,596.4012,298.1484,248.2975,249.7505,551.3198,300.1232,1477.503,535.376,1246.72,7078.7564,4234.29
31/12/2020,9020.107,10699.0108,11103.2263,3525.9955,2788.5834,598.2335,299.6001,251.9457,250.3058,558.7254,303.9205,1513.969,546.3192,1213.51,7028.7166,4388.1
31/01/2021,9020.2185,10654.1519,11107.179,3507.8654,2791.1511,595.0246,297.4802,249.0309,248.7667,553.8047,301.133,1511.478,546.1431,1206.79,7003.606,4340.96
28/02/2021,9020.1774,10272.6386,10923.905,3368.2144,2790.663,585.7689,293.0176,243.5409,244.1412,544.272,296.8011,1513.531,546.8677,1163.82,7123.1093,4457.68
31/03/2021,9020.3602,10354.8566,10944.8969,3399.3821,2790.9214,583.461,290.3646,238.11,243.6718,533.802,291.2494,1499.526,545.1408,1167.62,7537.5019,4651.25
30/04/2021,9020.6209,10413.0677,11004.535,3419.1739,2792.7699,584.9863,292.1934,241.0313,243.8129,540.5455,295.1982,1528.059,553.1867,1175.44,7842.9755,4893.6
31/05/2021,9020.9759,10440.6633,11028.2746,3429.0071,2794.7688,586.292,293.4924,243.3193,244.2529,545.6221,298.2415,1542.389,556.5663,1187.71,7894.6603,4924.82
30/06/2021,9021.2117,10512.5094,11064.2369,3455.5953,2796.8832,589.1514,296.472,240.3335,245.238,540.8085,298.0625,1545.413,561.148,1232.96,8312.7804,5039.86
31/07/2021,9021.4818,10697.5997,11175.1147,3522.509,2800.0414,596.4737,300.0455,244.1924,248.7366,548.0067,301.6194,1547.059,561.7453,1265.47,8687.5319,5159.83
31/08/2021,9021.6194,10707.3585,11182.2662,3526.1368,2801.4965,595.2787,299.5877,243.0163,248.1103,545.7278,300.4812,1556.907,565.9643,1282.77,8992.0957,5314.2
30/09/2021,9021.669,10545.1507,11093.8982,3467.0195,2799.7923,589.6586,296.667,237.6679,245.4101,536.0307,295.6578,1539.749,561.9059,1274.69,8690.2365,5061.41
31/10/2021,9021.5736,10170.2805,10788.0587,3337.1783,2797.1196,588.1166,296.3593,236.5804,244.7259,534.7351,295.6903,1531.508,558.9276,1224.85,8930.0594,5401.8
30/11/2021,9022.074,10381.9496,10901.4239,3414.5953,2796.5726,592.3118,297.0856,236.5369,247.3858,533.171,293.3435,1501.108,551.0898,1276.61,9378.6957,5358.2
31/12/2021,9022.4013,10391.4514,10922.0666,3417.034,2797.6113,589.9096,296.7566,235.3109,245.6444,532.4266,294.17,1528.887,560.143,1263.67,9562.7445,5591.02
31/01/2022,9022.8544,10285.4725,10860.0429,3378.6706,2798.0187,580.6413,289.4196,230.8782,242.3199,521.5153,285.4802,1490.077,547.5697,1264.52,9343.9544,5290.42
28/02/2022,9023.3135,10161.0143,10743.9603,3336.0934,2797.8061,572.9179,282.7823,228.7795,239.8434,515.3167,279.1463,1454.397,534.3109,1163.61,8826.4429,5129.81
31/03/2022,9023.6186,9780.232,10416.2959,3205.247,2789.7745,560.5679,276.1504,220.6635,234.7993,499.6239,271.662,1441.915,530.983,1113.17,8856.1816,5308.99
30/04/2022,9022.1771,9634.7376,10276.5752,3155.7605,2788.3585,545.5017,265.1846,207.7757,229.603,472.2504,256.0767,1375.709,512.3243,1113.35,8554.0741,4811.35
31/05/2022,9025.3218,9549.3921,10217.0671,3124.7921,2786.2431,544.7513,265.5155,207.7595,228.3746,473.5394,257.4663,1374.428,510.519,1099.47,8447.0493,4816.26
30/06/2022,9029.857,9408.0855,10080.2492,3077.0685,2787.6155,536.4839,258.6689,200.4458,225.8251,458.3446,248.3607,1270.984,474.8374,1079.91,8057.8474,4396.33
31/07/2022,9040.938,9723.8781,10322.5186,3187.0158,2794.2669,550.1486,266.8539,204.1786,230.7918,468.0885,254.7118,1322.381,496.2812,1103.9,8717.5962,4793.92
31/08/2022,9054.9316,9476.5191,10175.9976,3098.7651,2804.0604,535.7867,258.9386,195.4877,225.0645,449.6171,245.345,1302.407,490.593,1110.41,8510.8697,4591.18
30/09/2022,9068.1411,9347.4041,10073.5527,3054.5286,2807.5546,518.5866,247.6461,185.2683,218.9746,426.5159,232.0125,1236.149,468.3871,1112.09,8238.7319,4133.08
31/10/2022,9090.1276,9434.0299,10113.1166,3085.8649,2811.9263,516.8117,246.2345,183.9951,218.7023,423.5826,231.3414,1262.663,477.6499,1118.87,8953.1089,4466.06
30/11/2022,9112.7718,9580.1277,10249.8438,3134.6983,2823.8828,529.9816,256.4463,192.8156,222.7235,443.5168,243.7945,1325.917,498.041,1140.46,9009.7213,4699.72
31/12/2022,9135.5226,9382.8221,10185.9874,3060.7473,2833.4315,523.7268,254.5554,194.1942,219.1159,445.9152,244.2721,1334.639,498.2478,1126.67,8355.2666,4422.18
31/01/2023,9159.8079,9641.3452,10408.982,3150.4617,2845.4218,535.7896,262.6477,200.1751,223.2506,460.5541,253.426,1390.396,517.4664,1123.78,8590.4669,4682.37
28/02/2023,9181.8089,9513.7633,10344.3774,3104.7069,2857.7209,527.2437,256.6614,193.0421,220.505,445.2434,245.4711,1364.076,510.2164,1147.35,8748.862,4557.21
31/03/2023,9207.8801,9814.2073,10535.9262,3210.8542,2865.1431,538.935,262.1485,200.1739,225.9501,459.3227,252.4123,1376.641,512.6685,1172.61,9141.6666,4717.98
30/04/2023,9235.9178,9833.1446,10583.4495,3215.1133,2878.3703,541.7096,264.1582,200.302,226.7884,461.3495,255.3835,1385.417,514.4525,1193.13,9399.411,4787.05
31/05/2023,9263.146,9714.6324,10529.414,3171.7165,2888.0885,539.577,262.0225,195.9056,226.1265,452.3312,250.621,1369.465,511.9978,1210.33,9662.2383,4800.01
30/06/2023,9291.0301,9524.7953,10415.3001,3104.0047,2899.8478,539.255,262.1803,195.2959,225.9773,452.2958,252.6202,1404.411,522.872,1195.91,9985.5692,5102.47
31/07/2023,9325.7133,9574.2362,10503.4672,3118.5627,2913.2851,539.4296,263.6475,196.4724,225.4139,455.4279,254.8837,1431.894,532.1231,1205.03,10220.5332,5257.07
31/08/2023,9359.785,9645.0441,10607.0913,3140.2494,2926.7914,538.7518,262.7875,193.2694,225.2929,449.1976,252.3738,1424.61,531.2111,1235.04,10454.2101,5163.36
30/09/2023,9391.3637,9497.9122,10546.0889,3085.5253,2937.6609,529.461,257.935,187.1461,221.7532,436.0752,245.518,1401.972,525.5835,1205.73,10000.5946,4908.89
31/10/2023,9422.8006,9322.2799,10464.3773,3020.9525,2948.5927,525.7017,255.5601,184.841,220.5117,430.8629,242.7519,1388.692,520.9369,1207.32,9947.8587,4797
30/11/2023,9455.7748,9599.5185,10657.2101,3119.5229,2961.9868,543.7769,266.6939,193.9728,227.1741,452.5896,256.0998,1463.106,545.5255,1225.82,10419.1437,5207.43
31/12/2023,9490.6765,9857.4659,10880.942,3208.5779,2977.0413,561.1551,276.6502,202.3103,233.8481,471.3998,266.8464,1521.999,566.3302,1241.5,10524.7546,5429.31
31/01/2024,9525.7561,9877.8103,10925.8406,3214.0589,2990.1043,560.0552,276.3229,198.5344,233.23,464.8953,264.9806,1519.125,567.0713,1271.52,11090.9438,5514.72
29/02/2024,9558.588,9848.1321,10931.014,3201.971,3006.0855,556.2123,273.4905,195.9522,232.08,459.0528,261.6106,1531.19,572.164,1300.17,11864.8517,5804.14
31/03/2024,9593.6762,9958.6019,11029.5921,3239.7001,3021.1198,561.2279,276.7967,196.4636,233.8183,461.58,264.489,1554.347,581.1497,1320.05,12201.4938,5982.86
30/04/2024,9627.4782,9760.979,10929.0186,3167.0142,3035.5341,552.1918,271.7464,190.9873,230.3815,449.9313,258.5662,1541.284,577.4523,1299.72,11759.0619,5730.87
31/05/2024,9663.5529,9799.3557,11005.5241,3177.4533,3050.8498,557.0779,275.3531,192.7576,231.5121,455.8279,263.2809,1564.215,584.5193,1292.71,12055.9361,6003.57
30/06/2024,9697.3938,9875.0954,11054.4633,3204.7502,3063.3939,561.9117,277.2743,192.4899,233.5055,456.4821,263.9849,1570.462,588.3223,1294.84,12426.7384,6210.37
31/07/2024,9733.6339,10021.1279,11226.4559,3251.8537,3079.4123,572.7672,283.1238,198.6166,237.7145,469.0874,270.2776,1601.219,598.8655,1347.31,12853.4058,6280.71
31/08/2024,9770.4144,10142.1577,11330.6016,3293.4414,3092.6165,579.0404,286.5207,203.8245,240.18,480.186,275.6983,1636.03,609.4511,1332.43,12722.9812,6416.13
